timestamp,building,temp,ac_kwh,fan_kwh,lights_kwh,geyser_kwh,fridge_kwh,total_kwh
2026-01-01 00:00:00,Hostel A,20.062,0.0,6.184,4.08,0.0,0.846,11.111
2026-01-01 01:00:00,Hostel A,17.764,9.163,6.775,6.202,0.0,0.816,22.956
2026-01-01 02:00:00,Hostel A,18.955,9.163,6.511,6.202,0.0,0.824,22.7
2026-01-01 03:00:00,Hostel A,18.941,9.163,6.558,6.202,0.0,0.865,22.788
2026-01-01 04:00:00,Hostel A,16.253,9.163,6.394,6.202,0.0,0.893,22.652
2026-01-01 05:00:00,Hostel A,17.502,9.163,6.569,6.202,9.645,0.812,32.391
2026-01-01 06:00:00,Hostel A,19.885,0.0,5.906,4.08,10.775,0.859,21.619
2026-01-01 07:00:00,Hostel A,20.684,0.0,6.296,0.0,14.401,0.833,21.529
2026-01-01 08:00:00,Hostel A,22.43,0.0,5.966,0.0,12.185,0.861,19.011
2026-01-01 09:00:00,Hostel A,23.147,0.0,2.517,0.0,0.0,0.877,3.394
2026-01-01 10:00:00,Hostel A,26.432,0.405,2.427,0.0,0.0,0.876,3.708
2026-01-01 11:00:00,Hostel A,27.778,2.211,2.477,0.0,0.0,0.875,5.563
2026-01-01 12:00:00,Hostel A,28.309,2.504,2.812,0.0,0.0,0.88,6.196
2026-01-01 13:00:00,Hostel A,30.323,4.678,2.675,0.0,0.0,0.817,8.17
2026-01-01 14:00:00,Hostel A,30.263,4.466,2.366,0.0,0.0,0.856,7.688
2026-01-01 15:00:00,Hostel A,29.141,4.084,2.816,0.0,0.0,0.834,7.733
2026-01-01 16:00:00,Hostel A,30.164,4.113,2.887,0.0,0.0,0.893,7.892
2026-01-01 17:00:00,Hostel A,28.237,2.189,2.87,0.0,0.0,0.88,5.939
2026-01-01 18:00:00,Hostel A,29.121,7.458,6.887,4.08,0.0,0.82,19.245
2026-01-01 19:00:00,Hostel A,26.95,2.718,7.129,4.08,0.0,0.832,14.759
2026-01-01 20:00:00,Hostel A,25.368,0.0,6.549,4.08,0.0,0.851,11.48
2026-01-01 21:00:00,Hostel A,23.319,0.0,7.087,4.08,0.0,0.897,12.063
2026-01-01 22:00:00,Hostel A,23.67,0.0,7.067,4.08,0.0,0.82,11.967
2026-01-01 23:00:00,Hostel A,20.845,0.0,6.159,4.08,0.0,0.861,11.1
2026-01-02 00:00:00,Hostel A,19.329,0.0,6.945,4.08,0.0,0.841,11.866
2026-01-02 01:00:00,Hostel A,18.452,12.316,6.844,6.987,0.0,0.868,27.015
2026-01-02 02:00:00,Hostel A,18.737,12.316,6.82,6.987,0.0,0.868,26.991
2026-01-02 03:00:00,Hostel A,18.365,12.316,6.992,6.987,0.0,0.832,27.126
2026-01-02 04:00:00,Hostel A,18.617,12.316,6.261,6.987,0.0,0.881,26.444
2026-01-02 05:00:00,Hostel A,19.235,12.316,6.283,6.987,13.626,0.818,40.03
2026-01-02 06:00:00,Hostel A,21.899,0.0,6.626,4.08,10.779,0.884,22.369
2026-01-02 07:00:00,Hostel A,20.594,0.0,6.766,0.0,11.54,0.829,19.135
2026-01-02 08:00:00,Hostel A,21.935,0.0,6.968,0.0,12.588,0.863,20.42
2026-01-02 09:00:00,Hostel A,23.186,0.0,2.867,0.0,0.0,0.841,3.708
2026-01-02 10:00:00,Hostel A,26.169,0.208,2.776,0.0,0.0,0.865,3.849
2026-01-02 11:00:00,Hostel A,28.129,2.158,2.915,0.0,0.0,0.834,5.907
2026-01-02 12:00:00,Hostel A,28.129,2.68,2.457,0.0,0.0,0.861,5.999
2026-01-02 13:00:00,Hostel A,28.356,2.425,2.911,0.0,0.0,0.811,6.146
2026-01-02 14:00:00,Hostel A,28.971,3.637,2.39,0.0,0.0,0.844,6.871
2026-01-02 15:00:00,Hostel A,30.651,4.478,2.679,0.0,0.0,0.884,8.041
2026-01-02 16:00:00,Hostel A,30.539,4.685,2.405,0.0,0.0,0.852,7.942
2026-01-02 17:00:00,Hostel A,29.739,4.221,2.686,0.0,0.0,0.855,7.762
2026-01-02 18:00:00,Hostel A,27.577,4.311,6.269,4.08,0.0,0.866,15.526
2026-01-02 19:00:00,Hostel A,27.232,3.751,5.829,4.08,0.0,0.849,14.509
2026-01-02 20:00:00,Hostel A,25.67,0.0,6.638,4.08,0.0,0.888,11.606
2026-01-02 21:00:00,Hostel A,24.219,0.0,6.756,4.08,0.0,0.846,11.682
2026-01-02 22:00:00,Hostel A,23.319,0.0,5.961,4.08,0.0,0.895,10.936
2026-01-02 23:00:00,Hostel A,21.224,0.0,6.704,4.08,0.0,0.889,11.673
2026-01-03 00:00:00,Hostel A,20.436,0.0,5.073,3.468,0.0,0.848,9.388
2026-01-03 01:00:00,Hostel A,18.871,13.634,5.022,6.799,0.0,0.843,26.298
2026-01-03 02:00:00,Hostel A,18.494,13.634,5.034,6.799,0.0,0.871,26.338
2026-01-03 03:00:00,Hostel A,18.631,13.634,5.582,6.799,0.0,0.878,26.893
2026-01-03 04:00:00,Hostel A,16.747,13.634,5.8,6.799,0.0,0.827,27.06
2026-01-03 05:00:00,Hostel A,18.484,13.634,5.58,6.799,14.42,0.832,41.265
2026-01-03 06:00:00,Hostel A,19.287,0.0,5.838,3.468,11.406,0.823,21.535
2026-01-03 07:00:00,Hostel A,20.361,0.0,5.573,0.0,15.862,0.878,22.313
2026-01-03 08:00:00,Hostel A,22.172,0.0,5.823,0.0,10.772,0.874,17.469
2026-01-03 09:00:00,Hostel A,25.495,0.0,2.487,0.0,0.0,0.827,3.314
2026-01-03 10:00:00,Hostel A,24.687,0.0,2.195,0.0,0.0,0.858,3.053
2026-01-03 11:00:00,Hostel A,27.968,1.661,2.074,0.0,0.0,0.879,4.614
2026-01-03 12:00:00,Hostel A,26.56,0.579,2.067,0.0,0.0,0.895,3.541
2026-01-03 13:00:00,Hostel A,28.861,2.542,2.298,0.0,0.0,0.826,5.666
2026-01-03 14:00:00,Hostel A,29.958,3.871,2.273,0.0,0.0,0.837,6.982
2026-01-03 15:00:00,Hostel A,30.586,4.373,2.091,0.0,0.0,0.841,7.306
2026-01-03 16:00:00,Hostel A,30.507,4.843,2.44,0.0,0.0,0.866,8.149
2026-01-03 17:00:00,Hostel A,29.989,3.278,2.477,0.0,0.0,0.822,6.578
2026-01-03 18:00:00,Hostel A,27.894,3.768,5.163,3.468,0.0,0.827,13.226
2026-01-03 19:00:00,Hostel A,26.538,1.151,5.106,3.468,0.0,0.88,10.605
2026-01-03 20:00:00,Hostel A,26.411,0.923,5.115,3.468,0.0,0.859,10.365
2026-01-03 21:00:00,Hostel A,23.809,0.0,5.325,3.468,0.0,0.824,9.618
2026-01-03 22:00:00,Hostel A,21.171,0.0,5.891,3.468,0.0,0.845,10.204
2026-01-03 23:00:00,Hostel A,19.867,0.0,5.579,3.468,0.0,0.822,9.869
2026-01-04 00:00:00,Hostel A,18.838,0.0,4.937,3.468,0.0,0.843,9.248
2026-01-04 01:00:00,Hostel A,19.301,0.0,5.429,3.468,0.0,0.846,9.743
2026-01-04 02:00:00,Hostel A,18.347,0.0,4.965,3.468,0.0,0.82,9.253
2026-01-04 03:00:00,Hostel A,18.69,0.0,5.348,3.468,0.0,0.815,9.632
2026-01-04 04:00:00,Hostel A,17.777,0.0,5.345,3.468,0.0,0.889,9.702
2026-01-04 05:00:00,Hostel A,18.962,0.0,5.642,3.468,12.095,0.89,22.095
2026-01-04 06:00:00,Hostel A,20.383,0.0,5.522,3.468,14.903,0.81,24.703
2026-01-04 07:00:00,Hostel A,20.691,0.0,5.917,0.0,10.801,0.868,17.585
2026-01-04 08:00:00,Hostel A,22.904,0.0,4.875,0.0,15.593,0.818,21.286
2026-01-04 09:00:00,Hostel A,23.338,0.0,2.386,0.0,0.0,0.883,3.269
2026-01-04 10:00:00,Hostel A,25.19,0.0,2.011,0.0,0.0,0.889,2.9
2026-01-04 11:00:00,Hostel A,26.618,0.548,2.151,0.0,0.0,0.865,3.565
2026-01-04 12:00:00,Hostel A,27.047,1.047,2.439,0.0,0.0,0.865,4.351
2026-01-04 13:00:00,Hostel A,29.683,3.47,2.344,0.0,0.0,0.843,6.658
2026-01-04 14:00:00,Hostel A,29.326,3.158,2.085,0.0,0.0,0.832,6.075
2026-01-04 15:00:00,Hostel A,30.012,3.254,2.244,0.0,0.0,0.855,6.354
2026-01-04 16:00:00,Hostel A,30.276,4.293,2.36,0.0,0.0,0.822,7.475
2026-01-04 17:00:00,Hostel A,29.643,3.9,2.468,0.0,0.0,0.871,7.238
2026-01-04 18:00:00,Hostel A,28.908,5.85,5.625,3.468,0.0,0.852,15.795
2026-01-04 19:00:00,Hostel A,26.902,1.978,4.885,3.468,0.0,0.826,11.157
2026-01-04 20:00:00,Hostel A,25.13,0.0,5.462,3.468,0.0,0.863,9.793
2026-01-04 21:00:00,Hostel A,23.92,0.0,5.041,3.468,0.0,0.882,9.39
2026-01-04 22:00:00,Hostel A,20.76,0.0,4.913,3.468,0.0,0.863,9.244
2026-01-04 23:00:00,Hostel A,19.553,0.0,5.582,3.468,0.0,0.858,9.907
2026-01-05 00:00:00,Hostel A,18.435,0.0,6.821,4.08,0.0,0.886,11.788
2026-01-05 01:00:00,Hostel A,17.807,0.0,5.763,4.08,0.0,0.811,10.654
2026-01-05 02:00:00,Hostel A,18.604,0.0,6.831,4.08,0.0,0.866,11.776
2026-01-05 03:00:00,Hostel A,17.095,0.0,6.721,4.08,0.0,0.847,11.648
2026-01-05 04:00:00,Hostel A,17.826,0.0,6.786,4.08,0.0,0.827,11.693
2026-01-05 05:00:00,Hostel A,20.103,0.0,6.061,4.08,13.883,0.898,24.922
2026-01-05 06:00:00,Hostel A,19.401,0.0,6.274,4.08,11.11,0.846,22.311
2026-01-05 07:00:00,Hostel A,21.738,0.0,5.883,0.0,10.333,0.84,17.057
2026-01-05 08:00:00,Hostel A,21.513,0.0,6.053,0.0,10.44,0.825,17.318
2026-01-05 09:00:00,Hostel A,23.795,0.0,2.53,0.0,0.0,0.9,3.43
2026-01-05 10:00:00,Hostel A,24.603,0.0,2.54,0.0,0.0,0.887,3.427
2026-01-05 11:00:00,Hostel A,26.661,0.801,2.455,0.0,0.0,0.816,4.073
2026-01-05 12:00:00,Hostel A,29.083,3.767,2.463,0.0,0.0,0.861,7.091
2026-01-05 13:00:00,Hostel A,27.469,1.768,2.882,0.0,0.0,0.823,5.474
2026-01-05 14:00:00,Hostel A,30.23,3.927,2.813,0.0,0.0,0.874,7.614
2026-01-05 15:00:00,Hostel A,30.238,5.068,2.555,0.0,0.0,0.854,8.476
2026-01-05 16:00:00,Hostel A,29.201,4.189,2.909,0.0,0.0,0.82,7.919
2026-01-05 17:00:00,Hostel A,27.75,1.775,2.492,0.0,0.0,0.86,5.128
2026-01-05 18:00:00,Hostel A,28.315,5.772,6.293,4.08,0.0,0.892,17.037
2026-01-05 19:00:00,Hostel A,26.471,1.416,6.874,4.08,0.0,0.841,13.21
2026-01-05 20:00:00,Hostel A,25.786,0.0,6.344,4.08,0.0,0.815,11.239
2026-01-05 21:00:00,Hostel A,24.022,0.0,6.047,4.08,0.0,0.895,11.022
2026-01-05 22:00:00,Hostel A,24.049,0.0,6.238,4.08,0.0,0.823,11.141
2026-01-05 23:00:00,Hostel A,20.761,0.0,6.427,4.08,0.0,0.853,11.36
2026-01-06 00:00:00,Hostel A,18.734,0.0,6.598,4.08,0.0,0.859,11.537
2026-01-06 01:00:00,Hostel A,18.983,0.0,6.291,4.08,0.0,0.831,11.203
2026-01-06 02:00:00,Hostel A,18.424,0.0,6.328,4.08,0.0,0.826,11.234
2026-01-06 03:00:00,Hostel A,19.359,0.0,6.089,4.08,0.0,0.82,10.989
2026-01-06 04:00:00,Hostel A,19.04,0.0,6.476,4.08,0.0,0.816,11.373
2026-01-06 05:00:00,Hostel A,19.161,0.0,6.025,4.08,10.658,0.856,21.619
2026-01-06 06:00:00,Hostel A,21.221,0.0,6.951,4.08,11.043,0.886,22.96
2026-01-06 07:00:00,Hostel A,19.811,0.0,6.779,0.0,11.769,0.821,19.37
2026-01-06 08:00:00,Hostel A,21.807,0.0,6.298,0.0,10.87,0.873,18.041
2026-01-06 09:00:00,Hostel A,23.073,0.0,2.791,0.0,0.0,0.847,3.639
2026-01-06 10:00:00,Hostel A,25.163,0.0,2.356,0.0,0.0,0.813,3.169
2026-01-06 11:00:00,Hostel A,25.623,0.0,2.555,0.0,0.0,0.858,3.413
2026-01-06 12:00:00,Hostel A,28.878,3.412,2.611,0.0,0.0,0.833,6.856
2026-01-06 13:00:00,Hostel A,28.974,3.658,2.628,0.0,0.0,0.864,7.151
2026-01-06 14:00:00,Hostel A,28.325,2.914,2.792,0.0,0.0,0.841,6.547
2026-01-06 15:00:00,Hostel A,28.984,3.895,2.918,0.0,0.0,0.87,7.683
2026-01-06 16:00:00,Hostel A,30.109,4.862,2.575,0.0,0.0,0.893,8.331
2026-01-06 17:00:00,Hostel A,30.034,4.928,2.558,0.0,0.0,0.832,8.318
2026-01-06 18:00:00,Hostel A,30.239,11.509,6.584,4.08,0.0,0.895,23.068
2026-01-06 19:00:00,Hostel A,29.914,12.149,6.114,4.08,0.0,0.828,23.171
2026-01-06 20:00:00,Hostel A,25.967,0.0,5.914,4.08,0.0,0.816,10.81
2026-01-06 21:00:00,Hostel A,23.01,0.0,7.085,4.08,0.0,0.827,11.992
2026-01-06 22:00:00,Hostel A,20.315,0.0,6.868,4.08,0.0,0.883,11.831
2026-01-06 23:00:00,Hostel A,21.268,0.0,7.081,4.08,0.0,0.871,12.032
2026-01-07 00:00:00,Hostel A,18.944,0.0,6.023,4.08,0.0,0.897,11.0
2026-01-07 01:00:00,Hostel A,18.388,0.0,5.737,4.08,0.0,0.874,10.691
2026-01-07 02:00:00,Hostel A,17.592,0.0,6.336,4.08,0.0,0.847,11.264
2026-01-07 03:00:00,Hostel A,17.859,0.0,7.045,4.08,0.0,0.89,12.016
2026-01-07 04:00:00,Hostel A,19.27,0.0,5.91,4.08,0.0,0.896,10.886
2026-01-07 05:00:00,Hostel A,18.961,0.0,5.879,4.08,13.779,0.881,24.62
2026-01-07 06:00:00,Hostel A,19.599,0.0,5.81,4.08,15.385,0.86,26.136
2026-01-07 07:00:00,Hostel A,19.964,0.0,6.804,0.0,15.79,0.884,23.479
2026-01-07 08:00:00,Hostel A,20.772,0.0,6.834,0.0,13.234,0.826,20.895
2026-01-07 09:00:00,Hostel A,23.514,0.0,2.761,0.0,0.0,0.891,3.652
2026-01-07 10:00:00,Hostel A,25.499,0.0,2.383,0.0,0.0,0.9,3.283
2026-01-07 11:00:00,Hostel A,28.768,3.253,2.777,0.0,0.0,0.87,6.9
2026-01-07 12:00:00,Hostel A,28.373,2.834,2.616,0.0,0.0,0.828,6.278
2026-01-07 13:00:00,Hostel A,30.179,4.369,2.445,0.0,0.0,0.823,7.637
2026-01-07 14:00:00,Hostel A,29.296,4.141,2.526,0.0,0.0,0.896,7.563
2026-01-07 15:00:00,Hostel A,28.815,2.828,2.647,0.0,0.0,0.888,6.363
2026-01-07 16:00:00,Hostel A,28.83,2.719,2.546,0.0,0.0,0.877,6.142
2026-01-07 17:00:00,Hostel A,28.471,3.217,2.922,0.0,0.0,0.895,7.035
2026-01-07 18:00:00,Hostel A,30.371,13.365,6.39,4.08,0.0,0.855,24.69
2026-01-07 19:00:00,Hostel A,26.179,0.45,6.243,4.08,0.0,0.89,11.664
2026-01-07 20:00:00,Hostel A,26.391,1.126,6.673,4.08,0.0,0.825,12.704
2026-01-07 21:00:00,Hostel A,23.097,0.0,6.641,4.08,0.0,0.826,11.547
2026-01-07 22:00:00,Hostel A,23.379,0.0,5.715,4.08,0.0,0.856,10.652
2026-01-07 23:00:00,Hostel A,21.385,0.0,6.595,4.08,0.0,0.84,11.515
2026-01-08 00:00:00,Hostel A,19.601,0.0,6.06,4.08,0.0,0.849,10.989
2026-01-08 01:00:00,Hostel A,18.763,0.0,6.248,4.08,0.0,0.882,11.21
2026-01-08 02:00:00,Hostel A,17.55,0.0,6.721,4.08,0.0,0.815,11.615
2026-01-08 03:00:00,Hostel A,18.446,0.0,6.508,4.08,0.0,0.875,11.463
2026-01-08 04:00:00,Hostel A,17.749,0.0,6.238,4.08,0.0,0.818,11.136
2026-01-08 05:00:00,Hostel A,17.578,0.0,5.951,4.08,11.632,0.886,22.55
2026-01-08 06:00:00,Hostel A,18.479,0.0,6.434,4.08,13.271,0.828,24.613
2026-01-08 07:00:00,Hostel A,21.173,0.0,6.168,0.0,13.961,0.876,21.006
2026-01-08 08:00:00,Hostel A,24.026,0.0,7.016,0.0,9.685,0.863,17.564
2026-01-08 09:00:00,Hostel A,24.16,0.0,2.666,0.0,0.0,0.845,3.511
2026-01-08 10:00:00,Hostel A,25.434,0.0,2.861,0.0,0.0,0.834,3.695
2026-01-08 11:00:00,Hostel A,27.286,1.349,2.581,0.0,0.0,0.815,4.745
2026-01-08 12:00:00,Hostel A,29.549,3.533,2.839,0.0,0.0,0.842,7.213
2026-01-08 13:00:00,Hostel A,29.416,3.494,2.385,0.0,0.0,0.828,6.708
2026-01-08 14:00:00,Hostel A,29.385,3.473,2.527,0.0,0.0,0.822,6.823
2026-01-08 15:00:00,Hostel A,31.106,5.591,2.398,0.0,0.0,0.876,8.865
2026-01-08 16:00:00,Hostel A,30.224,4.423,2.371,0.0,0.0,0.829,7.623
2026-01-08 17:00:00,Hostel A,30.732,4.853,2.892,0.0,0.0,0.83,8.575
2026-01-08 18:00:00,Hostel A,28.426,6.917,6.736,4.08,0.0,0.841,18.573
2026-01-08 19:00:00,Hostel A,25.776,0.0,6.605,4.08,0.0,0.852,11.536
2026-01-08 20:00:00,Hostel A,24.185,0.0,6.472,4.08,0.0,0.856,11.409
2026-01-08 21:00:00,Hostel A,25.651,0.0,6.525,4.08,0.0,0.87,11.475
2026-01-08 22:00:00,Hostel A,24.171,0.0,6.624,4.08,0.0,0.863,11.567
2026-01-08 23:00:00,Hostel A,20.82,0.0,6.892,4.08,0.0,0.853,11.826
2026-01-09 00:00:00,Hostel A,19.374,0.0,6.564,4.08,0.0,0.845,11.49
2026-01-09 01:00:00,Hostel A,20.265,0.0,6.781,4.08,0.0,0.834,11.695
2026-01-09 02:00:00,Hostel A,17.097,0.0,6.113,4.08,0.0,0.874,11.067
2026-01-09 03:00:00,Hostel A,17.105,0.0,7.107,4.08,0.0,0.839,12.025
2026-01-09 04:00:00,Hostel A,18.848,0.0,5.758,4.08,0.0,0.886,10.724
2026-01-09 05:00:00,Hostel A,18.409,0.0,6.264,4.08,11.641,0.863,22.847
2026-01-09 06:00:00,Hostel A,19.752,0.0,6.972,4.08,12.712,0.867,24.631
2026-01-09 07:00:00,Hostel A,20.837,0.0,5.97,0.0,12.033,0.856,18.859
2026-01-09 08:00:00,Hostel A,22.785,0.0,5.914,0.0,10.324,0.894,17.131
2026-01-09 09:00:00,Hostel A,25.407,0.0,2.567,0.0,0.0,0.848,3.415
2026-01-09 10:00:00,Hostel A,25.643,0.0,2.604,0.0,0.0,0.848,3.452
2026-01-09 11:00:00,Hostel A,27.644,2.03,2.901,0.0,0.0,0.89,5.821
2026-01-09 12:00:00,Hostel A,26.192,0.186,2.844,0.0,0.0,0.864,3.894
2026-01-09 13:00:00,Hostel A,29.147,3.046,2.625,0.0,0.0,0.85,6.521
2026-01-09 14:00:00,Hostel A,28.952,3.197,2.924,0.0,0.0,0.834,6.955
2026-01-09 15:00:00,Hostel A,28.781,3.508,2.73,0.0,0.0,0.832,7.07
2026-01-09 16:00:00,Hostel A,28.917,3.694,2.866,0.0,0.0,0.882,7.441
2026-01-09 17:00:00,Hostel A,28.862,2.75,2.497,0.0,0.0,0.835,6.082
2026-01-09 18:00:00,Hostel A,29.159,8.782,6.41,4.08,0.0,0.811,20.083
2026-01-09 19:00:00,Hostel A,25.674,0.0,5.754,4.08,0.0,0.812,10.646
2026-01-09 20:00:00,Hostel A,25.584,0.0,5.725,4.08,0.0,0.898,10.703
2026-01-09 21:00:00,Hostel A,23.516,0.0,6.719,4.08,0.0,0.86,11.66
2026-01-09 22:00:00,Hostel A,22.119,0.0,5.881,4.08,0.0,0.854,10.815
2026-01-09 23:00:00,Hostel A,22.003,0.0,6.494,4.08,0.0,0.893,11.467
2026-01-10 00:00:00,Hostel A,20.295,0.0,5.7,3.468,0.0,0.842,10.01
2026-01-10 01:00:00,Hostel A,20.141,0.0,4.894,3.468,0.0,0.882,9.244
2026-01-10 02:00:00,Hostel A,18.05,0.0,5.4,3.468,0.0,0.875,9.743
2026-01-10 03:00:00,Hostel A,17.304,0.0,5.686,3.468,0.0,0.853,10.007
2026-01-10 04:00:00,Hostel A,17.981,0.0,5.935,3.468,0.0,0.88,10.283
2026-01-10 05:00:00,Hostel A,19.046,0.0,5.218,3.468,10.141,0.897,19.724
2026-01-10 06:00:00,Hostel A,19.934,0.0,6.038,3.468,12.282,0.828,22.616
2026-01-10 07:00:00,Hostel A,19.916,0.0,5.88,0.0,10.187,0.812,16.879
2026-01-10 08:00:00,Hostel A,22.538,0.0,5.645,0.0,10.684,0.884,17.212
2026-01-10 09:00:00,Hostel A,24.228,0.0,2.195,0.0,0.0,0.846,3.041
2026-01-10 10:00:00,Hostel A,28.07,2.074,2.355,0.0,0.0,0.859,5.288
2026-01-10 11:00:00,Hostel A,28.877,2.384,2.407,0.0,0.0,0.83,5.621
2026-01-10 12:00:00,Hostel A,27.389,1.137,2.151,0.0,0.0,0.886,4.173
2026-01-10 13:00:00,Hostel A,28.909,2.4,2.495,0.0,0.0,0.875,5.771
2026-01-10 14:00:00,Hostel A,28.332,1.882,2.453,0.0,0.0,0.896,5.231
2026-01-10 15:00:00,Hostel A,29.409,3.66,2.242,0.0,0.0,0.853,6.755
2026-01-10 16:00:00,Hostel A,30.111,4.51,2.36,0.0,0.0,0.898,7.768
2026-01-10 17:00:00,Hostel A,30.402,3.506,2.261,0.0,0.0,0.856,6.623
2026-01-10 18:00:00,Hostel A,27.514,3.806,5.779,3.468,0.0,0.866,13.918
2026-01-10 19:00:00,Hostel A,26.346,0.863,5.859,3.468,0.0,0.871,11.061
2026-01-10 20:00:00,Hostel A,23.406,0.0,4.883,3.468,0.0,0.854,9.205
2026-01-10 21:00:00,Hostel A,23.837,0.0,4.951,3.468,0.0,0.861,9.28
2026-01-10 22:00:00,Hostel A,21.385,0.0,5.264,3.468,0.0,0.83,9.562
2026-01-10 23:00:00,Hostel A,20.471,0.0,5.969,3.468,0.0,0.843,10.28
2026-01-11 00:00:00,Hostel A,18.88,0.0,5.339,3.468,0.0,0.873,9.68
2026-01-11 01:00:00,Hostel A,18.71,0.0,5.932,3.468,0.0,0.814,10.214
2026-01-11 02:00:00,Hostel A,16.447,0.0,5.417,3.468,0.0,0.873,9.758
2026-01-11 03:00:00,Hostel A,16.533,0.0,5.206,3.468,0.0,0.837,9.511
2026-01-11 04:00:00,Hostel A,20.334,0.0,5.948,3.468,0.0,0.834,10.251
2026-01-11 05:00:00,Hostel A,17.516,0.0,5.536,3.468,12.485,0.872,22.361
2026-01-11 06:00:00,Hostel A,18.661,0.0,5.293,3.468,11.018,0.829,20.608
2026-01-11 07:00:00,Hostel A,22.837,0.0,4.909,0.0,9.756,0.897,15.561
2026-01-11 08:00:00,Hostel A,25.352,0.0,4.99,0.0,13.818,0.899,19.707
2026-01-11 09:00:00,Hostel A,22.828,0.0,2.069,0.0,0.0,0.851,2.92
2026-01-11 10:00:00,Hostel A,25.185,0.0,2.182,0.0,0.0,0.846,3.028
2026-01-11 11:00:00,Hostel A,27.342,1.396,2.303,0.0,0.0,0.817,4.516
2026-01-11 12:00:00,Hostel A,29.971,4.401,2.153,0.0,0.0,0.88,7.434
2026-01-11 13:00:00,Hostel A,28.209,2.054,2.032,0.0,0.0,0.825,4.91
2026-01-11 14:00:00,Hostel A,29.55,3.179,2.132,0.0,0.0,0.894,6.205
2026-01-11 15:00:00,Hostel A,30.777,4.328,2.203,0.0,0.0,0.899,7.431
2026-01-11 16:00:00,Hostel A,30.23,3.493,2.495,0.0,0.0,0.821,6.809
2026-01-11 17:00:00,Hostel A,28.82,2.482,2.196,0.0,0.0,0.871,5.55
2026-01-11 18:00:00,Hostel A,28.109,4.148,4.963,3.468,0.0,0.852,13.431
2026-01-11 19:00:00,Hostel A,25.625,0.0,5.561,3.468,0.0,0.859,9.887
2026-01-11 20:00:00,Hostel A,25.315,0.0,5.971,3.468,0.0,0.826,10.266
2026-01-11 21:00:00,Hostel A,23.734,0.0,5.81,3.468,0.0,0.875,10.153
2026-01-11 22:00:00,Hostel A,22.679,0.0,5.87,3.468,0.0,0.825,10.163
2026-01-11 23:00:00,Hostel A,20.445,0.0,5.982,3.468,0.0,0.89,10.34
2026-01-12 00:00:00,Hostel A,20.229,0.0,6.621,4.08,0.0,0.851,11.552
2026-01-12 01:00:00,Hostel A,19.817,0.0,7.133,4.08,0.0,0.867,12.08
2026-01-12 02:00:00,Hostel A,18.36,0.0,5.76,4.08,0.0,0.893,10.732
2026-01-12 03:00:00,Hostel A,18.352,0.0,6.904,4.08,0.0,0.876,11.861
2026-01-12 04:00:00,Hostel A,18.258,0.0,6.936,4.08,0.0,0.859,11.874
2026-01-12 05:00:00,Hostel A,18.804,0.0,7.021,4.08,12.728,0.846,24.675
2026-01-12 06:00:00,Hostel A,19.036,0.0,6.395,4.08,10.715,0.852,22.042
2026-01-12 07:00:00,Hostel A,21.316,0.0,6.837,0.0,13.483,0.841,21.161
2026-01-12 08:00:00,Hostel A,22.35,0.0,5.991,0.0,10.344,0.895,17.229
2026-01-12 09:00:00,Hostel A,26.093,0.106,2.707,0.0,0.0,0.833,3.645
2026-01-12 10:00:00,Hostel A,27.126,1.153,2.563,0.0,0.0,0.847,4.563
2026-01-12 11:00:00,Hostel A,27.386,1.607,2.703,0.0,0.0,0.88,5.19
2026-01-12 12:00:00,Hostel A,27.48,1.4,2.749,0.0,0.0,0.843,4.992
2026-01-12 13:00:00,Hostel A,28.084,2.191,2.556,0.0,0.0,0.89,5.636
2026-01-12 14:00:00,Hostel A,30.987,6.161,2.479,0.0,0.0,0.832,9.472
2026-01-12 15:00:00,Hostel A,30.263,4.352,2.541,0.0,0.0,0.813,7.706
2026-01-12 16:00:00,Hostel A,30.276,4.947,2.742,0.0,0.0,0.867,8.556
2026-01-12 17:00:00,Hostel A,27.452,1.568,2.75,0.0,0.0,0.856,5.174
2026-01-12 18:00:00,Hostel A,29.17,8.033,6.771,4.08,0.0,0.894,19.777
2026-01-12 19:00:00,Hostel A,27.454,4.519,5.893,4.08,0.0,0.848,15.34
2026-01-12 20:00:00,Hostel A,24.442,0.0,6.881,4.08,0.0,0.822,11.783
2026-01-12 21:00:00,Hostel A,23.528,0.0,6.695,4.08,0.0,0.84,11.614
2026-01-12 22:00:00,Hostel A,22.711,0.0,5.756,4.08,0.0,0.845,10.681
2026-01-12 23:00:00,Hostel A,21.052,0.0,6.191,4.08,0.0,0.862,11.134
2026-01-13 00:00:00,Hostel A,19.465,0.0,6.378,4.08,0.0,0.835,11.293
2026-01-13 01:00:00,Hostel A,18.7,0.0,6.227,4.08,0.0,0.86,11.166
2026-01-13 02:00:00,Hostel A,17.952,0.0,5.88,4.08,0.0,0.892,10.851
2026-01-13 03:00:00,Hostel A,18.153,0.0,6.008,4.08,0.0,0.848,10.936
2026-01-13 04:00:00,Hostel A,19.676,0.0,5.747,4.08,0.0,0.869,10.696
2026-01-13 05:00:00,Hostel A,16.237,0.0,5.845,4.08,15.803,0.831,26.558
2026-01-13 06:00:00,Hostel A,19.521,0.0,6.092,4.08,15.75,0.882,26.804
2026-01-13 07:00:00,Hostel A,21.177,0.0,6.883,0.0,12.389,0.834,20.106
2026-01-13 08:00:00,Hostel A,22.743,0.0,6.464,0.0,11.828,0.862,19.155
2026-01-13 09:00:00,Hostel A,23.628,0.0,2.602,0.0,0.0,0.837,3.439
2026-01-13 10:00:00,Hostel A,23.796,0.0,2.741,0.0,0.0,0.816,3.557
2026-01-13 11:00:00,Hostel A,27.328,1.543,2.67,0.0,0.0,0.839,5.052
2026-01-13 12:00:00,Hostel A,29.97,5.006,2.429,0.0,0.0,0.829,8.264
2026-01-13 13:00:00,Hostel A,27.662,1.6,2.483,0.0,0.0,0.89,4.973
2026-01-13 14:00:00,Hostel A,30.659,4.642,2.483,0.0,0.0,0.834,7.958
2026-01-13 15:00:00,Hostel A,29.671,4.139,2.705,0.0,0.0,0.898,7.742
2026-01-13 16:00:00,Hostel A,29.734,3.966,2.623,0.0,0.0,0.854,7.444
2026-01-13 17:00:00,Hostel A,28.143,2.376,2.58,0.0,0.0,0.83,5.786
2026-01-13 18:00:00,Hostel A,27.908,5.944,6.507,4.08,0.0,0.845,17.376
2026-01-13 19:00:00,Hostel A,28.3,6.33,7.097,4.08,0.0,0.827,18.334
2026-01-13 20:00:00,Hostel A,26.136,0.356,6.161,4.08,0.0,0.885,11.482
2026-01-13 21:00:00,Hostel A,25.732,0.0,6.455,4.08,0.0,0.821,11.356
2026-01-13 22:00:00,Hostel A,23.624,0.0,6.398,4.08,0.0,0.889,11.367
2026-01-13 23:00:00,Hostel A,21.439,0.0,6.735,4.08,0.0,0.814,11.629
2026-01-14 00:00:00,Hostel A,21.501,0.0,6.755,4.08,0.0,0.837,11.672
2026-01-14 01:00:00,Hostel A,19.243,0.0,6.753,4.08,0.0,0.823,11.656
2026-01-14 02:00:00,Hostel A,19.032,0.0,6.0,4.08,0.0,0.872,10.951
2026-01-14 03:00:00,Hostel A,17.703,0.0,6.353,4.08,0.0,0.856,11.289
2026-01-14 04:00:00,Hostel A,18.271,0.0,6.87,4.08,0.0,0.895,11.845
2026-01-14 05:00:00,Hostel A,18.106,0.0,6.257,4.08,13.021,0.843,24.201
2026-01-14 06:00:00,Hostel A,20.747,0.0,7.118,4.08,10.906,0.814,22.917
2026-01-14 07:00:00,Hostel A,19.822,0.0,6.233,0.0,13.242,0.879,20.353
2026-01-14 08:00:00,Hostel A,23.229,0.0,6.423,0.0,10.461,0.862,17.746
2026-01-14 09:00:00,Hostel A,23.809,0.0,2.631,0.0,0.0,0.884,3.515
2026-01-14 10:00:00,Hostel A,26.724,0.849,2.607,0.0,0.0,0.848,4.304
2026-01-14 11:00:00,Hostel A,27.751,1.883,2.849,0.0,0.0,0.876,5.608
2026-01-14 12:00:00,Hostel A,30.063,3.74,2.443,0.0,0.0,0.825,7.009
2026-01-14 13:00:00,Hostel A,29.927,4.298,2.686,0.0,0.0,0.9,7.884
2026-01-14 14:00:00,Hostel A,28.224,2.048,2.716,0.0,0.0,0.826,5.59
2026-01-14 15:00:00,Hostel A,29.933,3.73,2.853,0.0,0.0,0.885,7.467
2026-01-14 16:00:00,Hostel A,28.624,2.855,2.71,0.0,0.0,0.829,6.395
2026-01-14 17:00:00,Hostel A,28.678,2.547,2.916,0.0,0.0,0.88,6.344
2026-01-14 18:00:00,Hostel A,29.754,9.365,6.957,4.08,0.0,0.888,21.29
2026-01-14 19:00:00,Hostel A,27.638,4.68,6.21,4.08,0.0,0.889,15.859
2026-01-14 20:00:00,Hostel A,24.854,0.0,6.94,4.08,0.0,0.853,11.873
2026-01-14 21:00:00,Hostel A,22.986,0.0,7.081,4.08,0.0,0.849,12.009
2026-01-14 22:00:00,Hostel A,22.48,0.0,6.079,4.08,0.0,0.885,11.044
2026-01-14 23:00:00,Hostel A,19.783,0.0,6.583,4.08,0.0,0.862,11.526
2026-01-15 00:00:00,Hostel A,19.086,0.0,6.114,4.08,0.0,0.866,11.06
2026-01-15 01:00:00,Hostel A,19.116,0.0,6.64,4.08,0.0,0.831,11.551
2026-01-15 02:00:00,Hostel A,19.36,0.0,5.846,4.08,0.0,0.85,10.776
2026-01-15 03:00:00,Hostel A,18.609,0.0,6.76,4.08,0.0,0.843,11.684
2026-01-15 04:00:00,Hostel A,15.913,0.0,6.312,4.08,0.0,0.87,11.261
2026-01-15 05:00:00,Hostel A,19.108,0.0,6.551,4.08,13.741,0.828,25.2
2026-01-15 06:00:00,Hostel A,19.829,0.0,5.749,4.08,14.438,0.847,25.114
2026-01-15 07:00:00,Hostel A,21.414,0.0,6.705,0.0,15.677,0.886,23.269
2026-01-15 08:00:00,Hostel A,24.063,0.0,6.42,0.0,11.839,0.859,19.119
2026-01-15 09:00:00,Hostel A,21.937,0.0,2.72,0.0,0.0,0.891,3.61
2026-01-15 10:00:00,Hostel A,24.962,0.0,2.538,0.0,0.0,0.831,3.369
2026-01-15 11:00:00,Hostel A,27.591,1.575,2.438,0.0,0.0,0.85,4.863
2026-01-15 12:00:00,Hostel A,26.661,0.656,2.608,0.0,0.0,0.855,4.119
2026-01-15 13:00:00,Hostel A,30.672,5.174,2.907,0.0,0.0,0.846,8.927
2026-01-15 14:00:00,Hostel A,30.164,5.207,2.486,0.0,0.0,0.872,8.565
2026-01-15 15:00:00,Hostel A,30.847,5.899,2.749,0.0,0.0,0.823,9.472
2026-01-15 16:00:00,Hostel A,29.225,3.517,2.381,0.0,0.0,0.857,6.755
2026-01-15 17:00:00,Hostel A,30.01,4.014,2.774,0.0,0.0,0.822,7.61
2026-01-15 18:00:00,Hostel A,29.311,7.534,6.052,4.08,0.0,0.867,18.533
2026-01-15 19:00:00,Hostel A,27.233,3.296,6.357,4.08,0.0,0.885,14.618
2026-01-15 20:00:00,Hostel A,25.787,0.0,6.237,4.08,0.0,0.812,11.129
2026-01-15 21:00:00,Hostel A,24.27,0.0,5.873,4.08,0.0,0.851,10.804
2026-01-15 22:00:00,Hostel A,21.584,0.0,6.205,4.08,0.0,0.854,11.14
2026-01-15 23:00:00,Hostel A,20.852,0.0,6.212,4.08,0.0,0.875,11.167
2026-01-16 00:00:00,Hostel A,19.605,0.0,6.458,4.08,0.0,0.817,11.354
2026-01-16 01:00:00,Hostel A,19.187,0.0,7.101,4.08,0.0,0.847,12.027
2026-01-16 02:00:00,Hostel A,19.204,0.0,6.383,4.08,0.0,0.881,11.344
2026-01-16 03:00:00,Hostel A,16.941,0.0,7.018,4.08,0.0,0.858,11.956
2026-01-16 04:00:00,Hostel A,18.079,0.0,6.371,4.08,0.0,0.877,11.329
2026-01-16 05:00:00,Hostel A,20.285,0.0,5.866,4.08,11.567,0.843,22.356
2026-01-16 06:00:00,Hostel A,19.014,0.0,6.041,4.08,13.225,0.893,24.239
2026-01-16 07:00:00,Hostel A,20.178,0.0,6.294,0.0,11.086,0.817,18.197
2026-01-16 08:00:00,Hostel A,22.649,0.0,6.177,0.0,10.416,0.818,17.411
2026-01-16 09:00:00,Hostel A,24.844,0.0,2.861,0.0,0.0,0.858,3.719
2026-01-16 10:00:00,Hostel A,25.564,0.0,2.751,0.0,0.0,0.852,3.603
2026-01-16 11:00:00,Hostel A,28.329,2.646,2.692,0.0,0.0,0.867,6.206
2026-01-16 12:00:00,Hostel A,29.099,3.72,2.641,0.0,0.0,0.831,7.191
2026-01-16 13:00:00,Hostel A,30.038,4.147,2.586,0.0,0.0,0.83,7.563
2026-01-16 14:00:00,Hostel A,30.35,5.135,2.712,0.0,0.0,0.877,8.724
2026-01-16 15:00:00,Hostel A,32.328,7.568,2.425,0.0,0.0,0.836,10.829
2026-01-16 16:00:00,Hostel A,29.59,3.88,2.448,0.0,0.0,0.875,7.203
2026-01-16 17:00:00,Hostel A,27.193,1.285,2.53,0.0,0.0,0.868,4.682
2026-01-16 18:00:00,Hostel A,29.847,9.242,5.956,4.08,0.0,0.817,20.096
2026-01-16 19:00:00,Hostel A,26.542,1.425,6.679,4.08,0.0,0.874,13.058
2026-01-16 20:00:00,Hostel A,25.661,0.0,5.747,4.08,0.0,0.889,10.717
2026-01-16 21:00:00,Hostel A,25.31,0.0,5.941,4.08,0.0,0.883,10.904
2026-01-16 22:00:00,Hostel A,20.845,0.0,7.001,4.08,0.0,0.811,11.892
2026-01-16 23:00:00,Hostel A,19.748,0.0,7.136,4.08,0.0,0.859,12.075
2026-01-17 00:00:00,Hostel A,18.156,0.0,5.447,3.468,0.0,0.892,9.807
2026-01-17 01:00:00,Hostel A,18.01,8.765,5.456,5.923,0.0,0.864,21.009
2026-01-17 02:00:00,Hostel A,18.644,8.765,5.794,5.923,0.0,0.836,21.318
2026-01-17 03:00:00,Hostel A,18.524,8.765,4.899,5.923,0.0,0.828,20.415
2026-01-17 04:00:00,Hostel A,18.481,8.765,5.374,5.923,0.0,0.872,20.933
2026-01-17 05:00:00,Hostel A,17.391,8.765,4.976,5.923,10.245,0.879,30.789
2026-01-17 06:00:00,Hostel A,17.447,0.0,5.342,3.468,14.31,0.892,24.012
2026-01-17 07:00:00,Hostel A,21.054,0.0,6.049,0.0,10.278,0.892,17.219
2026-01-17 08:00:00,Hostel A,21.975,0.0,5.77,0.0,13.477,0.841,20.088
2026-01-17 09:00:00,Hostel A,24.459,0.0,2.492,0.0,0.0,0.864,3.356
2026-01-17 10:00:00,Hostel A,26.255,0.222,2.372,0.0,0.0,0.819,3.414
2026-01-17 11:00:00,Hostel A,27.138,1.052,2.303,0.0,0.0,0.819,4.174
2026-01-17 12:00:00,Hostel A,29.003,2.742,2.376,0.0,0.0,0.816,5.934
2026-01-17 13:00:00,Hostel A,29.425,3.021,2.329,0.0,0.0,0.893,6.243
2026-01-17 14:00:00,Hostel A,30.326,3.578,2.231,0.0,0.0,0.824,6.633
2026-01-17 15:00:00,Hostel A,29.295,3.297,2.145,0.0,0.0,0.853,6.296
2026-01-17 16:00:00,Hostel A,29.616,2.989,2.259,0.0,0.0,0.849,6.097
2026-01-17 17:00:00,Hostel A,29.393,3.53,2.128,0.0,0.0,0.839,6.498
2026-01-17 18:00:00,Hostel A,29.063,6.312,5.446,3.468,0.0,0.858,16.084
2026-01-17 19:00:00,Hostel A,26.606,1.51,5.033,3.468,0.0,0.81,10.821
2026-01-17 20:00:00,Hostel A,26.074,0.189,5.541,3.468,0.0,0.844,10.043
2026-01-17 21:00:00,Hostel A,23.734,0.0,5.153,3.468,0.0,0.853,9.474
2026-01-17 22:00:00,Hostel A,22.33,0.0,5.212,3.468,0.0,0.882,9.562
2026-01-17 23:00:00,Hostel A,21.83,0.0,5.461,3.468,0.0,0.873,9.802
2026-01-18 00:00:00,Hostel A,17.764,0.0,5.052,3.468,0.0,0.886,9.407
2026-01-18 01:00:00,Hostel A,17.507,0.0,6.023,3.468,0.0,0.844,10.335
2026-01-18 02:00:00,Hostel A,16.722,0.0,5.398,3.468,0.0,0.823,9.688
2026-01-18 03:00:00,Hostel A,15.666,0.0,5.283,3.468,0.0,0.846,9.597
2026-01-18 04:00:00,Hostel A,17.526,0.0,4.891,3.468,0.0,0.897,9.255
2026-01-18 05:00:00,Hostel A,19.553,0.0,5.879,3.468,11.385,0.829,21.562
2026-01-18 06:00:00,Hostel A,19.472,0.0,5.615,3.468,10.591,0.826,20.499
2026-01-18 07:00:00,Hostel A,21.198,0.0,5.361,0.0,14.64,0.895,20.895
2026-01-18 08:00:00,Hostel A,23.536,0.0,5.153,0.0,9.989,0.895,16.037
2026-01-18 09:00:00,Hostel A,25.328,0.0,2.372,0.0,0.0,0.823,3.195
2026-01-18 10:00:00,Hostel A,25.484,0.0,2.472,0.0,0.0,0.879,3.351
2026-01-18 11:00:00,Hostel A,28.354,2.025,2.19,0.0,0.0,0.849,5.064
2026-01-18 12:00:00,Hostel A,28.335,2.169,2.067,0.0,0.0,0.854,5.09
2026-01-18 13:00:00,Hostel A,28.359,2.344,2.054,0.0,0.0,0.855,5.252
2026-01-18 14:00:00,Hostel A,29.201,2.964,2.002,0.0,0.0,0.897,5.864
2026-01-18 15:00:00,Hostel A,28.519,2.174,2.371,0.0,0.0,0.827,5.371
2026-01-18 16:00:00,Hostel A,28.907,2.948,2.49,0.0,0.0,0.88,6.317
2026-01-18 17:00:00,Hostel A,28.838,2.772,2.495,0.0,0.0,0.811,6.078
2026-01-18 18:00:00,Hostel A,29.046,7.063,5.807,3.468,0.0,0.867,17.205
2026-01-18 19:00:00,Hostel A,28.721,6.386,5.052,3.468,0.0,0.869,15.775
2026-01-18 20:00:00,Hostel A,24.171,0.0,6.042,3.468,0.0,0.878,10.388
2026-01-18 21:00:00,Hostel A,24.393,0.0,5.253,3.468,0.0,0.893,9.614
2026-01-18 22:00:00,Hostel A,21.407,0.0,5.26,3.468,0.0,0.878,9.606
2026-01-18 23:00:00,Hostel A,21.475,0.0,5.689,3.468,0.0,0.876,10.033
2026-01-19 00:00:00,Hostel A,19.626,0.0,5.782,4.08,0.0,0.833,10.695
2026-01-19 01:00:00,Hostel A,16.973,0.0,6.891,4.08,0.0,0.899,11.871
2026-01-19 02:00:00,Hostel A,19.133,0.0,7.136,4.08,0.0,0.852,12.068
2026-01-19 03:00:00,Hostel A,17.395,0.0,6.819,4.08,0.0,0.848,11.746
2026-01-19 04:00:00,Hostel A,17.671,0.0,6.828,4.08,0.0,0.855,11.763
2026-01-19 05:00:00,Hostel A,17.734,0.0,6.269,4.08,13.956,0.845,25.151
2026-01-19 06:00:00,Hostel A,19.103,0.0,5.806,4.08,13.061,0.863,23.811
2026-01-19 07:00:00,Hostel A,21.428,0.0,6.844,0.0,14.906,0.841,22.592
2026-01-19 08:00:00,Hostel A,22.258,0.0,6.565,0.0,12.231,0.832,19.628
2026-01-19 09:00:00,Hostel A,24.329,0.0,2.887,0.0,0.0,0.894,3.78
2026-01-19 10:00:00,Hostel A,25.915,0.0,2.42,0.0,0.0,0.894,3.314
2026-01-19 11:00:00,Hostel A,28.321,2.388,2.531,0.0,0.0,0.855,5.775
2026-01-19 12:00:00,Hostel A,27.9,2.076,2.564,0.0,0.0,0.897,5.537
2026-01-19 13:00:00,Hostel A,27.719,1.762,2.754,0.0,0.0,0.847,5.363
2026-01-19 14:00:00,Hostel A,30.863,5.793,2.815,0.0,0.0,0.845,9.453
2026-01-19 15:00:00,Hostel A,29.669,4.065,2.917,0.0,0.0,0.893,7.875
2026-01-19 16:00:00,Hostel A,30.91,4.938,2.526,0.0,0.0,0.867,8.331
2026-01-19 17:00:00,Hostel A,29.58,4.002,2.642,0.0,0.0,0.879,7.523
2026-01-19 18:00:00,Hostel A,28.112,6.506,5.753,4.08,0.0,0.847,17.186
2026-01-19 19:00:00,Hostel A,27.349,4.031,6.073,4.08,0.0,0.847,15.031
2026-01-19 20:00:00,Hostel A,27.504,4.073,6.246,4.08,0.0,0.817,15.217
2026-01-19 21:00:00,Hostel A,26.077,0.193,6.56,4.08,0.0,0.897,11.73
2026-01-19 22:00:00,Hostel A,22.516,0.0,6.384,4.08,0.0,0.831,11.295
2026-01-19 23:00:00,Hostel A,21.16,0.0,6.232,4.08,0.0,0.854,11.167
2026-01-20 00:00:00,Hostel A,20.834,0.0,6.603,4.08,0.0,0.82,11.503
2026-01-20 01:00:00,Hostel A,17.958,0.0,6.895,4.08,0.0,0.868,11.843
2026-01-20 02:00:00,Hostel A,18.538,0.0,6.057,4.08,0.0,0.845,10.982
2026-01-20 03:00:00,Hostel A,17.974,0.0,6.202,4.08,0.0,0.879,11.161
2026-01-20 04:00:00,Hostel A,18.518,0.0,6.719,4.08,0.0,0.858,11.656
2026-01-20 05:00:00,Hostel A,17.97,0.0,6.823,4.08,14.873,0.822,26.598
2026-01-20 06:00:00,Hostel A,18.168,0.0,6.891,4.08,11.798,0.811,23.579
2026-01-20 07:00:00,Hostel A,18.927,0.0,6.011,0.0,13.58,0.829,20.42
2026-01-20 08:00:00,Hostel A,21.33,0.0,6.482,0.0,13.555,0.875,20.912
2026-01-20 09:00:00,Hostel A,23.541,0.0,2.881,0.0,0.0,0.885,3.766
2026-01-20 10:00:00,Hostel A,25.26,0.0,2.582,0.0,0.0,0.841,3.423
2026-01-20 11:00:00,Hostel A,28.937,3.641,2.605,0.0,0.0,0.858,7.104
2026-01-20 12:00:00,Hostel A,29.349,4.064,2.931,0.0,0.0,0.832,7.827
2026-01-20 13:00:00,Hostel A,28.234,2.64,2.418,0.0,0.0,0.889,5.948
2026-01-20 14:00:00,Hostel A,30.143,5.308,2.767,0.0,0.0,0.897,8.972
2026-01-20 15:00:00,Hostel A,29.593,3.878,2.852,0.0,0.0,0.878,7.608
2026-01-20 16:00:00,Hostel A,29.511,3.765,2.441,0.0,0.0,0.818,7.023
2026-01-20 17:00:00,Hostel A,29.381,3.321,2.772,0.0,0.0,0.849,6.942
2026-01-20 18:00:00,Hostel A,28.862,7.14,6.383,4.08,0.0,0.899,18.502
2026-01-20 19:00:00,Hostel A,26.661,2.03,6.93,4.08,0.0,0.831,13.871
2026-01-20 20:00:00,Hostel A,26.617,1.656,7.008,4.08,0.0,0.87,13.614
2026-01-20 21:00:00,Hostel A,22.858,0.0,6.958,4.08,0.0,0.894,11.932
2026-01-20 22:00:00,Hostel A,22.453,0.0,5.804,4.08,0.0,0.88,10.764
2026-01-20 23:00:00,Hostel A,23.598,0.0,6.793,4.08,0.0,0.865,11.738
2026-01-21 00:00:00,Hostel A,19.98,0.0,7.028,4.08,0.0,0.856,11.964
2026-01-21 01:00:00,Hostel A,20.237,10.558,6.599,6.566,0.0,0.894,24.617
2026-01-21 02:00:00,Hostel A,18.296,10.558,6.57,6.566,0.0,0.846,24.54
2026-01-21 03:00:00,Hostel A,18.581,10.558,5.776,6.566,0.0,0.891,23.792
2026-01-21 04:00:00,Hostel A,18.148,10.558,6.934,6.566,0.0,0.849,24.908
2026-01-21 05:00:00,Hostel A,18.633,10.558,5.778,6.566,13.136,0.878,36.917
2026-01-21 06:00:00,Hostel A,18.978,0.0,6.16,4.08,14.629,0.892,25.761
2026-01-21 07:00:00,Hostel A,21.43,0.0,7.034,0.0,15.952,0.86,23.846
2026-01-21 08:00:00,Hostel A,21.596,0.0,7.068,0.0,9.9,0.838,17.806
2026-01-21 09:00:00,Hostel A,24.666,0.0,2.935,0.0,0.0,0.815,3.75
2026-01-21 10:00:00,Hostel A,26.638,0.745,2.632,0.0,0.0,0.883,4.26
2026-01-21 11:00:00,Hostel A,27.367,1.357,2.456,0.0,0.0,0.866,4.679
2026-01-21 12:00:00,Hostel A,27.956,2.459,2.639,0.0,0.0,0.834,5.931
2026-01-21 13:00:00,Hostel A,29.65,3.43,2.412,0.0,0.0,0.889,6.731
2026-01-21 14:00:00,Hostel A,29.487,4.021,2.865,0.0,0.0,0.893,7.779
2026-01-21 15:00:00,Hostel A,30.936,6.446,2.682,0.0,0.0,0.89,10.018
2026-01-21 16:00:00,Hostel A,27.964,2.216,2.59,0.0,0.0,0.864,5.67
2026-01-21 17:00:00,Hostel A,28.861,3.53,2.399,0.0,0.0,0.898,6.827
2026-01-21 18:00:00,Hostel A,26.252,0.705,6.291,4.08,0.0,0.889,11.965
2026-01-21 19:00:00,Hostel A,25.505,0.0,6.949,4.08,0.0,0.819,11.848
2026-01-21 20:00:00,Hostel A,26.917,2.62,6.716,4.08,0.0,0.898,14.315
2026-01-21 21:00:00,Hostel A,24.895,0.0,5.83,4.08,0.0,0.859,10.769
2026-01-21 22:00:00,Hostel A,21.728,0.0,5.94,4.08,0.0,0.893,10.913
2026-01-21 23:00:00,Hostel A,19.497,0.0,6.272,4.08,0.0,0.878,11.231
2026-01-22 00:00:00,Hostel A,16.793,0.0,5.857,4.08,0.0,0.868,10.805
2026-01-22 01:00:00,Hostel A,18.26,0.0,7.046,4.08,0.0,0.839,11.965
2026-01-22 02:00:00,Hostel A,20.625,0.0,6.643,4.08,0.0,0.812,11.536
2026-01-22 03:00:00,Hostel A,18.435,0.0,5.847,4.08,0.0,0.835,10.762
2026-01-22 04:00:00,Hostel A,17.645,0.0,6.837,4.08,0.0,0.872,11.789
2026-01-22 05:00:00,Hostel A,19.269,0.0,6.238,4.08,14.685,0.888,25.891
2026-01-22 06:00:00,Hostel A,18.196,0.0,6.062,4.08,13.589,0.81,24.541
2026-01-22 07:00:00,Hostel A,20.703,0.0,6.526,0.0,14.47,0.829,21.825
2026-01-22 08:00:00,Hostel A,22.547,0.0,5.731,0.0,10.226,0.871,16.827
2026-01-22 09:00:00,Hostel A,23.914,0.0,2.626,0.0,0.0,0.836,3.461
2026-01-22 10:00:00,Hostel A,26.344,0.382,2.848,0.0,0.0,0.823,4.053
2026-01-22 11:00:00,Hostel A,27.345,1.364,2.898,0.0,0.0,0.817,5.079
2026-01-22 12:00:00,Hostel A,28.911,2.945,2.553,0.0,0.0,0.867,6.365
2026-01-22 13:00:00,Hostel A,28.508,2.313,2.73,0.0,0.0,0.864,5.906
2026-01-22 14:00:00,Hostel A,30.693,4.997,2.485,0.0,0.0,0.887,8.369
2026-01-22 15:00:00,Hostel A,31.629,5.877,2.681,0.0,0.0,0.838,9.397
2026-01-22 16:00:00,Hostel A,28.825,2.631,2.501,0.0,0.0,0.822,5.954
2026-01-22 17:00:00,Hostel A,28.308,2.686,2.688,0.0,0.0,0.882,6.255
2026-01-22 18:00:00,Hostel A,29.578,10.129,5.957,4.08,0.0,0.899,21.065
2026-01-22 19:00:00,Hostel A,26.809,1.859,7.056,4.08,0.0,0.842,13.838
2026-01-22 20:00:00,Hostel A,26.957,2.425,6.979,4.08,0.0,0.888,14.371
2026-01-22 21:00:00,Hostel A,23.557,0.0,6.193,4.08,0.0,0.879,11.152
2026-01-22 22:00:00,Hostel A,23.902,0.0,6.821,4.08,0.0,0.892,11.793
2026-01-22 23:00:00,Hostel A,21.131,0.0,5.848,4.08,0.0,0.848,10.777
2026-01-23 00:00:00,Hostel A,20.016,0.0,6.769,4.08,0.0,0.819,11.668
2026-01-23 01:00:00,Hostel A,20.369,0.0,6.115,4.08,0.0,0.821,11.016
2026-01-23 02:00:00,Hostel A,17.843,0.0,5.906,4.08,0.0,0.879,10.864
2026-01-23 03:00:00,Hostel A,17.059,0.0,6.68,4.08,0.0,0.888,11.648
2026-01-23 04:00:00,Hostel A,17.756,0.0,6.383,4.08,0.0,0.851,11.314
2026-01-23 05:00:00,Hostel A,19.256,0.0,6.469,4.08,14.151,0.815,25.516
2026-01-23 06:00:00,Hostel A,18.192,0.0,6.455,4.08,15.206,0.816,26.558
2026-01-23 07:00:00,Hostel A,21.637,0.0,5.797,0.0,15.523,0.864,22.183
2026-01-23 08:00:00,Hostel A,21.908,0.0,5.785,0.0,10.933,0.893,17.611
2026-01-23 09:00:00,Hostel A,25.148,0.0,2.705,0.0,0.0,0.846,3.551
2026-01-23 10:00:00,Hostel A,23.159,0.0,2.719,0.0,0.0,0.869,3.587
2026-01-23 11:00:00,Hostel A,26.213,0.212,2.38,0.0,0.0,0.859,3.451
2026-01-23 12:00:00,Hostel A,26.556,0.712,2.575,0.0,0.0,0.89,4.177
2026-01-23 13:00:00,Hostel A,28.37,2.274,2.712,0.0,0.0,0.885,5.871
2026-01-23 14:00:00,Hostel A,30.043,3.726,2.738,0.0,0.0,0.828,7.292
2026-01-23 15:00:00,Hostel A,29.821,4.797,2.839,0.0,0.0,0.871,8.507
2026-01-23 16:00:00,Hostel A,29.542,4.236,2.599,0.0,0.0,0.886,7.722
2026-01-23 17:00:00,Hostel A,29.037,3.215,2.674,0.0,0.0,0.894,6.783
2026-01-23 18:00:00,Hostel A,28.446,6.851,6.538,4.08,0.0,0.863,18.332
2026-01-23 19:00:00,Hostel A,25.991,0.0,6.158,4.08,0.0,0.826,11.063
2026-01-23 20:00:00,Hostel A,26.26,0.621,5.789,4.08,0.0,0.86,11.351
2026-01-23 21:00:00,Hostel A,24.663,0.0,5.718,4.08,0.0,0.87,10.668
2026-01-23 22:00:00,Hostel A,22.832,0.0,6.906,4.08,0.0,0.835,11.821
2026-01-23 23:00:00,Hostel A,21.557,0.0,5.998,4.08,0.0,0.898,10.976
2026-01-24 00:00:00,Hostel A,20.054,0.0,5.62,3.468,0.0,0.831,9.919
2026-01-24 01:00:00,Hostel A,20.839,10.499,5.556,7.374,0.0,0.892,24.321
2026-01-24 02:00:00,Hostel A,18.117,10.499,5.34,7.374,0.0,0.848,24.062
2026-01-24 03:00:00,Hostel A,17.693,10.499,5.867,7.374,0.0,0.81,24.55
2026-01-24 04:00:00,Hostel A,17.451,10.499,5.703,7.374,0.0,0.859,24.435
2026-01-24 05:00:00,Hostel A,17.772,10.499,4.883,7.374,11.003,0.867,34.625
2026-01-24 06:00:00,Hostel A,18.513,0.0,5.798,3.468,10.818,0.888,20.972
2026-01-24 07:00:00,Hostel A,20.111,0.0,5.471,0.0,11.721,0.859,18.05
2026-01-24 08:00:00,Hostel A,22.376,0.0,5.276,0.0,10.625,0.818,16.72
2026-01-24 09:00:00,Hostel A,24.334,0.0,2.362,0.0,0.0,0.893,3.256
2026-01-24 10:00:00,Hostel A,25.604,0.0,2.342,0.0,0.0,0.861,3.203
2026-01-24 11:00:00,Hostel A,26.234,0.225,2.154,0.0,0.0,0.834,3.214
2026-01-24 12:00:00,Hostel A,29.143,2.669,2.491,0.0,0.0,0.891,6.051
2026-01-24 13:00:00,Hostel A,29.936,4.03,2.323,0.0,0.0,0.821,7.174
2026-01-24 14:00:00,Hostel A,29.636,3.079,2.302,0.0,0.0,0.819,6.2
2026-01-24 15:00:00,Hostel A,29.347,2.94,2.034,0.0,0.0,0.858,5.832
2026-01-24 16:00:00,Hostel A,30.344,4.129,2.139,0.0,0.0,0.866,7.134
2026-01-24 17:00:00,Hostel A,29.384,3.194,2.223,0.0,0.0,0.856,6.273
2026-01-24 18:00:00,Hostel A,26.795,1.895,5.621,3.468,0.0,0.894,11.877
2026-01-24 19:00:00,Hostel A,26.932,2.099,5.478,3.468,0.0,0.834,11.878
2026-01-24 20:00:00,Hostel A,25.815,0.0,5.781,3.468,0.0,0.899,10.148
2026-01-24 21:00:00,Hostel A,23.1,0.0,5.174,3.468,0.0,0.812,9.454
2026-01-24 22:00:00,Hostel A,22.637,0.0,5.707,3.468,0.0,0.821,9.996
2026-01-24 23:00:00,Hostel A,19.545,0.0,5.846,3.468,0.0,0.827,10.141
2026-01-25 00:00:00,Hostel A,21.094,0.0,5.784,3.468,0.0,0.817,10.069
2026-01-25 01:00:00,Hostel A,20.052,0.0,5.791,3.468,0.0,0.849,10.108
2026-01-25 02:00:00,Hostel A,17.952,0.0,5.934,3.468,0.0,0.888,10.29
2026-01-25 03:00:00,Hostel A,18.363,0.0,4.957,3.468,0.0,0.884,9.309
2026-01-25 04:00:00,Hostel A,15.795,0.0,5.701,3.468,0.0,0.877,10.046
2026-01-25 05:00:00,Hostel A,17.647,0.0,6.031,3.468,11.217,0.811,21.527
2026-01-25 06:00:00,Hostel A,19.464,0.0,5.551,3.468,13.525,0.888,23.432
2026-01-25 07:00:00,Hostel A,19.928,0.0,5.119,0.0,10.167,0.846,16.132
2026-01-25 08:00:00,Hostel A,23.161,0.0,6.067,0.0,12.96,0.876,19.903
2026-01-25 09:00:00,Hostel A,25.997,0.0,2.087,0.0,0.0,0.875,2.962
2026-01-25 10:00:00,Hostel A,24.376,0.0,2.167,0.0,0.0,0.826,2.993
2026-01-25 11:00:00,Hostel A,26.163,0.138,2.085,0.0,0.0,0.856,3.079
2026-01-25 12:00:00,Hostel A,28.478,2.678,2.231,0.0,0.0,0.893,5.803
2026-01-25 13:00:00,Hostel A,30.807,4.06,2.209,0.0,0.0,0.834,7.102
2026-01-25 14:00:00,Hostel A,28.573,2.771,2.245,0.0,0.0,0.874,5.89
2026-01-25 15:00:00,Hostel A,30.249,4.403,2.463,0.0,0.0,0.896,7.763
2026-01-25 16:00:00,Hostel A,31.617,4.839,2.238,0.0,0.0,0.842,7.92
2026-01-25 17:00:00,Hostel A,27.544,1.284,2.256,0.0,0.0,0.845,4.385
2026-01-25 18:00:00,Hostel A,26.962,2.071,5.931,3.468,0.0,0.851,12.321
2026-01-25 19:00:00,Hostel A,26.576,1.28,5.848,3.468,0.0,0.883,11.478
2026-01-25 20:00:00,Hostel A,25.032,0.0,5.146,3.468,0.0,0.85,9.464
2026-01-25 21:00:00,Hostel A,24.813,0.0,4.871,3.468,0.0,0.854,9.193
2026-01-25 22:00:00,Hostel A,22.689,0.0,5.619,3.468,0.0,0.83,9.917
2026-01-25 23:00:00,Hostel A,19.225,0.0,5.881,3.468,0.0,0.899,10.248
2026-01-26 00:00:00,Hostel A,20.273,0.0,6.501,4.08,0.0,0.89,11.472
2026-01-26 01:00:00,Hostel A,18.226,0.0,6.014,4.08,0.0,0.864,10.958
2026-01-26 02:00:00,Hostel A,19.479,0.0,6.771,4.08,0.0,0.896,11.747
2026-01-26 03:00:00,Hostel A,17.372,0.0,6.668,4.08,0.0,0.872,11.62
2026-01-26 04:00:00,Hostel A,17.568,0.0,6.519,4.08,0.0,0.896,11.495
2026-01-26 05:00:00,Hostel A,19.345,0.0,6.945,4.08,13.429,0.825,25.279
2026-01-26 06:00:00,Hostel A,20.52,0.0,6.832,4.08,13.631,0.83,25.373
2026-01-26 07:00:00,Hostel A,21.448,0.0,6.666,0.0,14.164,0.89,21.719
2026-01-26 08:00:00,Hostel A,20.761,0.0,6.661,0.0,13.14,0.848,20.649
2026-01-26 09:00:00,Hostel A,24.538,0.0,2.741,0.0,0.0,0.843,3.585
2026-01-26 10:00:00,Hostel A,24.519,0.0,2.661,0.0,0.0,0.878,3.539
2026-01-26 11:00:00,Hostel A,27.235,1.162,2.625,0.0,0.0,0.867,4.653
2026-01-26 12:00:00,Hostel A,26.819,0.807,2.769,0.0,0.0,0.841,4.417
2026-01-26 13:00:00,Hostel A,29.642,3.578,2.711,0.0,0.0,0.846,7.134
2026-01-26 14:00:00,Hostel A,28.989,3.102,2.64,0.0,0.0,0.847,6.588
2026-01-26 15:00:00,Hostel A,28.717,2.652,2.426,0.0,0.0,0.821,5.899
2026-01-26 16:00:00,Hostel A,30.509,5.78,2.765,0.0,0.0,0.831,9.375
2026-01-26 17:00:00,Hostel A,29.438,3.853,2.732,0.0,0.0,0.858,7.443
2026-01-26 18:00:00,Hostel A,27.629,4.605,6.201,4.08,0.0,0.88,15.766
2026-01-26 19:00:00,Hostel A,28.451,6.307,6.221,4.08,0.0,0.848,17.456
2026-01-26 20:00:00,Hostel A,25.112,0.0,6.064,4.08,0.0,0.845,10.989
2026-01-26 21:00:00,Hostel A,24.032,0.0,7.086,4.08,0.0,0.869,12.034
2026-01-26 22:00:00,Hostel A,22.716,0.0,6.94,4.08,0.0,0.824,11.845
2026-01-26 23:00:00,Hostel A,20.38,0.0,6.513,4.08,0.0,0.844,11.437
2026-01-27 00:00:00,Hostel A,20.228,0.0,6.286,4.08,0.0,0.829,11.194
2026-01-27 01:00:00,Hostel A,18.27,0.0,6.764,4.08,0.0,0.869,11.713
2026-01-27 02:00:00,Hostel A,17.793,0.0,6.466,4.08,0.0,0.82,11.366
2026-01-27 03:00:00,Hostel A,19.363,0.0,7.106,4.08,0.0,0.85,12.036
2026-01-27 04:00:00,Hostel A,17.164,0.0,5.791,4.08,0.0,0.864,10.734
2026-01-27 05:00:00,Hostel A,16.391,0.0,5.761,4.08,13.579,0.885,24.305
2026-01-27 06:00:00,Hostel A,21.368,0.0,6.524,4.08,13.837,0.875,25.317
2026-01-27 07:00:00,Hostel A,23.549,0.0,6.002,0.0,12.015,0.895,18.912
2026-01-27 08:00:00,Hostel A,22.042,0.0,6.575,0.0,11.753,0.871,19.199
2026-01-27 09:00:00,Hostel A,22.063,0.0,2.811,0.0,0.0,0.841,3.653
2026-01-27 10:00:00,Hostel A,25.242,0.0,2.433,0.0,0.0,0.831,3.264
2026-01-27 11:00:00,Hostel A,26.714,0.67,2.611,0.0,0.0,0.815,4.096
2026-01-27 12:00:00,Hostel A,28.053,2.64,2.757,0.0,0.0,0.835,6.232
2026-01-27 13:00:00,Hostel A,28.083,2.253,2.842,0.0,0.0,0.822,5.917
2026-01-27 14:00:00,Hostel A,30.375,5.37,2.644,0.0,0.0,0.843,8.857
2026-01-27 15:00:00,Hostel A,30.525,4.899,2.473,0.0,0.0,0.873,8.245
2026-01-27 16:00:00,Hostel A,28.301,2.964,2.696,0.0,0.0,0.872,6.532
2026-01-27 17:00:00,Hostel A,29.895,4.024,2.619,0.0,0.0,0.839,7.482
2026-01-27 18:00:00,Hostel A,30.295,11.277,6.814,4.08,0.0,0.856,23.027
2026-01-27 19:00:00,Hostel A,27.172,3.465,6.505,4.08,0.0,0.83,14.88
2026-01-27 20:00:00,Hostel A,25.216,0.0,6.111,4.08,0.0,0.855,11.046
2026-01-27 21:00:00,Hostel A,23.858,0.0,6.789,4.08,0.0,0.856,11.725
2026-01-27 22:00:00,Hostel A,23.062,0.0,6.451,4.08,0.0,0.837,11.368
2026-01-27 23:00:00,Hostel A,19.269,0.0,5.966,4.08,0.0,0.833,10.879
2026-01-28 00:00:00,Hostel A,19.922,0.0,6.516,4.08,0.0,0.898,11.494
2026-01-28 01:00:00,Hostel A,18.413,12.148,7.066,6.355,0.0,0.858,26.427
2026-01-28 02:00:00,Hostel A,20.052,12.148,6.719,6.355,0.0,0.861,26.083
2026-01-28 03:00:00,Hostel A,17.826,12.148,6.139,6.355,0.0,0.811,25.452
2026-01-28 04:00:00,Hostel A,19.872,12.148,6.727,6.355,0.0,0.826,26.056
2026-01-28 05:00:00,Hostel A,17.7,12.148,6.116,6.355,13.622,0.842,39.082
2026-01-28 06:00:00,Hostel A,20.345,0.0,6.487,4.08,12.416,0.897,23.88
2026-01-28 07:00:00,Hostel A,21.319,0.0,6.464,0.0,15.114,0.826,22.404
2026-01-28 08:00:00,Hostel A,21.578,0.0,6.065,0.0,11.279,0.837,18.182
2026-01-28 09:00:00,Hostel A,24.177,0.0,2.557,0.0,0.0,0.899,3.456
2026-01-28 10:00:00,Hostel A,26.765,0.753,2.906,0.0,0.0,0.853,4.512
2026-01-28 11:00:00,Hostel A,26.676,0.698,2.499,0.0,0.0,0.839,4.036
2026-01-28 12:00:00,Hostel A,26.551,0.617,2.823,0.0,0.0,0.867,4.307
2026-01-28 13:00:00,Hostel A,29.179,3.967,2.744,0.0,0.0,0.855,7.567
2026-01-28 14:00:00,Hostel A,28.893,2.854,2.665,0.0,0.0,0.896,6.415
2026-01-28 15:00:00,Hostel A,29.658,4.242,2.433,0.0,0.0,0.817,7.492
2026-01-28 16:00:00,Hostel A,29.714,4.514,2.472,0.0,0.0,0.881,7.867
2026-01-28 17:00:00,Hostel A,27.491,1.919,2.457,0.0,0.0,0.835,5.211
2026-01-28 18:00:00,Hostel A,26.627,1.469,6.55,4.08,0.0,0.883,12.981
2026-01-28 19:00:00,Hostel A,27.482,4.62,7.102,4.08,0.0,0.886,16.688
2026-01-28 20:00:00,Hostel A,25.03,0.0,6.965,4.08,0.0,0.886,11.931
2026-01-28 21:00:00,Hostel A,21.435,0.0,5.748,4.08,0.0,0.888,10.716
2026-01-28 22:00:00,Hostel A,23.232,0.0,6.103,4.08,0.0,0.875,11.058
2026-01-28 23:00:00,Hostel A,21.272,0.0,5.937,4.08,0.0,0.823,10.839
2026-01-29 00:00:00,Hostel A,19.043,0.0,7.105,4.08,0.0,0.815,12.0
2026-01-29 01:00:00,Hostel A,17.487,0.0,6.048,4.08,0.0,0.841,10.969
2026-01-29 02:00:00,Hostel A,19.04,0.0,5.999,4.08,0.0,0.855,10.934
2026-01-29 03:00:00,Hostel A,18.349,0.0,6.599,4.08,0.0,0.837,11.516
2026-01-29 04:00:00,Hostel A,20.587,0.0,6.506,4.08,0.0,0.877,11.463
2026-01-29 05:00:00,Hostel A,19.224,0.0,6.035,4.08,13.885,0.875,24.874
2026-01-29 06:00:00,Hostel A,20.145,0.0,6.669,4.08,12.903,0.897,24.55
2026-01-29 07:00:00,Hostel A,20.833,0.0,5.851,0.0,15.788,0.846,22.484
2026-01-29 08:00:00,Hostel A,23.264,0.0,5.74,0.0,12.811,0.881,19.432
2026-01-29 09:00:00,Hostel A,24.625,0.0,2.4,0.0,0.0,0.877,3.277
2026-01-29 10:00:00,Hostel A,26.805,0.834,2.567,0.0,0.0,0.899,4.3
2026-01-29 11:00:00,Hostel A,26.479,0.473,2.925,0.0,0.0,0.88,4.278
2026-01-29 12:00:00,Hostel A,27.807,1.817,2.674,0.0,0.0,0.836,5.326
2026-01-29 13:00:00,Hostel A,28.717,3.007,2.796,0.0,0.0,0.811,6.615
2026-01-29 14:00:00,Hostel A,30.586,5.793,2.541,0.0,0.0,0.897,9.231
2026-01-29 15:00:00,Hostel A,31.498,6.134,2.775,0.0,0.0,0.874,9.784
2026-01-29 16:00:00,Hostel A,29.337,3.138,2.92,0.0,0.0,0.883,6.942
2026-01-29 17:00:00,Hostel A,28.771,2.59,2.562,0.0,0.0,0.881,6.033
2026-01-29 18:00:00,Hostel A,28.557,6.261,7.139,4.08,0.0,0.876,18.355
2026-01-29 19:00:00,Hostel A,26.754,2.291,6.624,4.08,0.0,0.878,13.872
2026-01-29 20:00:00,Hostel A,26.505,1.427,6.781,4.08,0.0,0.894,13.181
2026-01-29 21:00:00,Hostel A,21.748,0.0,6.072,4.08,0.0,0.892,11.044
2026-01-29 22:00:00,Hostel A,21.62,0.0,6.63,4.08,0.0,0.844,11.554
2026-01-29 23:00:00,Hostel A,20.218,0.0,6.442,4.08,0.0,0.813,11.335
2026-01-30 00:00:00,Hostel A,17.437,0.0,7.078,4.08,0.0,0.813,11.971
2026-01-30 01:00:00,Hostel A,17.84,0.0,7.004,4.08,0.0,0.85,11.934
2026-01-30 02:00:00,Hostel A,17.289,0.0,6.278,4.08,0.0,0.885,11.244
2026-01-30 03:00:00,Hostel A,17.799,0.0,7.064,4.08,0.0,0.886,12.03
2026-01-30 04:00:00,Hostel A,19.317,0.0,6.976,4.08,0.0,0.846,11.902
2026-01-30 05:00:00,Hostel A,18.559,0.0,6.555,4.08,11.98,0.837,23.453
2026-01-30 06:00:00,Hostel A,18.727,0.0,5.829,4.08,12.839,0.856,23.603
2026-01-30 07:00:00,Hostel A,20.943,0.0,5.942,0.0,12.854,0.885,19.681
2026-01-30 08:00:00,Hostel A,23.496,0.0,5.822,0.0,10.325,0.867,17.014
2026-01-30 09:00:00,Hostel A,23.024,0.0,2.415,0.0,0.0,0.823,3.238
2026-01-30 10:00:00,Hostel A,24.642,0.0,2.926,0.0,0.0,0.843,3.769
2026-01-30 11:00:00,Hostel A,27.559,1.434,2.477,0.0,0.0,0.86,4.771
2026-01-30 12:00:00,Hostel A,28.021,2.115,2.758,0.0,0.0,0.858,5.732
2026-01-30 13:00:00,Hostel A,29.844,4.424,2.726,0.0,0.0,0.885,8.035
2026-01-30 14:00:00,Hostel A,29.782,4.153,2.723,0.0,0.0,0.894,7.77
2026-01-30 15:00:00,Hostel A,30.702,4.878,2.474,0.0,0.0,0.819,8.171
2026-01-30 16:00:00,Hostel A,28.76,3.614,2.693,0.0,0.0,0.83,7.136
2026-01-30 17:00:00,Hostel A,29.184,4.103,2.72,0.0,0.0,0.845,7.668
2026-01-30 18:00:00,Hostel A,28.032,4.778,6.527,4.08,0.0,0.837,16.221
2026-01-30 19:00:00,Hostel A,25.784,0.0,5.978,4.08,0.0,0.847,10.905
2026-01-30 20:00:00,Hostel A,23.989,0.0,6.745,4.08,0.0,0.814,11.638
2026-01-30 21:00:00,Hostel A,24.686,0.0,5.817,4.08,0.0,0.816,10.713
2026-01-30 22:00:00,Hostel A,22.096,0.0,6.556,4.08,0.0,0.885,11.522
2026-01-30 23:00:00,Hostel A,19.978,0.0,6.335,4.08,0.0,0.819,11.234
2026-01-31 00:00:00,Hostel A,19.661,0.0,5.159,3.468,0.0,0.884,9.511
2026-01-31 01:00:00,Hostel A,19.932,0.0,5.835,3.468,0.0,0.838,10.141
2026-01-31 02:00:00,Hostel A,15.924,0.0,5.069,3.468,0.0,0.838,9.375
2026-01-31 03:00:00,Hostel A,16.503,0.0,5.988,3.468,0.0,0.819,10.275
2026-01-31 04:00:00,Hostel A,17.282,0.0,5.929,3.468,0.0,0.811,10.208
2026-01-31 05:00:00,Hostel A,20.265,0.0,5.293,3.468,14.92,0.842,24.523
2026-01-31 06:00:00,Hostel A,20.04,0.0,5.226,3.468,12.457,0.885,22.036
2026-01-31 07:00:00,Hostel A,21.767,0.0,5.022,0.0,12.418,0.893,18.332
2026-01-31 08:00:00,Hostel A,21.307,0.0,5.967,0.0,10.606,0.816,17.389
2026-01-31 09:00:00,Hostel A,22.88,0.0,2.313,0.0,0.0,0.813,3.126
2026-01-31 10:00:00,Hostel A,26.001,0.001,2.015,0.0,0.0,0.824,2.84
2026-01-31 11:00:00,Hostel A,27.058,1.014,2.255,0.0,0.0,0.879,4.147
2026-01-31 12:00:00,Hostel A,28.791,2.795,2.042,0.0,0.0,0.828,5.665
2026-01-31 13:00:00,Hostel A,29.008,2.737,2.286,0.0,0.0,0.831,5.854
2026-01-31 14:00:00,Hostel A,30.074,3.186,2.254,0.0,0.0,0.89,6.329
2026-01-31 15:00:00,Hostel A,30.158,4.185,2.041,0.0,0.0,0.889,7.114
2026-01-31 16:00:00,Hostel A,30.573,3.655,2.407,0.0,0.0,0.87,6.932
2026-01-31 17:00:00,Hostel A,30.003,4.287,2.13,0.0,0.0,0.825,7.242
2026-01-31 18:00:00,Hostel A,26.623,1.193,5.512,3.468,0.0,0.844,11.017
2026-01-31 19:00:00,Hostel A,24.753,0.0,5.631,3.468,0.0,0.831,9.93
2026-01-31 20:00:00,Hostel A,26.555,1.455,6.023,3.468,0.0,0.87,11.817
2026-01-31 21:00:00,Hostel A,25.188,0.0,5.455,3.468,0.0,0.88,9.803
2026-01-31 22:00:00,Hostel A,21.426,0.0,5.969,3.468,0.0,0.823,10.259
2026-01-31 23:00:00,Hostel A,19.14,0.0,5.286,3.468,0.0,0.891,9.645
2026-02-01 00:00:00,Hostel A,22.856,0.0,5.896,3.468,0.0,0.852,10.216
2026-02-01 01:00:00,Hostel A,22.735,0.0,5.141,3.468,0.0,0.882,9.491
2026-02-01 02:00:00,Hostel A,23.002,0.0,5.714,3.468,0.0,0.815,9.997
2026-02-01 03:00:00,Hostel A,21.516,0.0,4.963,3.468,0.0,0.842,9.273
2026-02-01 04:00:00,Hostel A,20.833,0.0,6.052,3.468,0.0,0.811,10.331
2026-02-01 05:00:00,Hostel A,20.911,0.0,6.013,3.468,13.248,0.875,23.603
2026-02-01 06:00:00,Hostel A,22.769,0.0,5.392,3.468,15.942,0.817,25.619
2026-02-01 07:00:00,Hostel A,23.701,0.0,5.491,0.0,15.359,0.84,21.691
2026-02-01 08:00:00,Hostel A,24.432,0.0,5.581,0.0,14.054,0.88,20.515
2026-02-01 09:00:00,Hostel A,29.049,2.557,2.137,0.0,0.0,0.877,5.571
2026-02-01 10:00:00,Hostel A,30.338,3.635,2.336,0.0,0.0,0.868,6.839
2026-02-01 11:00:00,Hostel A,31.136,4.8,2.348,0.0,0.0,0.872,8.021
2026-02-01 12:00:00,Hostel A,30.322,3.621,2.262,0.0,0.0,0.869,6.751
2026-02-01 13:00:00,Hostel A,33.051,5.553,2.073,0.0,0.0,0.868,8.494
2026-02-01 14:00:00,Hostel A,33.435,5.936,2.459,0.0,0.0,0.841,9.236
2026-02-01 15:00:00,Hostel A,33.443,8.128,2.057,0.0,0.0,0.813,10.998
2026-02-01 16:00:00,Hostel A,34.045,6.479,2.314,0.0,0.0,0.85,9.643
2026-02-01 17:00:00,Hostel A,32.832,5.502,2.051,0.0,0.0,0.814,8.367
2026-02-01 18:00:00,Hostel A,31.983,13.541,5.033,3.468,0.0,0.852,22.893
2026-02-01 19:00:00,Hostel A,30.637,9.718,4.88,3.468,0.0,0.852,18.918
2026-02-01 20:00:00,Hostel A,28.894,7.752,5.296,3.468,0.0,0.826,17.343
2026-02-01 21:00:00,Hostel A,25.216,0.0,5.632,3.468,0.0,0.881,9.98
2026-02-01 22:00:00,Hostel A,25.531,0.0,5.488,3.468,0.0,0.873,9.83
2026-02-01 23:00:00,Hostel A,23.444,0.0,5.674,3.468,0.0,0.86,10.002
2026-02-02 00:00:00,Hostel A,21.478,0.0,6.676,4.08,0.0,0.893,11.649
2026-02-02 01:00:00,Hostel A,23.486,0.0,5.912,4.08,0.0,0.836,10.828
2026-02-02 02:00:00,Hostel A,22.933,0.0,5.794,4.08,0.0,0.834,10.707
2026-02-02 03:00:00,Hostel A,22.359,0.0,6.605,4.08,0.0,0.827,11.512
2026-02-02 04:00:00,Hostel A,21.46,0.0,6.645,4.08,0.0,0.859,11.584
2026-02-02 05:00:00,Hostel A,23.154,0.0,6.507,4.08,11.936,0.828,23.352
2026-02-02 06:00:00,Hostel A,22.769,0.0,6.063,4.08,13.917,0.888,24.949
2026-02-02 07:00:00,Hostel A,24.203,0.0,6.87,0.0,9.689,0.837,17.396
2026-02-02 08:00:00,Hostel A,24.354,0.0,5.82,0.0,15.19,0.854,21.865
2026-02-02 09:00:00,Hostel A,27.397,1.527,2.724,0.0,0.0,0.858,5.108
2026-02-02 10:00:00,Hostel A,28.613,2.543,2.423,0.0,0.0,0.838,5.803
2026-02-02 11:00:00,Hostel A,28.697,2.483,2.737,0.0,0.0,0.876,6.096
2026-02-02 12:00:00,Hostel A,31.191,5.164,2.598,0.0,0.0,0.872,8.634
2026-02-02 13:00:00,Hostel A,32.116,6.188,2.774,0.0,0.0,0.878,9.84
2026-02-02 14:00:00,Hostel A,34.593,10.603,2.383,0.0,0.0,0.865,13.85
2026-02-02 15:00:00,Hostel A,33.894,10.098,2.678,0.0,0.0,0.851,13.628
2026-02-02 16:00:00,Hostel A,32.807,7.342,2.437,0.0,0.0,0.85,10.63
2026-02-02 17:00:00,Hostel A,32.445,6.949,2.753,0.0,0.0,0.874,10.577
2026-02-02 18:00:00,Hostel A,31.287,15.398,5.883,4.08,0.0,0.844,26.206
2026-02-02 19:00:00,Hostel A,29.797,10.749,5.817,4.08,0.0,0.849,21.495
2026-02-02 20:00:00,Hostel A,27.47,3.54,6.73,4.08,0.0,0.825,15.175
2026-02-02 21:00:00,Hostel A,26.849,1.982,5.803,4.08,0.0,0.871,12.736
2026-02-02 22:00:00,Hostel A,24.701,0.0,6.033,4.08,0.0,0.817,10.93
2026-02-02 23:00:00,Hostel A,22.75,0.0,6.89,4.08,0.0,0.899,11.869
2026-02-03 00:00:00,Hostel A,23.269,0.0,6.868,4.08,0.0,0.823,11.771
2026-02-03 01:00:00,Hostel A,22.195,0.0,6.932,4.08,0.0,0.844,11.856
2026-02-03 02:00:00,Hostel A,19.418,0.0,6.178,4.08,0.0,0.831,11.089
2026-02-03 03:00:00,Hostel A,20.877,0.0,6.466,4.08,0.0,0.836,11.382
2026-02-03 04:00:00,Hostel A,22.2,0.0,6.816,4.08,0.0,0.839,11.735
2026-02-03 05:00:00,Hostel A,22.863,0.0,5.908,4.08,12.655,0.875,23.517
2026-02-03 06:00:00,Hostel A,23.783,0.0,6.746,4.08,14.481,0.826,26.133
2026-02-03 07:00:00,Hostel A,24.039,0.0,5.851,0.0,12.256,0.834,18.941
2026-02-03 08:00:00,Hostel A,24.602,0.0,7.016,0.0,15.052,0.819,22.888
2026-02-03 09:00:00,Hostel A,25.916,0.0,2.727,0.0,0.0,0.84,3.567
2026-02-03 10:00:00,Hostel A,28.898,3.209,2.642,0.0,0.0,0.895,6.746
2026-02-03 11:00:00,Hostel A,30.379,4.131,2.637,0.0,0.0,0.844,7.612
2026-02-03 12:00:00,Hostel A,32.53,6.663,2.459,0.0,0.0,0.88,10.002
2026-02-03 13:00:00,Hostel A,33.296,9.013,2.555,0.0,0.0,0.852,12.42
2026-02-03 14:00:00,Hostel A,32.663,8.094,2.78,0.0,0.0,0.85,11.724
2026-02-03 15:00:00,Hostel A,31.756,7.273,2.67,0.0,0.0,0.884,10.827
2026-02-03 16:00:00,Hostel A,32.476,7.486,2.663,0.0,0.0,0.812,10.961
2026-02-03 17:00:00,Hostel A,32.413,6.96,2.467,0.0,0.0,0.888,10.315
2026-02-03 18:00:00,Hostel A,31.041,13.303,6.698,4.08,0.0,0.854,24.935
2026-02-03 19:00:00,Hostel A,29.422,8.27,6.272,4.08,0.0,0.842,19.464
2026-02-03 20:00:00,Hostel A,28.806,8.007,5.973,4.08,0.0,0.892,18.951
2026-02-03 21:00:00,Hostel A,26.496,1.384,7.06,4.08,0.0,0.841,13.365
2026-02-03 22:00:00,Hostel A,24.819,0.0,6.436,4.08,0.0,0.898,11.414
2026-02-03 23:00:00,Hostel A,24.311,0.0,6.466,4.08,0.0,0.894,11.44
2026-02-04 00:00:00,Hostel A,22.355,0.0,7.113,4.08,0.0,0.834,12.028
2026-02-04 01:00:00,Hostel A,22.048,0.0,6.235,4.08,0.0,0.841,11.156
2026-02-04 02:00:00,Hostel A,21.478,0.0,7.059,4.08,0.0,0.883,12.022
2026-02-04 03:00:00,Hostel A,19.861,0.0,6.704,4.08,0.0,0.828,11.612
2026-02-04 04:00:00,Hostel A,20.723,0.0,6.616,4.08,0.0,0.876,11.572
2026-02-04 05:00:00,Hostel A,23.242,0.0,6.047,4.08,12.093,0.822,23.042
2026-02-04 06:00:00,Hostel A,21.595,0.0,5.786,4.08,14.412,0.829,25.106
2026-02-04 07:00:00,Hostel A,21.883,0.0,6.337,0.0,10.605,0.855,17.797
2026-02-04 08:00:00,Hostel A,23.585,0.0,5.727,0.0,15.551,0.877,22.155
2026-02-04 09:00:00,Hostel A,27.029,1.294,2.394,0.0,0.0,0.877,4.564
2026-02-04 10:00:00,Hostel A,28.584,2.762,2.702,0.0,0.0,0.865,6.329
2026-02-04 11:00:00,Hostel A,29.882,4.723,2.778,0.0,0.0,0.834,8.336
2026-02-04 12:00:00,Hostel A,32.457,7.4,2.451,0.0,0.0,0.847,10.698
2026-02-04 13:00:00,Hostel A,29.523,4.235,2.783,0.0,0.0,0.832,7.85
2026-02-04 14:00:00,Hostel A,33.191,7.111,2.91,0.0,0.0,0.835,10.856
2026-02-04 15:00:00,Hostel A,34.561,10.331,2.789,0.0,0.0,0.839,13.959
2026-02-04 16:00:00,Hostel A,31.668,7.344,2.813,0.0,0.0,0.864,11.022
2026-02-04 17:00:00,Hostel A,31.816,6.037,2.764,0.0,0.0,0.829,9.63
2026-02-04 18:00:00,Hostel A,30.49,14.252,6.033,4.08,0.0,0.814,25.178
2026-02-04 19:00:00,Hostel A,29.106,8.053,6.227,4.08,0.0,0.872,19.233
2026-02-04 20:00:00,Hostel A,28.227,5.393,7.068,4.08,0.0,0.812,17.353
2026-02-04 21:00:00,Hostel A,28.427,5.677,6.656,4.08,0.0,0.897,17.311
2026-02-04 22:00:00,Hostel A,27.284,3.83,6.839,4.08,0.0,0.842,15.59
2026-02-04 23:00:00,Hostel A,23.664,0.0,7.095,4.08,0.0,0.811,11.986
2026-02-05 00:00:00,Hostel A,24.662,0.0,6.042,4.08,0.0,0.89,11.012
2026-02-05 01:00:00,Hostel A,21.839,0.0,6.171,4.08,0.0,0.864,11.115
2026-02-05 02:00:00,Hostel A,22.958,0.0,6.633,4.08,0.0,0.884,11.596
2026-02-05 03:00:00,Hostel A,20.907,0.0,5.747,4.08,0.0,0.849,10.676
2026-02-05 04:00:00,Hostel A,21.336,0.0,6.528,4.08,0.0,0.842,11.45
2026-02-05 05:00:00,Hostel A,22.169,0.0,6.867,4.08,11.312,0.869,23.127
2026-02-05 06:00:00,Hostel A,25.936,0.0,6.584,4.08,14.766,0.847,26.277
2026-02-05 07:00:00,Hostel A,24.851,0.0,6.134,0.0,14.09,0.86,21.084
2026-02-05 08:00:00,Hostel A,24.74,0.0,6.746,0.0,15.854,0.835,23.435
2026-02-05 09:00:00,Hostel A,27.969,1.996,2.438,0.0,0.0,0.84,5.274
2026-02-05 10:00:00,Hostel A,28.191,2.239,2.878,0.0,0.0,0.817,5.935
2026-02-05 11:00:00,Hostel A,29.51,3.353,2.411,0.0,0.0,0.88,6.645
2026-02-05 12:00:00,Hostel A,32.151,6.993,2.86,0.0,0.0,0.841,10.694
2026-02-05 13:00:00,Hostel A,32.227,7.225,2.645,0.0,0.0,0.898,10.768
2026-02-05 14:00:00,Hostel A,33.074,8.521,2.604,0.0,0.0,0.833,11.959
2026-02-05 15:00:00,Hostel A,33.014,7.371,2.646,0.0,0.0,0.853,10.87
2026-02-05 16:00:00,Hostel A,33.132,6.587,2.47,0.0,0.0,0.837,9.894
2026-02-05 17:00:00,Hostel A,32.621,7.731,2.621,0.0,0.0,0.872,11.225
2026-02-05 18:00:00,Hostel A,29.306,10.533,6.925,4.08,0.0,0.883,22.421
2026-02-05 19:00:00,Hostel A,30.667,11.727,6.856,4.08,0.0,0.854,23.516
2026-02-05 20:00:00,Hostel A,27.571,3.781,5.945,4.08,0.0,0.843,14.649
2026-02-05 21:00:00,Hostel A,25.558,0.0,6.674,4.08,0.0,0.877,11.631
2026-02-05 22:00:00,Hostel A,25.389,0.0,6.936,4.08,0.0,0.827,11.843
2026-02-05 23:00:00,Hostel A,24.084,0.0,6.883,4.08,0.0,0.864,11.827
2026-02-06 00:00:00,Hostel A,22.064,0.0,6.32,4.08,0.0,0.876,11.276
2026-02-06 01:00:00,Hostel A,22.635,13.421,5.781,7.453,0.0,0.834,27.489
2026-02-06 02:00:00,Hostel A,19.862,13.421,7.042,7.453,0.0,0.869,28.784
2026-02-06 03:00:00,Hostel A,20.593,13.421,6.277,7.453,0.0,0.876,28.027
2026-02-06 04:00:00,Hostel A,20.62,13.421,6.227,7.453,0.0,0.821,27.922
2026-02-06 05:00:00,Hostel A,21.757,13.421,6.797,7.453,14.929,0.839,43.439
2026-02-06 06:00:00,Hostel A,23.036,0.0,6.089,4.08,15.183,0.847,26.198
2026-02-06 07:00:00,Hostel A,22.992,0.0,6.904,0.0,15.865,0.88,23.649
2026-02-06 08:00:00,Hostel A,26.171,0.397,5.821,0.0,15.742,0.861,22.82
2026-02-06 09:00:00,Hostel A,27.063,1.242,2.788,0.0,0.0,0.85,4.88
2026-02-06 10:00:00,Hostel A,26.661,0.832,2.92,0.0,0.0,0.839,4.591
2026-02-06 11:00:00,Hostel A,28.041,1.909,2.938,0.0,0.0,0.81,5.657
2026-02-06 12:00:00,Hostel A,31.23,5.105,2.895,0.0,0.0,0.812,8.812
2026-02-06 13:00:00,Hostel A,31.975,5.834,2.864,0.0,0.0,0.832,9.53
2026-02-06 14:00:00,Hostel A,32.692,7.735,2.516,0.0,0.0,0.821,11.072
2026-02-06 15:00:00,Hostel A,32.972,8.935,2.92,0.0,0.0,0.821,12.676
2026-02-06 16:00:00,Hostel A,33.021,7.661,2.898,0.0,0.0,0.864,11.423
2026-02-06 17:00:00,Hostel A,33.144,7.53,2.666,0.0,0.0,0.864,11.061
2026-02-06 18:00:00,Hostel A,30.132,12.244,6.286,4.08,0.0,0.814,23.424
2026-02-06 19:00:00,Hostel A,28.828,8.318,5.868,4.08,0.0,0.863,19.13
2026-02-06 20:00:00,Hostel A,27.46,3.601,6.555,4.08,0.0,0.823,15.06
2026-02-06 21:00:00,Hostel A,27.289,3.074,6.712,4.08,0.0,0.844,14.71
2026-02-06 22:00:00,Hostel A,26.692,1.781,6.289,4.08,0.0,0.899,13.049
2026-02-06 23:00:00,Hostel A,23.569,0.0,6.292,4.08,0.0,0.857,11.229
2026-02-07 00:00:00,Hostel A,20.256,0.0,5.551,3.468,0.0,0.813,9.832
2026-02-07 01:00:00,Hostel A,20.1,12.439,4.889,6.916,0.0,0.841,25.085
2026-02-07 02:00:00,Hostel A,20.371,12.439,6.018,6.916,0.0,0.87,26.243
2026-02-07 03:00:00,Hostel A,20.442,12.439,5.207,6.916,0.0,0.83,25.392
2026-02-07 04:00:00,Hostel A,20.796,12.439,5.026,6.916,0.0,0.897,25.278
2026-02-07 05:00:00,Hostel A,21.842,12.439,4.862,6.916,14.42,0.848,39.486
2026-02-07 06:00:00,Hostel A,22.446,0.0,5.895,3.468,12.103,0.812,22.278
2026-02-07 07:00:00,Hostel A,25.049,0.0,5.903,0.0,14.019,0.859,20.781
2026-02-07 08:00:00,Hostel A,24.771,0.0,4.971,0.0,11.128,0.871,16.969
2026-02-07 09:00:00,Hostel A,26.138,0.111,2.075,0.0,0.0,0.851,3.037
2026-02-07 10:00:00,Hostel A,29.032,3.102,2.223,0.0,0.0,0.894,6.218
2026-02-07 11:00:00,Hostel A,28.464,2.542,2.092,0.0,0.0,0.891,5.525
2026-02-07 12:00:00,Hostel A,31.632,5.654,2.367,0.0,0.0,0.823,8.844
2026-02-07 13:00:00,Hostel A,32.299,5.348,2.028,0.0,0.0,0.817,8.194
2026-02-07 14:00:00,Hostel A,32.648,7.224,2.274,0.0,0.0,0.838,10.336
2026-02-07 15:00:00,Hostel A,34.588,8.872,2.191,0.0,0.0,0.865,11.927
2026-02-07 16:00:00,Hostel A,32.173,6.18,2.232,0.0,0.0,0.864,9.276
2026-02-07 17:00:00,Hostel A,34.256,8.247,2.211,0.0,0.0,0.834,11.292
2026-02-07 18:00:00,Hostel A,31.017,13.203,5.041,3.468,0.0,0.896,22.608
2026-02-07 19:00:00,Hostel A,28.723,7.219,5.123,3.468,0.0,0.838,16.647
2026-02-07 20:00:00,Hostel A,28.623,6.244,4.934,3.468,0.0,0.882,15.528
2026-02-07 21:00:00,Hostel A,25.924,0.0,4.995,3.468,0.0,0.885,9.348
2026-02-07 22:00:00,Hostel A,24.695,0.0,6.042,3.468,0.0,0.819,10.329
2026-02-07 23:00:00,Hostel A,24.397,0.0,5.195,3.468,0.0,0.831,9.494
2026-02-08 00:00:00,Hostel A,23.313,0.0,5.228,3.468,0.0,0.829,9.525
2026-02-08 01:00:00,Hostel A,21.182,0.0,5.009,3.468,0.0,0.893,9.37
2026-02-08 02:00:00,Hostel A,22.192,0.0,5.772,3.468,0.0,0.842,10.081
2026-02-08 03:00:00,Hostel A,22.158,0.0,5.977,3.468,0.0,0.885,10.33
2026-02-08 04:00:00,Hostel A,22.641,0.0,5.814,3.468,0.0,0.853,10.135
2026-02-08 05:00:00,Hostel A,22.333,0.0,5.599,3.468,14.923,0.851,24.841
2026-02-08 06:00:00,Hostel A,24.121,0.0,5.842,3.468,12.139,0.891,22.341
2026-02-08 07:00:00,Hostel A,22.119,0.0,5.346,0.0,9.962,0.85,16.157
2026-02-08 08:00:00,Hostel A,25.129,0.0,5.898,0.0,12.913,0.877,19.688
2026-02-08 09:00:00,Hostel A,26.133,0.118,2.398,0.0,0.0,0.848,3.364
2026-02-08 10:00:00,Hostel A,28.672,2.217,2.0,0.0,0.0,0.819,5.036
2026-02-08 11:00:00,Hostel A,29.429,3.822,2.243,0.0,0.0,0.815,6.879
2026-02-08 12:00:00,Hostel A,31.076,4.016,2.131,0.0,0.0,0.829,6.976
2026-02-08 13:00:00,Hostel A,34.078,7.924,2.042,0.0,0.0,0.875,10.841
2026-02-08 14:00:00,Hostel A,32.626,6.616,2.422,0.0,0.0,0.844,9.882
2026-02-08 15:00:00,Hostel A,33.414,7.481,2.003,0.0,0.0,0.851,10.335
2026-02-08 16:00:00,Hostel A,32.563,5.687,2.364,0.0,0.0,0.819,8.87
2026-02-08 17:00:00,Hostel A,32.272,6.413,2.493,0.0,0.0,0.866,9.772
2026-02-08 18:00:00,Hostel A,31.249,10.878,5.44,3.468,0.0,0.882,20.668
2026-02-08 19:00:00,Hostel A,30.448,11.434,5.306,3.468,0.0,0.866,21.074
2026-02-08 20:00:00,Hostel A,29.718,7.714,5.591,3.468,0.0,0.899,17.671
2026-02-08 21:00:00,Hostel A,28.647,6.52,5.832,3.468,0.0,0.811,16.632
2026-02-08 22:00:00,Hostel A,25.757,0.0,5.147,3.468,0.0,0.811,9.426
2026-02-08 23:00:00,Hostel A,24.59,0.0,5.16,3.468,0.0,0.855,9.483
2026-02-09 00:00:00,Hostel A,21.606,0.0,6.579,4.08,0.0,0.834,11.493
2026-02-09 01:00:00,Hostel A,21.716,0.0,7.054,4.08,0.0,0.872,12.006
2026-02-09 02:00:00,Hostel A,22.145,0.0,6.138,4.08,0.0,0.881,11.1
2026-02-09 03:00:00,Hostel A,21.866,0.0,6.25,4.08,0.0,0.819,11.149
2026-02-09 04:00:00,Hostel A,21.416,0.0,7.13,4.08,0.0,0.893,12.103
2026-02-09 05:00:00,Hostel A,22.69,0.0,5.964,4.08,11.873,0.813,22.73
2026-02-09 06:00:00,Hostel A,23.248,0.0,5.822,4.08,12.343,0.872,23.116
2026-02-09 07:00:00,Hostel A,25.2,0.0,6.554,0.0,13.308,0.845,20.707
2026-02-09 08:00:00,Hostel A,25.736,0.0,5.747,0.0,12.799,0.87,19.416
2026-02-09 09:00:00,Hostel A,26.644,0.71,2.458,0.0,0.0,0.819,3.986
2026-02-09 10:00:00,Hostel A,28.889,3.147,2.718,0.0,0.0,0.894,6.76
2026-02-09 11:00:00,Hostel A,27.069,1.156,2.74,0.0,0.0,0.894,4.79
2026-02-09 12:00:00,Hostel A,31.626,5.86,2.652,0.0,0.0,0.857,9.369
2026-02-09 13:00:00,Hostel A,28.548,2.667,2.578,0.0,0.0,0.856,6.101
2026-02-09 14:00:00,Hostel A,31.072,6.034,2.691,0.0,0.0,0.867,9.592
2026-02-09 15:00:00,Hostel A,33.452,6.966,2.73,0.0,0.0,0.862,10.559
2026-02-09 16:00:00,Hostel A,33.273,8.635,2.824,0.0,0.0,0.859,12.318
2026-02-09 17:00:00,Hostel A,31.034,5.024,2.818,0.0,0.0,0.863,8.705
2026-02-09 18:00:00,Hostel A,30.531,11.773,6.661,4.08,0.0,0.887,23.402
2026-02-09 19:00:00,Hostel A,31.371,12.736,6.989,4.08,0.0,0.865,24.67
2026-02-09 20:00:00,Hostel A,28.069,5.71,6.909,4.08,0.0,0.828,17.526
2026-02-09 21:00:00,Hostel A,29.243,9.498,5.902,4.08,0.0,0.892,20.372
2026-02-09 22:00:00,Hostel A,25.445,0.0,7.078,4.08,0.0,0.829,11.988
2026-02-09 23:00:00,Hostel A,24.408,0.0,6.985,4.08,0.0,0.825,11.89
2026-02-10 00:00:00,Hostel A,24.374,0.0,6.17,4.08,0.0,0.9,11.15
2026-02-10 01:00:00,Hostel A,21.935,0.0,5.741,4.08,0.0,0.829,10.65
2026-02-10 02:00:00,Hostel A,20.202,0.0,6.574,4.08,0.0,0.819,11.473
2026-02-10 03:00:00,Hostel A,20.89,0.0,6.338,4.08,0.0,0.861,11.279
2026-02-10 04:00:00,Hostel A,21.169,0.0,6.782,4.08,0.0,0.884,11.747
2026-02-10 05:00:00,Hostel A,20.439,0.0,6.461,4.08,11.147,0.815,22.503
2026-02-10 06:00:00,Hostel A,22.502,0.0,5.821,4.08,15.4,0.854,26.156
2026-02-10 07:00:00,Hostel A,23.258,0.0,6.061,0.0,15.945,0.816,22.823
2026-02-10 08:00:00,Hostel A,26.371,0.84,6.972,0.0,15.123,0.849,23.784
2026-02-10 09:00:00,Hostel A,27.035,1.342,2.374,0.0,0.0,0.841,4.557
2026-02-10 10:00:00,Hostel A,28.27,2.218,2.785,0.0,0.0,0.822,5.825
2026-02-10 11:00:00,Hostel A,29.894,4.119,2.524,0.0,0.0,0.894,7.537
2026-02-10 12:00:00,Hostel A,31.466,5.85,2.618,0.0,0.0,0.867,9.335
2026-02-10 13:00:00,Hostel A,32.813,7.572,2.664,0.0,0.0,0.886,11.122
2026-02-10 14:00:00,Hostel A,31.796,7.117,2.499,0.0,0.0,0.892,10.508
2026-02-10 15:00:00,Hostel A,31.958,5.489,2.735,0.0,0.0,0.894,9.118
2026-02-10 16:00:00,Hostel A,33.9,10.159,2.76,0.0,0.0,0.877,13.796
2026-02-10 17:00:00,Hostel A,31.784,6.785,2.402,0.0,0.0,0.838,10.025
2026-02-10 18:00:00,Hostel A,29.826,12.014,6.246,4.08,0.0,0.885,23.225
2026-02-10 19:00:00,Hostel A,30.444,13.389,6.775,4.08,0.0,0.857,25.1
2026-02-10 20:00:00,Hostel A,29.016,9.406,6.742,4.08,0.0,0.834,21.063
2026-02-10 21:00:00,Hostel A,25.469,0.0,6.49,4.08,0.0,0.845,11.414
2026-02-10 22:00:00,Hostel A,25.677,0.0,6.823,4.08,0.0,0.837,11.74
2026-02-10 23:00:00,Hostel A,24.736,0.0,5.866,4.08,0.0,0.852,10.798
2026-02-11 00:00:00,Hostel A,23.132,0.0,5.881,4.08,0.0,0.88,10.841
2026-02-11 01:00:00,Hostel A,22.436,0.0,6.651,4.08,0.0,0.854,11.585
2026-02-11 02:00:00,Hostel A,19.8,0.0,6.702,4.08,0.0,0.834,11.616
2026-02-11 03:00:00,Hostel A,21.331,0.0,6.875,4.08,0.0,0.818,11.773
2026-02-11 04:00:00,Hostel A,20.902,0.0,5.971,4.08,0.0,0.887,10.938
2026-02-11 05:00:00,Hostel A,21.321,0.0,6.45,4.08,15.618,0.848,26.995
2026-02-11 06:00:00,Hostel A,23.628,0.0,6.656,4.08,11.726,0.85,23.312
2026-02-11 07:00:00,Hostel A,25.479,0.0,6.031,0.0,13.343,0.879,20.253
2026-02-11 08:00:00,Hostel A,27.241,2.923,6.45,0.0,15.371,0.886,25.631
2026-02-11 09:00:00,Hostel A,28.315,2.867,2.727,0.0,0.0,0.856,6.45
2026-02-11 10:00:00,Hostel A,28.443,3.032,2.478,0.0,0.0,0.867,6.377
2026-02-11 11:00:00,Hostel A,30.353,5.265,2.573,0.0,0.0,0.832,8.67
2026-02-11 12:00:00,Hostel A,32.009,7.794,2.479,0.0,0.0,0.894,11.167
2026-02-11 13:00:00,Hostel A,32.317,6.477,2.883,0.0,0.0,0.861,10.221
2026-02-11 14:00:00,Hostel A,32.926,8.618,2.491,0.0,0.0,0.875,11.984
2026-02-11 15:00:00,Hostel A,33.824,8.273,2.423,0.0,0.0,0.82,11.516
2026-02-11 16:00:00,Hostel A,32.736,7.614,2.373,0.0,0.0,0.867,10.854
2026-02-11 17:00:00,Hostel A,31.467,5.982,2.378,0.0,0.0,0.843,9.204
2026-02-11 18:00:00,Hostel A,30.828,10.8,5.986,4.08,0.0,0.851,21.716
2026-02-11 19:00:00,Hostel A,30.634,12.885,6.581,4.08,0.0,0.871,24.417
2026-02-11 20:00:00,Hostel A,28.556,7.53,5.737,4.08,0.0,0.882,18.229
2026-02-11 21:00:00,Hostel A,27.34,3.214,6.121,4.08,0.0,0.841,14.257
2026-02-11 22:00:00,Hostel A,26.117,0.366,5.795,4.08,0.0,0.889,11.129
2026-02-11 23:00:00,Hostel A,23.625,0.0,6.288,4.08,0.0,0.83,11.198
2026-02-12 00:00:00,Hostel A,23.514,0.0,5.781,4.08,0.0,0.861,10.722
2026-02-12 01:00:00,Hostel A,22.183,0.0,6.58,4.08,0.0,0.824,11.483
2026-02-12 02:00:00,Hostel A,19.97,0.0,6.695,4.08,0.0,0.836,11.611
2026-02-12 03:00:00,Hostel A,22.442,0.0,6.756,4.08,0.0,0.891,11.727
2026-02-12 04:00:00,Hostel A,20.704,0.0,6.032,4.08,0.0,0.811,10.923
2026-02-12 05:00:00,Hostel A,20.149,0.0,6.952,4.08,14.74,0.892,26.665
2026-02-12 06:00:00,Hostel A,21.712,0.0,6.698,4.08,11.347,0.84,22.964
2026-02-12 07:00:00,Hostel A,22.979,0.0,5.793,0.0,12.455,0.873,19.121
2026-02-12 08:00:00,Hostel A,25.499,0.0,6.341,0.0,15.422,0.818,22.581
2026-02-12 09:00:00,Hostel A,26.726,0.899,2.803,0.0,0.0,0.868,4.57
2026-02-12 10:00:00,Hostel A,28.216,2.731,2.535,0.0,0.0,0.892,6.157
2026-02-12 11:00:00,Hostel A,30.62,4.502,2.576,0.0,0.0,0.86,7.938
2026-02-12 12:00:00,Hostel A,31.583,6.268,2.722,0.0,0.0,0.843,9.833
2026-02-12 13:00:00,Hostel A,32.512,6.231,2.385,0.0,0.0,0.881,9.497
2026-02-12 14:00:00,Hostel A,33.205,8.415,2.921,0.0,0.0,0.874,12.209
2026-02-12 15:00:00,Hostel A,33.616,7.186,2.455,0.0,0.0,0.821,10.461
2026-02-12 16:00:00,Hostel A,30.688,6.05,2.368,0.0,0.0,0.87,9.288
2026-02-12 17:00:00,Hostel A,31.832,5.835,2.355,0.0,0.0,0.87,9.06
2026-02-12 18:00:00,Hostel A,29.062,8.833,6.283,4.08,0.0,0.878,20.073
2026-02-12 19:00:00,Hostel A,30.036,9.501,6.975,4.08,0.0,0.838,21.394
2026-02-12 20:00:00,Hostel A,28.548,6.197,6.883,4.08,0.0,0.846,18.005
2026-02-12 21:00:00,Hostel A,28.046,5.446,7.014,4.08,0.0,0.896,17.437
2026-02-12 22:00:00,Hostel A,26.635,1.764,6.474,4.08,0.0,0.862,13.18
2026-02-12 23:00:00,Hostel A,24.203,0.0,6.353,4.08,0.0,0.856,11.289
2026-02-13 00:00:00,Hostel A,22.257,0.0,6.263,4.08,0.0,0.899,11.242
2026-02-13 01:00:00,Hostel A,22.289,13.327,5.778,7.321,0.0,0.831,27.258
2026-02-13 02:00:00,Hostel A,20.677,13.327,7.011,7.321,0.0,0.846,28.505
2026-02-13 03:00:00,Hostel A,20.999,13.327,6.421,7.321,0.0,0.878,27.948
2026-02-13 04:00:00,Hostel A,22.191,13.327,6.362,7.321,0.0,0.874,27.885
2026-02-13 05:00:00,Hostel A,21.246,13.327,6.448,7.321,13.166,0.897,41.159
2026-02-13 06:00:00,Hostel A,23.563,0.0,6.846,4.08,11.055,0.869,22.85
2026-02-13 07:00:00,Hostel A,24.677,0.0,6.033,0.0,12.735,0.838,19.606
2026-02-13 08:00:00,Hostel A,24.492,0.0,6.726,0.0,13.111,0.846,20.682
2026-02-13 09:00:00,Hostel A,27.974,2.393,2.77,0.0,0.0,0.818,5.981
2026-02-13 10:00:00,Hostel A,29.251,3.388,2.852,0.0,0.0,0.893,7.132
2026-02-13 11:00:00,Hostel A,30.102,4.84,2.357,0.0,0.0,0.822,8.019
2026-02-13 12:00:00,Hostel A,30.48,4.535,2.452,0.0,0.0,0.859,7.846
2026-02-13 13:00:00,Hostel A,31.337,5.583,2.629,0.0,0.0,0.846,9.058
2026-02-13 14:00:00,Hostel A,32.258,7.87,2.852,0.0,0.0,0.822,11.544
2026-02-13 15:00:00,Hostel A,33.543,7.674,2.919,0.0,0.0,0.836,11.43
2026-02-13 16:00:00,Hostel A,31.84,7.583,2.702,0.0,0.0,0.867,11.152
2026-02-13 17:00:00,Hostel A,32.634,6.895,2.477,0.0,0.0,0.813,10.184
2026-02-13 18:00:00,Hostel A,30.001,9.017,5.976,4.08,0.0,0.897,19.97
2026-02-13 19:00:00,Hostel A,29.796,9.395,6.625,4.08,0.0,0.892,20.992
2026-02-13 20:00:00,Hostel A,28.663,6.377,6.012,4.08,0.0,0.818,17.286
2026-02-13 21:00:00,Hostel A,29.445,9.357,6.502,4.08,0.0,0.888,20.827
2026-02-13 22:00:00,Hostel A,24.07,0.0,6.904,4.08,0.0,0.84,11.824
2026-02-13 23:00:00,Hostel A,25.472,0.0,6.269,4.08,0.0,0.816,11.165
2026-02-14 00:00:00,Hostel A,22.907,0.0,5.315,3.468,0.0,0.838,9.62
2026-02-14 01:00:00,Hostel A,22.215,0.0,4.899,3.468,0.0,0.883,9.25
2026-02-14 02:00:00,Hostel A,21.323,0.0,5.164,3.468,0.0,0.87,9.502
2026-02-14 03:00:00,Hostel A,21.445,0.0,5.703,3.468,0.0,0.831,10.002
2026-02-14 04:00:00,Hostel A,21.051,0.0,5.293,3.468,0.0,0.875,9.635
2026-02-14 05:00:00,Hostel A,23.258,0.0,5.047,3.468,11.609,0.874,20.998
2026-02-14 06:00:00,Hostel A,22.301,0.0,4.984,3.468,15.592,0.877,24.921
2026-02-14 07:00:00,Hostel A,25.132,0.0,4.971,0.0,13.428,0.859,19.258
2026-02-14 08:00:00,Hostel A,24.803,0.0,5.655,0.0,13.048,0.884,19.587
2026-02-14 09:00:00,Hostel A,26.94,0.837,2.305,0.0,0.0,0.868,4.01
2026-02-14 10:00:00,Hostel A,27.481,1.211,2.258,0.0,0.0,0.821,4.291
2026-02-14 11:00:00,Hostel A,30.455,4.942,2.249,0.0,0.0,0.883,8.074
2026-02-14 12:00:00,Hostel A,32.688,5.617,2.076,0.0,0.0,0.839,8.532
2026-02-14 13:00:00,Hostel A,32.119,5.173,2.249,0.0,0.0,0.873,8.296
2026-02-14 14:00:00,Hostel A,32.599,5.475,2.029,0.0,0.0,0.871,8.375
2026-02-14 15:00:00,Hostel A,31.885,5.719,2.462,0.0,0.0,0.84,9.021
2026-02-14 16:00:00,Hostel A,32.566,6.103,2.028,0.0,0.0,0.825,8.956
2026-02-14 17:00:00,Hostel A,30.603,3.979,2.211,0.0,0.0,0.873,7.063
2026-02-14 18:00:00,Hostel A,30.33,9.723,4.856,3.468,0.0,0.886,18.933
2026-02-14 19:00:00,Hostel A,30.227,10.33,5.809,3.468,0.0,0.885,20.493
2026-02-14 20:00:00,Hostel A,29.872,8.23,5.057,3.468,0.0,0.866,17.621
2026-02-14 21:00:00,Hostel A,29.809,10.058,5.978,3.468,0.0,0.83,20.334
2026-02-14 22:00:00,Hostel A,24.861,0.0,4.909,3.468,0.0,0.838,9.215
2026-02-14 23:00:00,Hostel A,25.435,0.0,5.851,3.468,0.0,0.878,10.197
2026-02-15 00:00:00,Hostel A,23.001,0.0,5.652,3.468,0.0,0.847,9.967
2026-02-15 01:00:00,Hostel A,21.653,0.0,5.158,3.468,0.0,0.876,9.502
2026-02-15 02:00:00,Hostel A,21.637,0.0,5.101,3.468,0.0,0.838,9.407
2026-02-15 03:00:00,Hostel A,21.062,0.0,5.289,3.468,0.0,0.811,9.568
2026-02-15 04:00:00,Hostel A,21.315,0.0,5.861,3.468,0.0,0.864,10.193
2026-02-15 05:00:00,Hostel A,21.396,0.0,5.901,3.468,11.634,0.864,21.868
2026-02-15 06:00:00,Hostel A,21.359,0.0,5.068,3.468,15.052,0.866,24.455
2026-02-15 07:00:00,Hostel A,22.456,0.0,5.284,0.0,15.705,0.834,21.823
2026-02-15 08:00:00,Hostel A,26.1,0.215,5.143,0.0,12.309,0.883,18.55
2026-02-15 09:00:00,Hostel A,26.723,0.712,2.06,0.0,0.0,0.854,3.626
2026-02-15 10:00:00,Hostel A,27.957,1.77,2.322,0.0,0.0,0.879,4.971
2026-02-15 11:00:00,Hostel A,30.009,3.132,2.172,0.0,0.0,0.865,6.169
2026-02-15 12:00:00,Hostel A,32.038,6.659,2.112,0.0,0.0,0.847,9.618
2026-02-15 13:00:00,Hostel A,32.377,6.153,2.432,0.0,0.0,0.871,9.456
2026-02-15 14:00:00,Hostel A,32.14,6.024,2.373,0.0,0.0,0.862,9.259
2026-02-15 15:00:00,Hostel A,34.226,8.076,2.386,0.0,0.0,0.856,11.318
2026-02-15 16:00:00,Hostel A,34.375,8.084,2.019,0.0,0.0,0.868,10.971
2026-02-15 17:00:00,Hostel A,32.691,5.875,2.457,0.0,0.0,0.818,9.149
2026-02-15 18:00:00,Hostel A,32.216,16.699,5.553,3.468,0.0,0.892,26.611
2026-02-15 19:00:00,Hostel A,31.242,12.59,5.467,3.468,0.0,0.84,22.365
2026-02-15 20:00:00,Hostel A,29.683,8.994,4.868,3.468,0.0,0.83,18.16
2026-02-15 21:00:00,Hostel A,27.614,3.658,5.945,3.468,0.0,0.879,13.95
2026-02-15 22:00:00,Hostel A,26.045,0.097,5.515,3.468,0.0,0.831,9.911
2026-02-15 23:00:00,Hostel A,24.52,0.0,5.857,3.468,0.0,0.9,10.224
2026-02-16 00:00:00,Hostel A,21.66,0.0,6.648,4.08,0.0,0.848,11.576
2026-02-16 01:00:00,Hostel A,22.505,12.864,6.85,7.062,0.0,0.837,27.612
2026-02-16 02:00:00,Hostel A,19.849,12.864,6.702,7.062,0.0,0.816,27.442
2026-02-16 03:00:00,Hostel A,20.205,12.864,7.027,7.062,0.0,0.814,27.766
2026-02-16 04:00:00,Hostel A,22.508,12.864,6.034,7.062,0.0,0.819,26.778
2026-02-16 05:00:00,Hostel A,22.644,12.864,6.001,7.062,13.504,0.81,40.24
2026-02-16 06:00:00,Hostel A,24.245,0.0,6.73,4.08,13.337,0.839,24.986
2026-02-16 07:00:00,Hostel A,23.728,0.0,6.428,0.0,12.227,0.838,19.493
2026-02-16 08:00:00,Hostel A,24.295,0.0,6.568,0.0,9.628,0.849,17.044
2026-02-16 09:00:00,Hostel A,26.76,0.807,2.769,0.0,0.0,0.831,4.406
2026-02-16 10:00:00,Hostel A,28.655,2.545,2.674,0.0,0.0,0.816,6.035
2026-02-16 11:00:00,Hostel A,30.079,4.028,2.815,0.0,0.0,0.816,7.66
2026-02-16 12:00:00,Hostel A,32.376,8.2,2.539,0.0,0.0,0.826,11.566
2026-02-16 13:00:00,Hostel A,31.835,5.929,2.857,0.0,0.0,0.838,9.624
2026-02-16 14:00:00,Hostel A,33.148,8.431,2.415,0.0,0.0,0.823,11.669
2026-02-16 15:00:00,Hostel A,32.011,5.893,2.725,0.0,0.0,0.843,9.46
2026-02-16 16:00:00,Hostel A,33.246,7.211,2.875,0.0,0.0,0.893,10.979
2026-02-16 17:00:00,Hostel A,32.199,7.842,2.501,0.0,0.0,0.834,11.176
2026-02-16 18:00:00,Hostel A,30.493,10.661,6.179,4.08,0.0,0.825,21.744
2026-02-16 19:00:00,Hostel A,29.764,8.466,6.148,4.08,0.0,0.87,19.564
2026-02-16 20:00:00,Hostel A,28.369,6.421,6.518,4.08,0.0,0.854,17.873
2026-02-16 21:00:00,Hostel A,26.73,2.231,6.302,4.08,0.0,0.814,13.426
2026-02-16 22:00:00,Hostel A,27.218,3.098,5.866,4.08,0.0,0.881,13.926
2026-02-16 23:00:00,Hostel A,23.902,0.0,6.985,4.08,0.0,0.874,11.939
2026-02-17 00:00:00,Hostel A,22.513,0.0,6.004,4.08,0.0,0.898,10.982
2026-02-17 01:00:00,Hostel A,19.706,13.836,6.475,7.636,0.0,0.894,28.841
2026-02-17 02:00:00,Hostel A,20.31,13.836,6.561,7.636,0.0,0.863,28.896
2026-02-17 03:00:00,Hostel A,20.737,13.836,5.77,7.636,0.0,0.872,28.114
2026-02-17 04:00:00,Hostel A,20.519,13.836,5.849,7.636,0.0,0.847,28.167
2026-02-17 05:00:00,Hostel A,23.186,13.836,7.1,7.636,13.046,0.89,42.507
2026-02-17 06:00:00,Hostel A,22.592,0.0,6.661,4.08,15.45,0.86,27.05
2026-02-17 07:00:00,Hostel A,25.288,0.0,5.76,0.0,14.728,0.839,21.327
2026-02-17 08:00:00,Hostel A,25.509,0.0,6.846,0.0,15.248,0.811,22.904
2026-02-17 09:00:00,Hostel A,27.037,1.341,2.651,0.0,0.0,0.863,4.855
2026-02-17 10:00:00,Hostel A,28.464,2.816,2.396,0.0,0.0,0.857,6.069
2026-02-17 11:00:00,Hostel A,30.004,4.143,2.752,0.0,0.0,0.883,7.778
2026-02-17 12:00:00,Hostel A,32.961,7.738,2.646,0.0,0.0,0.827,11.21
2026-02-17 13:00:00,Hostel A,29.877,4.498,2.472,0.0,0.0,0.883,7.854
2026-02-17 14:00:00,Hostel A,30.794,5.21,2.868,0.0,0.0,0.811,8.889
2026-02-17 15:00:00,Hostel A,32.457,7.944,2.523,0.0,0.0,0.863,11.33
2026-02-17 16:00:00,Hostel A,32.81,7.824,2.519,0.0,0.0,0.846,11.189
2026-02-17 17:00:00,Hostel A,32.886,6.352,2.512,0.0,0.0,0.84,9.705
2026-02-17 18:00:00,Hostel A,31.716,15.868,6.808,4.08,0.0,0.849,27.605
2026-02-17 19:00:00,Hostel A,29.616,10.258,6.72,4.08,0.0,0.83,21.889
2026-02-17 20:00:00,Hostel A,29.572,11.096,7.002,4.08,0.0,0.827,23.004
2026-02-17 21:00:00,Hostel A,28.03,5.333,6.039,4.08,0.0,0.882,16.335
2026-02-17 22:00:00,Hostel A,25.631,0.0,6.835,4.08,0.0,0.83,11.745
2026-02-17 23:00:00,Hostel A,24.963,0.0,6.53,4.08,0.0,0.876,11.487
2026-02-18 00:00:00,Hostel A,23.03,0.0,6.153,4.08,0.0,0.874,11.107
2026-02-18 01:00:00,Hostel A,21.242,13.542,5.763,7.951,0.0,0.813,28.068
2026-02-18 02:00:00,Hostel A,21.902,13.542,6.881,7.951,0.0,0.889,29.264
2026-02-18 03:00:00,Hostel A,21.111,13.542,6.056,7.951,0.0,0.881,28.43
2026-02-18 04:00:00,Hostel A,21.206,13.542,6.614,7.951,0.0,0.882,28.989
2026-02-18 05:00:00,Hostel A,23.277,13.542,6.496,7.951,15.199,0.883,44.07
2026-02-18 06:00:00,Hostel A,20.306,0.0,5.718,4.08,12.325,0.862,22.986
2026-02-18 07:00:00,Hostel A,22.582,0.0,7.132,0.0,15.256,0.899,23.287
2026-02-18 08:00:00,Hostel A,24.26,0.0,6.875,0.0,10.473,0.826,18.174
2026-02-18 09:00:00,Hostel A,26.637,0.763,2.638,0.0,0.0,0.817,4.217
2026-02-18 10:00:00,Hostel A,28.298,2.154,2.752,0.0,0.0,0.873,5.78
2026-02-18 11:00:00,Hostel A,28.493,2.988,2.632,0.0,0.0,0.836,6.457
2026-02-18 12:00:00,Hostel A,30.257,4.393,2.79,0.0,0.0,0.865,8.047
2026-02-18 13:00:00,Hostel A,31.335,6.271,2.431,0.0,0.0,0.845,9.547
2026-02-18 14:00:00,Hostel A,35.253,10.786,2.614,0.0,0.0,0.84,14.24
2026-02-18 15:00:00,Hostel A,34.802,8.873,2.549,0.0,0.0,0.89,12.312
2026-02-18 16:00:00,Hostel A,32.384,6.972,2.622,0.0,0.0,0.823,10.417
2026-02-18 17:00:00,Hostel A,31.833,7.278,2.617,0.0,0.0,0.827,10.722
2026-02-18 18:00:00,Hostel A,30.093,11.504,5.916,4.08,0.0,0.87,22.37
2026-02-18 19:00:00,Hostel A,28.092,4.805,7.106,4.08,0.0,0.88,16.872
2026-02-18 20:00:00,Hostel A,28.436,6.467,5.734,4.08,0.0,0.885,17.166
2026-02-18 21:00:00,Hostel A,26.002,0.005,5.726,4.08,0.0,0.831,10.643
2026-02-18 22:00:00,Hostel A,25.362,0.0,6.245,4.08,0.0,0.889,11.215
2026-02-18 23:00:00,Hostel A,22.4,0.0,6.598,4.08,0.0,0.865,11.543
2026-02-19 00:00:00,Hostel A,21.995,0.0,5.969,4.08,0.0,0.884,10.933
2026-02-19 01:00:00,Hostel A,21.952,0.0,6.473,4.08,0.0,0.816,11.37
2026-02-19 02:00:00,Hostel A,21.571,0.0,6.744,4.08,0.0,0.842,11.666
2026-02-19 03:00:00,Hostel A,21.417,0.0,5.846,4.08,0.0,0.857,10.784
2026-02-19 04:00:00,Hostel A,19.884,0.0,7.118,4.08,0.0,0.862,12.06
2026-02-19 05:00:00,Hostel A,22.659,0.0,6.193,4.08,14.208,0.819,25.3
2026-02-19 06:00:00,Hostel A,21.957,0.0,6.629,4.08,13.576,0.858,25.143
2026-02-19 07:00:00,Hostel A,24.633,0.0,5.87,0.0,12.991,0.87,19.731
2026-02-19 08:00:00,Hostel A,25.436,0.0,6.725,0.0,13.301,0.843,20.869
2026-02-19 09:00:00,Hostel A,25.624,0.0,2.846,0.0,0.0,0.855,3.701
2026-02-19 10:00:00,Hostel A,28.237,2.155,2.414,0.0,0.0,0.836,5.405
2026-02-19 11:00:00,Hostel A,30.365,5.16,2.426,0.0,0.0,0.888,8.474
2026-02-19 12:00:00,Hostel A,31.856,5.985,2.517,0.0,0.0,0.864,9.366
2026-02-19 13:00:00,Hostel A,32.055,7.259,2.359,0.0,0.0,0.86,10.478
2026-02-19 14:00:00,Hostel A,34.327,7.808,2.932,0.0,0.0,0.895,11.635
2026-02-19 15:00:00,Hostel A,34.008,9.131,2.704,0.0,0.0,0.87,12.705
2026-02-19 16:00:00,Hostel A,32.539,7.015,2.709,0.0,0.0,0.835,10.56
2026-02-19 17:00:00,Hostel A,32.946,8.562,2.916,0.0,0.0,0.868,12.345
2026-02-19 18:00:00,Hostel A,33.176,21.392,6.9,4.08,0.0,0.897,33.269
2026-02-19 19:00:00,Hostel A,31.96,15.44,6.875,4.08,0.0,0.812,27.207
2026-02-19 20:00:00,Hostel A,27.325,3.745,6.197,4.08,0.0,0.866,14.888
2026-02-19 21:00:00,Hostel A,26.073,0.18,6.19,4.08,0.0,0.824,11.274
2026-02-19 22:00:00,Hostel A,26.932,2.597,6.129,4.08,0.0,0.883,13.689
2026-02-19 23:00:00,Hostel A,22.942,0.0,6.207,4.08,0.0,0.868,11.155
2026-02-20 00:00:00,Hostel A,21.435,0.0,6.24,4.08,0.0,0.894,11.214
2026-02-20 01:00:00,Hostel A,21.318,9.118,5.912,7.588,0.0,0.87,23.489
2026-02-20 02:00:00,Hostel A,21.625,9.118,6.22,7.588,0.0,0.812,23.738
2026-02-20 03:00:00,Hostel A,20.898,9.118,6.35,7.588,0.0,0.856,23.912
2026-02-20 04:00:00,Hostel A,20.554,9.118,6.154,7.588,0.0,0.891,23.751
2026-02-20 05:00:00,Hostel A,21.13,9.118,5.948,7.588,11.534,0.831,35.019
2026-02-20 06:00:00,Hostel A,22.045,0.0,6.245,4.08,12.368,0.817,23.511
2026-02-20 07:00:00,Hostel A,23.12,0.0,6.399,0.0,12.072,0.875,19.346
2026-02-20 08:00:00,Hostel A,27.729,5.365,6.741,0.0,11.788,0.855,24.749
2026-02-20 09:00:00,Hostel A,27.298,1.601,2.77,0.0,0.0,0.814,5.185
2026-02-20 10:00:00,Hostel A,29.44,3.341,2.471,0.0,0.0,0.835,6.647
2026-02-20 11:00:00,Hostel A,29.511,4.258,2.374,0.0,0.0,0.839,7.471
2026-02-20 12:00:00,Hostel A,31.057,5.479,2.531,0.0,0.0,0.87,8.88
2026-02-20 13:00:00,Hostel A,31.483,5.07,2.444,0.0,0.0,0.852,8.367
2026-02-20 14:00:00,Hostel A,30.144,4.669,2.585,0.0,0.0,0.854,8.108
2026-02-20 15:00:00,Hostel A,31.622,5.453,2.928,0.0,0.0,0.883,9.264
2026-02-20 16:00:00,Hostel A,30.985,4.992,2.458,0.0,0.0,0.835,8.286
2026-02-20 17:00:00,Hostel A,29.946,4.707,2.539,0.0,0.0,0.871,8.117
2026-02-20 18:00:00,Hostel A,30.047,10.026,6.747,4.08,0.0,0.843,21.696
2026-02-20 19:00:00,Hostel A,31.325,16.423,6.439,4.08,0.0,0.848,27.79
2026-02-20 20:00:00,Hostel A,28.508,7.173,5.775,4.08,0.0,0.86,17.888
2026-02-20 21:00:00,Hostel A,28.291,6.934,5.943,4.08,0.0,0.873,17.829
2026-02-20 22:00:00,Hostel A,25.858,0.0,7.048,4.08,0.0,0.895,12.023
2026-02-20 23:00:00,Hostel A,24.783,0.0,5.859,4.08,0.0,0.834,10.774
2026-02-21 00:00:00,Hostel A,21.856,0.0,5.626,3.468,0.0,0.819,9.913
2026-02-21 01:00:00,Hostel A,22.328,0.0,5.817,3.468,0.0,0.849,10.134
2026-02-21 02:00:00,Hostel A,21.933,0.0,5.177,3.468,0.0,0.859,9.505
2026-02-21 03:00:00,Hostel A,20.423,0.0,5.735,3.468,0.0,0.831,10.034
2026-02-21 04:00:00,Hostel A,21.764,0.0,5.061,3.468,0.0,0.89,9.42
2026-02-21 05:00:00,Hostel A,22.37,0.0,5.201,3.468,14.569,0.882,24.12
2026-02-21 06:00:00,Hostel A,22.208,0.0,5.234,3.468,15.202,0.854,24.758
2026-02-21 07:00:00,Hostel A,22.877,0.0,6.065,0.0,15.473,0.851,22.388
2026-02-21 08:00:00,Hostel A,24.263,0.0,5.116,0.0,15.571,0.814,21.5
2026-02-21 09:00:00,Hostel A,27.087,0.984,2.064,0.0,0.0,0.858,3.906
2026-02-21 10:00:00,Hostel A,28.88,2.416,2.462,0.0,0.0,0.864,5.742
2026-02-21 11:00:00,Hostel A,29.207,3.132,2.08,0.0,0.0,0.89,6.102
2026-02-21 12:00:00,Hostel A,31.269,4.857,2.439,0.0,0.0,0.855,8.15
2026-02-21 13:00:00,Hostel A,32.767,5.319,2.324,0.0,0.0,0.824,8.467
2026-02-21 14:00:00,Hostel A,33.414,5.963,2.288,0.0,0.0,0.826,9.077
2026-02-21 15:00:00,Hostel A,34.552,7.237,2.375,0.0,0.0,0.824,10.437
2026-02-21 16:00:00,Hostel A,34.073,8.383,2.362,0.0,0.0,0.894,11.639
2026-02-21 17:00:00,Hostel A,31.195,5.608,2.054,0.0,0.0,0.881,8.544
2026-02-21 18:00:00,Hostel A,32.926,16.208,6.068,3.468,0.0,0.884,26.628
2026-02-21 19:00:00,Hostel A,29.469,6.877,5.998,3.468,0.0,0.886,17.229
2026-02-21 20:00:00,Hostel A,29.598,8.386,5.943,3.468,0.0,0.819,18.616
2026-02-21 21:00:00,Hostel A,27.068,2.768,5.611,3.468,0.0,0.873,12.72
2026-02-21 22:00:00,Hostel A,25.035,0.0,5.49,3.468,0.0,0.873,9.831
2026-02-21 23:00:00,Hostel A,22.192,0.0,5.506,3.468,0.0,0.83,9.804
2026-02-22 00:00:00,Hostel A,22.586,0.0,4.873,3.468,0.0,0.854,9.195
2026-02-22 01:00:00,Hostel A,20.244,10.765,5.461,5.778,0.0,0.87,22.874
2026-02-22 02:00:00,Hostel A,22.172,10.765,5.612,5.778,0.0,0.891,23.046
2026-02-22 03:00:00,Hostel A,22.517,10.765,5.655,5.778,0.0,0.82,23.017
2026-02-22 04:00:00,Hostel A,20.408,10.765,5.258,5.778,0.0,0.89,22.691
2026-02-22 05:00:00,Hostel A,22.106,10.765,5.427,5.778,9.932,0.893,32.794
2026-02-22 06:00:00,Hostel A,22.032,0.0,5.628,3.468,13.956,0.893,23.944
2026-02-22 07:00:00,Hostel A,23.372,0.0,5.375,0.0,12.297,0.81,18.483
2026-02-22 08:00:00,Hostel A,26.222,0.517,6.023,0.0,12.45,0.83,19.819
2026-02-22 09:00:00,Hostel A,26.961,0.884,2.352,0.0,0.0,0.872,4.108
2026-02-22 10:00:00,Hostel A,30.293,4.651,2.0,0.0,0.0,0.839,7.49
2026-02-22 11:00:00,Hostel A,29.518,3.735,2.011,0.0,0.0,0.815,6.562
2026-02-22 12:00:00,Hostel A,32.242,4.995,2.344,0.0,0.0,0.879,8.218
2026-02-22 13:00:00,Hostel A,32.294,6.213,2.205,0.0,0.0,0.813,9.231
2026-02-22 14:00:00,Hostel A,33.591,7.89,2.419,0.0,0.0,0.85,11.159
2026-02-22 15:00:00,Hostel A,32.553,6.325,2.086,0.0,0.0,0.895,9.306
2026-02-22 16:00:00,Hostel A,32.746,7.488,2.006,0.0,0.0,0.85,10.343
2026-02-22 17:00:00,Hostel A,32.081,6.145,2.193,0.0,0.0,0.892,9.23
2026-02-22 18:00:00,Hostel A,30.407,8.73,5.749,3.468,0.0,0.847,18.794
2026-02-22 19:00:00,Hostel A,30.662,9.593,6.035,3.468,0.0,0.841,19.937
2026-02-22 20:00:00,Hostel A,29.203,8.226,5.928,3.468,0.0,0.82,18.442
2026-02-22 21:00:00,Hostel A,27.594,4.313,5.443,3.468,0.0,0.842,14.066
2026-02-22 22:00:00,Hostel A,26.984,1.945,5.842,3.468,0.0,0.84,12.095
2026-02-22 23:00:00,Hostel A,25.449,0.0,4.941,3.468,0.0,0.886,9.295
2026-02-23 00:00:00,Hostel A,22.382,0.0,6.529,4.08,0.0,0.893,11.502
2026-02-23 01:00:00,Hostel A,22.177,0.0,7.032,4.08,0.0,0.812,11.924
2026-02-23 02:00:00,Hostel A,20.581,0.0,6.278,4.08,0.0,0.819,11.177
2026-02-23 03:00:00,Hostel A,21.023,0.0,7.083,4.08,0.0,0.868,12.031
2026-02-23 04:00:00,Hostel A,20.605,0.0,6.027,4.08,0.0,0.854,10.961
2026-02-23 05:00:00,Hostel A,23.424,0.0,5.863,4.08,14.534,0.837,25.314
2026-02-23 06:00:00,Hostel A,23.121,0.0,6.461,4.08,10.138,0.833,21.512
2026-02-23 07:00:00,Hostel A,23.782,0.0,7.008,0.0,13.436,0.83,21.274
2026-02-23 08:00:00,Hostel A,26.641,1.985,6.157,0.0,15.09,0.857,24.088
2026-02-23 09:00:00,Hostel A,24.829,0.0,2.822,0.0,0.0,0.812,3.634
2026-02-23 10:00:00,Hostel A,26.539,0.553,2.451,0.0,0.0,0.876,3.881
2026-02-23 11:00:00,Hostel A,30.796,6.08,2.79,0.0,0.0,0.837,9.707
2026-02-23 12:00:00,Hostel A,31.303,6.294,2.68,0.0,0.0,0.848,9.822
2026-02-23 13:00:00,Hostel A,32.447,8.196,2.455,0.0,0.0,0.857,11.509
2026-02-23 14:00:00,Hostel A,31.469,5.361,2.774,0.0,0.0,0.829,8.964
2026-02-23 15:00:00,Hostel A,32.977,9.026,2.772,0.0,0.0,0.89,12.687
2026-02-23 16:00:00,Hostel A,34.799,10.207,2.655,0.0,0.0,0.871,13.734
2026-02-23 17:00:00,Hostel A,33.02,8.297,2.485,0.0,0.0,0.888,11.669
2026-02-23 18:00:00,Hostel A,31.412,16.807,5.901,4.08,0.0,0.853,27.641
2026-02-23 19:00:00,Hostel A,29.561,9.242,7.079,4.08,0.0,0.849,21.25
2026-02-23 20:00:00,Hostel A,28.158,6.301,6.649,4.08,0.0,0.831,17.861
2026-02-23 21:00:00,Hostel A,24.871,0.0,6.868,4.08,0.0,0.859,11.807
2026-02-23 22:00:00,Hostel A,25.705,0.0,6.707,4.08,0.0,0.863,11.651
2026-02-23 23:00:00,Hostel A,24.845,0.0,6.896,4.08,0.0,0.848,11.824
2026-02-24 00:00:00,Hostel A,21.182,0.0,5.944,4.08,0.0,0.823,10.847
2026-02-24 01:00:00,Hostel A,21.142,0.0,6.422,4.08,0.0,0.835,11.336
2026-02-24 02:00:00,Hostel A,20.047,0.0,6.665,4.08,0.0,0.811,11.556
2026-02-24 03:00:00,Hostel A,20.035,0.0,5.86,4.08,0.0,0.839,10.778
2026-02-24 04:00:00,Hostel A,21.258,0.0,5.926,4.08,0.0,0.862,10.868
2026-02-24 05:00:00,Hostel A,19.719,0.0,6.617,4.08,14.069,0.896,25.662
2026-02-24 06:00:00,Hostel A,23.372,0.0,6.953,4.08,11.979,0.826,23.837
2026-02-24 07:00:00,Hostel A,24.754,0.0,6.655,0.0,14.13,0.815,21.6
2026-02-24 08:00:00,Hostel A,25.196,0.0,5.764,0.0,10.968,0.837,17.569
2026-02-24 09:00:00,Hostel A,24.519,0.0,2.923,0.0,0.0,0.824,3.747
2026-02-24 10:00:00,Hostel A,27.556,1.483,2.434,0.0,0.0,0.873,4.789
2026-02-24 11:00:00,Hostel A,31.233,6.064,2.489,0.0,0.0,0.811,9.363
2026-02-24 12:00:00,Hostel A,28.465,2.403,2.925,0.0,0.0,0.898,6.227
2026-02-24 13:00:00,Hostel A,31.849,6.509,2.805,0.0,0.0,0.887,10.202
2026-02-24 14:00:00,Hostel A,31.616,5.689,2.903,0.0,0.0,0.854,9.446
2026-02-24 15:00:00,Hostel A,33.805,7.334,2.826,0.0,0.0,0.893,11.053
2026-02-24 16:00:00,Hostel A,32.12,5.816,2.735,0.0,0.0,0.867,9.418
2026-02-24 17:00:00,Hostel A,32.6,8.431,2.519,0.0,0.0,0.899,11.85
2026-02-24 18:00:00,Hostel A,31.808,17.095,6.179,4.08,0.0,0.835,28.189
2026-02-24 19:00:00,Hostel A,31.836,18.222,7.065,4.08,0.0,0.9,30.267
2026-02-24 20:00:00,Hostel A,28.35,6.3,6.941,4.08,0.0,0.826,18.147
2026-02-24 21:00:00,Hostel A,27.376,3.614,6.225,4.08,0.0,0.842,14.761
2026-02-24 22:00:00,Hostel A,23.962,0.0,6.245,4.08,0.0,0.894,11.219
2026-02-24 23:00:00,Hostel A,25.19,0.0,6.137,4.08,0.0,0.843,11.06
2026-02-25 00:00:00,Hostel A,21.997,0.0,6.178,4.08,0.0,0.829,11.087
2026-02-25 01:00:00,Hostel A,21.243,11.858,6.941,7.359,0.0,0.815,26.973
2026-02-25 02:00:00,Hostel A,21.182,11.858,5.727,7.359,0.0,0.823,25.767
2026-02-25 03:00:00,Hostel A,19.437,11.858,6.335,7.359,0.0,0.842,26.394
2026-02-25 04:00:00,Hostel A,21.433,11.858,7.058,7.359,0.0,0.848,27.123
2026-02-25 05:00:00,Hostel A,22.771,11.858,6.487,7.359,13.506,0.859,40.068
2026-02-25 06:00:00,Hostel A,23.05,0.0,6.355,4.08,13.806,0.883,25.124
2026-02-25 07:00:00,Hostel A,22.411,0.0,6.158,0.0,11.215,0.811,18.184
2026-02-25 08:00:00,Hostel A,25.323,0.0,5.818,0.0,14.511,0.886,21.214
2026-02-25 09:00:00,Hostel A,27.742,1.977,2.484,0.0,0.0,0.862,5.323
2026-02-25 10:00:00,Hostel A,26.675,0.812,2.405,0.0,0.0,0.878,4.096
2026-02-25 11:00:00,Hostel A,28.925,2.788,2.426,0.0,0.0,0.878,6.093
2026-02-25 12:00:00,Hostel A,32.119,8.021,2.448,0.0,0.0,0.891,11.36
2026-02-25 13:00:00,Hostel A,32.466,8.473,2.53,0.0,0.0,0.818,11.821
2026-02-25 14:00:00,Hostel A,33.208,7.942,2.358,0.0,0.0,0.861,11.161
2026-02-25 15:00:00,Hostel A,34.859,11.161,2.911,0.0,0.0,0.892,14.963
2026-02-25 16:00:00,Hostel A,33.264,7.371,2.425,0.0,0.0,0.875,10.67
2026-02-25 17:00:00,Hostel A,32.854,8.288,2.577,0.0,0.0,0.819,11.684
2026-02-25 18:00:00,Hostel A,33.953,24.433,6.968,4.08,0.0,0.865,36.346
2026-02-25 19:00:00,Hostel A,29.786,11.397,5.864,4.08,0.0,0.882,22.224
2026-02-25 20:00:00,Hostel A,27.755,5.278,6.403,4.08,0.0,0.835,16.596
2026-02-25 21:00:00,Hostel A,27.428,3.818,6.918,4.08,0.0,0.867,15.683
2026-02-25 22:00:00,Hostel A,25.886,0.0,6.507,4.08,0.0,0.886,11.473
2026-02-25 23:00:00,Hostel A,23.473,0.0,6.012,4.08,0.0,0.857,10.95
2026-02-26 00:00:00,Hostel A,21.725,0.0,6.762,4.08,0.0,0.827,11.67
2026-02-26 01:00:00,Hostel A,24.114,0.0,6.685,4.08,0.0,0.859,11.624
2026-02-26 02:00:00,Hostel A,21.531,0.0,6.229,4.08,0.0,0.863,11.172
2026-02-26 03:00:00,Hostel A,20.268,0.0,5.778,4.08,0.0,0.846,10.704
2026-02-26 04:00:00,Hostel A,22.12,0.0,5.723,4.08,0.0,0.871,10.674
2026-02-26 05:00:00,Hostel A,21.695,0.0,6.891,4.08,13.932,0.849,25.752
2026-02-26 06:00:00,Hostel A,22.504,0.0,6.171,4.08,10.678,0.889,21.818
2026-02-26 07:00:00,Hostel A,24.562,0.0,5.909,0.0,14.821,0.881,21.611
2026-02-26 08:00:00,Hostel A,24.155,0.0,6.452,0.0,11.593,0.882,18.928
2026-02-26 09:00:00,Hostel A,27.353,1.565,2.893,0.0,0.0,0.857,5.316
2026-02-26 10:00:00,Hostel A,30.466,5.44,2.357,0.0,0.0,0.828,8.625
2026-02-26 11:00:00,Hostel A,30.466,5.096,2.385,0.0,0.0,0.875,8.356
2026-02-26 12:00:00,Hostel A,30.866,5.446,2.597,0.0,0.0,0.816,8.859
2026-02-26 13:00:00,Hostel A,31.689,6.855,2.749,0.0,0.0,0.857,10.461
2026-02-26 14:00:00,Hostel A,32.385,7.64,2.632,0.0,0.0,0.815,11.086
2026-02-26 15:00:00,Hostel A,32.746,8.404,2.88,0.0,0.0,0.858,12.141
2026-02-26 16:00:00,Hostel A,32.418,6.054,2.378,0.0,0.0,0.872,9.304
2026-02-26 17:00:00,Hostel A,33.112,8.649,2.552,0.0,0.0,0.848,12.049
2026-02-26 18:00:00,Hostel A,29.509,9.555,6.214,4.08,0.0,0.848,20.696
2026-02-26 19:00:00,Hostel A,30.862,11.196,6.198,4.08,0.0,0.821,22.294
2026-02-26 20:00:00,Hostel A,28.173,6.26,6.408,4.08,0.0,0.837,17.586
2026-02-26 21:00:00,Hostel A,27.377,4.016,6.841,4.08,0.0,0.85,15.787
2026-02-26 22:00:00,Hostel A,24.32,0.0,6.166,4.08,0.0,0.888,11.134
2026-02-26 23:00:00,Hostel A,25.329,0.0,6.775,4.08,0.0,0.891,11.746
2026-02-27 00:00:00,Hostel A,24.003,0.0,5.921,4.08,0.0,0.896,10.897
2026-02-27 01:00:00,Hostel A,22.763,0.0,6.513,4.08,0.0,0.819,11.412
2026-02-27 02:00:00,Hostel A,19.69,0.0,6.248,4.08,0.0,0.837,11.164
2026-02-27 03:00:00,Hostel A,21.829,0.0,6.482,4.08,0.0,0.852,11.414
2026-02-27 04:00:00,Hostel A,21.609,0.0,5.866,4.08,0.0,0.868,10.814
2026-02-27 05:00:00,Hostel A,20.199,0.0,7.074,4.08,15.513,0.873,27.54
2026-02-27 06:00:00,Hostel A,22.733,0.0,7.006,4.08,15.719,0.881,27.686
2026-02-27 07:00:00,Hostel A,24.365,0.0,6.892,0.0,15.797,0.855,23.544
2026-02-27 08:00:00,Hostel A,26.003,0.008,6.987,0.0,13.733,0.86,21.588
2026-02-27 09:00:00,Hostel A,27.177,1.155,2.438,0.0,0.0,0.896,4.49
2026-02-27 10:00:00,Hostel A,28.844,3.382,2.648,0.0,0.0,0.832,6.862
2026-02-27 11:00:00,Hostel A,31.474,5.564,2.539,0.0,0.0,0.882,8.985
2026-02-27 12:00:00,Hostel A,32.469,7.281,2.874,0.0,0.0,0.874,11.029
2026-02-27 13:00:00,Hostel A,29.329,4.097,2.463,0.0,0.0,0.823,7.383
2026-02-27 14:00:00,Hostel A,32.478,7.663,2.481,0.0,0.0,0.893,11.038
2026-02-27 15:00:00,Hostel A,32.835,7.083,2.756,0.0,0.0,0.887,10.726
2026-02-27 16:00:00,Hostel A,31.043,5.295,2.404,0.0,0.0,0.88,8.579
2026-02-27 17:00:00,Hostel A,32.29,7.398,2.783,0.0,0.0,0.821,11.002
2026-02-27 18:00:00,Hostel A,32.491,17.895,6.095,4.08,0.0,0.823,28.892
2026-02-27 19:00:00,Hostel A,28.913,6.769,6.656,4.08,0.0,0.871,18.376
2026-02-27 20:00:00,Hostel A,28.889,8.862,6.959,4.08,0.0,0.82,20.72
2026-02-27 21:00:00,Hostel A,26.084,0.229,6.583,4.08,0.0,0.82,11.712
2026-02-27 22:00:00,Hostel A,24.775,0.0,6.016,4.08,0.0,0.846,10.942
2026-02-27 23:00:00,Hostel A,25.477,0.0,5.782,4.08,0.0,0.81,10.673
2026-02-28 00:00:00,Hostel A,22.215,0.0,4.909,3.468,0.0,0.875,9.252
2026-02-28 01:00:00,Hostel A,22.266,8.308,4.963,6.46,0.0,0.859,20.589
2026-02-28 02:00:00,Hostel A,19.333,8.308,5.559,6.46,0.0,0.817,21.144
2026-02-28 03:00:00,Hostel A,22.862,8.308,5.278,6.46,0.0,0.859,20.904
2026-02-28 04:00:00,Hostel A,21.807,8.308,5.15,6.46,0.0,0.815,20.733
2026-02-28 05:00:00,Hostel A,21.621,8.308,5.121,6.46,11.409,0.816,32.114
2026-02-28 06:00:00,Hostel A,23.333,0.0,6.007,3.468,15.443,0.854,25.771
2026-02-28 07:00:00,Hostel A,22.59,0.0,4.999,0.0,13.526,0.855,19.38
2026-02-28 08:00:00,Hostel A,26.63,1.245,5.225,0.0,11.902,0.841,19.213
2026-02-28 09:00:00,Hostel A,26.676,0.706,2.235,0.0,0.0,0.866,3.806
2026-02-28 10:00:00,Hostel A,28.349,2.616,1.999,0.0,0.0,0.845,5.461
2026-02-28 11:00:00,Hostel A,29.508,3.754,2.459,0.0,0.0,0.863,7.076
2026-02-28 12:00:00,Hostel A,30.662,3.678,2.049,0.0,0.0,0.841,6.568
2026-02-28 13:00:00,Hostel A,32.891,5.961,2.34,0.0,0.0,0.874,9.175
2026-02-28 14:00:00,Hostel A,33.051,5.609,2.314,0.0,0.0,0.862,8.785
2026-02-28 15:00:00,Hostel A,33.652,8.078,2.404,0.0,0.0,0.824,11.305
2026-02-28 16:00:00,Hostel A,32.787,6.621,2.325,0.0,0.0,0.872,9.817
2026-02-28 17:00:00,Hostel A,32.709,6.393,2.384,0.0,0.0,0.881,9.657
2026-02-28 18:00:00,Hostel A,30.824,11.323,5.367,3.468,0.0,0.816,20.973
2026-02-28 19:00:00,Hostel A,32.23,13.093,5.448,3.468,0.0,0.865,22.875
2026-02-28 20:00:00,Hostel A,26.985,2.35,5.707,3.468,0.0,0.881,12.406
2026-02-28 21:00:00,Hostel A,28.261,4.344,5.545,3.468,0.0,0.82,14.178
2026-02-28 22:00:00,Hostel A,26.815,1.974,5.476,3.468,0.0,0.891,11.809
2026-02-28 23:00:00,Hostel A,23.148,0.0,5.105,3.468,0.0,0.847,9.42
2026-03-01 00:00:00,Hostel A,27.987,4.855,5.168,3.468,0.0,0.876,14.367
2026-03-01 01:00:00,Hostel A,25.799,0.0,5.29,3.468,0.0,0.891,9.649
2026-03-01 02:00:00,Hostel A,25.176,0.0,4.866,3.468,0.0,0.899,9.234
2026-03-01 03:00:00,Hostel A,24.028,0.0,5.362,3.468,0.0,0.863,9.692
2026-03-01 04:00:00,Hostel A,23.987,0.0,4.859,3.468,0.0,0.873,9.2
2026-03-01 05:00:00,Hostel A,24.594,0.0,5.541,3.468,14.973,0.833,24.815
2026-03-01 06:00:00,Hostel A,26.148,0.357,5.71,3.468,10.536,0.836,20.907
2026-03-01 07:00:00,Hostel A,28.401,5.119,5.538,0.0,11.537,0.887,23.08
2026-03-01 08:00:00,Hostel A,28.628,5.24,5.697,0.0,12.907,0.846,24.69
2026-03-01 09:00:00,Hostel A,29.089,2.572,1.999,0.0,0.0,0.884,5.455
2026-03-01 10:00:00,Hostel A,32.377,5.334,2.029,0.0,0.0,0.815,8.177
2026-03-01 11:00:00,Hostel A,33.921,7.453,2.348,0.0,0.0,0.83,10.631
2026-03-01 12:00:00,Hostel A,34.897,8.757,2.4,0.0,0.0,0.825,11.983
2026-03-01 13:00:00,Hostel A,35.942,8.351,2.358,0.0,0.0,0.857,11.566
2026-03-01 14:00:00,Hostel A,35.525,9.709,2.331,0.0,0.0,0.817,12.857
2026-03-01 15:00:00,Hostel A,35.071,7.937,2.353,0.0,0.0,0.841,11.131
2026-03-01 16:00:00,Hostel A,34.927,7.903,2.369,0.0,0.0,0.899,11.17
2026-03-01 17:00:00,Hostel A,33.561,6.47,2.361,0.0,0.0,0.881,9.713
2026-03-01 18:00:00,Hostel A,34.48,21.494,5.751,3.468,0.0,0.878,31.591
2026-03-01 19:00:00,Hostel A,32.917,18.514,4.945,3.468,0.0,0.822,27.749
2026-03-01 20:00:00,Hostel A,31.113,11.744,4.932,3.468,0.0,0.843,20.987
2026-03-01 21:00:00,Hostel A,27.044,2.016,5.294,3.468,0.0,0.871,11.649
2026-03-01 22:00:00,Hostel A,27.2,2.53,5.496,3.468,0.0,0.812,12.305
2026-03-01 23:00:00,Hostel A,28.121,4.295,5.781,3.468,0.0,0.849,14.393
2026-03-02 00:00:00,Hostel A,25.093,0.0,6.19,4.08,0.0,0.894,11.164
2026-03-02 01:00:00,Hostel A,25.164,0.0,6.105,4.08,0.0,0.817,11.002
2026-03-02 02:00:00,Hostel A,22.814,0.0,6.828,4.08,0.0,0.892,11.799
2026-03-02 03:00:00,Hostel A,25.439,0.0,6.068,4.08,0.0,0.828,10.976
2026-03-02 04:00:00,Hostel A,24.06,0.0,6.884,4.08,0.0,0.827,11.791
2026-03-02 05:00:00,Hostel A,25.094,0.0,5.965,4.08,11.669,0.828,22.542
2026-03-02 06:00:00,Hostel A,28.083,4.703,6.225,4.08,12.613,0.894,28.515
2026-03-02 07:00:00,Hostel A,28.516,7.485,6.285,0.0,13.802,0.864,28.436
2026-03-02 08:00:00,Hostel A,28.141,5.015,6.14,0.0,14.647,0.878,26.679
2026-03-02 09:00:00,Hostel A,29.407,4.258,2.354,0.0,0.0,0.843,7.455
2026-03-02 10:00:00,Hostel A,31.227,5.892,2.49,0.0,0.0,0.889,9.271
2026-03-02 11:00:00,Hostel A,33.51,7.08,2.551,0.0,0.0,0.862,10.493
2026-03-02 12:00:00,Hostel A,34.137,10.146,2.536,0.0,0.0,0.864,13.546
2026-03-02 13:00:00,Hostel A,34.801,8.18,2.814,0.0,0.0,0.878,11.872
2026-03-02 14:00:00,Hostel A,37.263,10.961,2.38,0.0,0.0,0.88,14.221
2026-03-02 15:00:00,Hostel A,35.886,12.188,2.581,0.0,0.0,0.871,15.64
2026-03-02 16:00:00,Hostel A,38.095,13.222,2.374,0.0,0.0,0.821,16.416
2026-03-02 17:00:00,Hostel A,35.287,11.755,2.899,0.0,0.0,0.888,15.543
2026-03-02 18:00:00,Hostel A,36.028,28.468,6.84,4.08,0.0,0.833,40.222
2026-03-02 19:00:00,Hostel A,33.357,20.803,7.115,4.08,0.0,0.9,32.897
2026-03-02 20:00:00,Hostel A,32.516,16.359,7.012,4.08,0.0,0.845,28.296
2026-03-02 21:00:00,Hostel A,29.275,7.727,6.163,4.08,0.0,0.821,18.791
2026-03-02 22:00:00,Hostel A,27.593,5.02,6.7,4.08,0.0,0.838,16.638
2026-03-02 23:00:00,Hostel A,27.46,3.403,6.15,4.08,0.0,0.862,14.495
2026-03-03 00:00:00,Hostel A,26.746,2.042,6.98,4.08,0.0,0.845,13.947
2026-03-03 01:00:00,Hostel A,24.844,0.0,6.299,4.08,0.0,0.885,11.263
2026-03-03 02:00:00,Hostel A,22.918,0.0,6.249,4.08,0.0,0.871,11.2
2026-03-03 03:00:00,Hostel A,22.64,0.0,7.017,4.08,0.0,0.829,11.927
2026-03-03 04:00:00,Hostel A,22.777,0.0,6.907,4.08,0.0,0.858,11.845
2026-03-03 05:00:00,Hostel A,23.036,0.0,7.092,4.08,15.034,0.881,27.087
2026-03-03 06:00:00,Hostel A,25.867,0.0,5.807,4.08,11.069,0.89,21.846
2026-03-03 07:00:00,Hostel A,28.125,5.337,6.059,0.0,13.001,0.846,25.243
2026-03-03 08:00:00,Hostel A,28.434,6.514,6.142,0.0,14.312,0.893,27.861
2026-03-03 09:00:00,Hostel A,27.74,1.605,2.602,0.0,0.0,0.813,5.019
2026-03-03 10:00:00,Hostel A,31.362,6.503,2.63,0.0,0.0,0.871,10.004
2026-03-03 11:00:00,Hostel A,32.837,7.096,2.523,0.0,0.0,0.88,10.499
2026-03-03 12:00:00,Hostel A,36.339,11.784,2.817,0.0,0.0,0.848,15.449
2026-03-03 13:00:00,Hostel A,33.739,7.626,2.483,0.0,0.0,0.811,10.92
2026-03-03 14:00:00,Hostel A,35.405,11.675,2.762,0.0,0.0,0.872,15.308
2026-03-03 15:00:00,Hostel A,37.706,14.522,2.853,0.0,0.0,0.841,18.215
2026-03-03 16:00:00,Hostel A,36.246,12.953,2.707,0.0,0.0,0.824,16.484
2026-03-03 17:00:00,Hostel A,35.759,9.143,2.56,0.0,0.0,0.824,12.527
2026-03-03 18:00:00,Hostel A,34.357,26.578,5.98,4.08,0.0,0.879,37.518
2026-03-03 19:00:00,Hostel A,33.33,18.092,5.904,4.08,0.0,0.827,28.902
2026-03-03 20:00:00,Hostel A,32.331,15.998,6.775,4.08,0.0,0.854,27.706
2026-03-03 21:00:00,Hostel A,29.191,7.88,6.382,4.08,0.0,0.897,19.239
2026-03-03 22:00:00,Hostel A,29.325,8.27,5.778,4.08,0.0,0.878,19.006
2026-03-03 23:00:00,Hostel A,25.627,0.0,7.117,4.08,0.0,0.859,12.056
2026-03-04 00:00:00,Hostel A,26.086,0.211,6.671,4.08,0.0,0.858,11.819
2026-03-04 01:00:00,Hostel A,24.983,0.0,6.917,4.08,0.0,0.825,11.823
2026-03-04 02:00:00,Hostel A,23.588,0.0,6.338,4.08,0.0,0.85,11.268
2026-03-04 03:00:00,Hostel A,23.977,0.0,7.076,4.08,0.0,0.823,11.979
2026-03-04 04:00:00,Hostel A,23.582,0.0,5.997,4.08,0.0,0.818,10.894
2026-03-04 05:00:00,Hostel A,23.732,0.0,5.976,4.08,12.592,0.82,23.469
2026-03-04 06:00:00,Hostel A,25.404,0.0,6.983,4.08,10.959,0.865,22.887
2026-03-04 07:00:00,Hostel A,25.896,0.0,6.985,0.0,9.893,0.827,17.706
2026-03-04 08:00:00,Hostel A,28.77,6.279,6.425,0.0,14.965,0.823,28.492
2026-03-04 09:00:00,Hostel A,28.85,2.915,2.426,0.0,0.0,0.888,6.229
2026-03-04 10:00:00,Hostel A,32.265,5.897,2.531,0.0,0.0,0.821,9.249
2026-03-04 11:00:00,Hostel A,31.819,6.875,2.795,0.0,0.0,0.874,10.544
2026-03-04 12:00:00,Hostel A,33.676,8.166,2.849,0.0,0.0,0.848,11.863
2026-03-04 13:00:00,Hostel A,34.572,10.076,2.556,0.0,0.0,0.862,13.494
2026-03-04 14:00:00,Hostel A,37.121,11.737,2.388,0.0,0.0,0.812,14.937
2026-03-04 15:00:00,Hostel A,36.33,11.345,2.743,0.0,0.0,0.81,14.898
2026-03-04 16:00:00,Hostel A,35.584,10.533,2.787,0.0,0.0,0.884,14.204
2026-03-04 17:00:00,Hostel A,35.695,9.081,2.601,0.0,0.0,0.853,12.535
2026-03-04 18:00:00,Hostel A,32.135,16.214,6.545,4.08,0.0,0.816,27.655
2026-03-04 19:00:00,Hostel A,32.957,19.787,7.122,4.08,0.0,0.841,31.83
2026-03-04 20:00:00,Hostel A,33.55,20.789,6.062,4.08,0.0,0.856,31.787
2026-03-04 21:00:00,Hostel A,30.132,9.518,6.53,4.08,0.0,0.822,20.95
2026-03-04 22:00:00,Hostel A,28.515,7.218,6.584,4.08,0.0,0.859,18.742
2026-03-04 23:00:00,Hostel A,27.548,3.912,6.496,4.08,0.0,0.858,15.345
2026-03-05 00:00:00,Hostel A,26.653,1.466,6.953,4.08,0.0,0.864,13.363
2026-03-05 01:00:00,Hostel A,22.806,0.0,6.576,4.08,0.0,0.883,11.539
2026-03-05 02:00:00,Hostel A,22.522,0.0,6.437,4.08,0.0,0.847,11.364
2026-03-05 03:00:00,Hostel A,24.21,0.0,5.888,4.08,0.0,0.89,10.858
2026-03-05 04:00:00,Hostel A,23.49,0.0,6.716,4.08,0.0,0.853,11.649
2026-03-05 05:00:00,Hostel A,26.116,0.285,5.901,4.08,13.515,0.851,24.632
2026-03-05 06:00:00,Hostel A,25.442,0.0,5.75,4.08,10.124,0.869,20.823
2026-03-05 07:00:00,Hostel A,25.065,0.0,6.41,0.0,10.313,0.866,17.589
2026-03-05 08:00:00,Hostel A,27.179,3.331,6.529,0.0,15.958,0.811,26.63
2026-03-05 09:00:00,Hostel A,27.25,1.542,2.939,0.0,0.0,0.898,5.38
2026-03-05 10:00:00,Hostel A,31.319,5.694,2.771,0.0,0.0,0.895,9.36
2026-03-05 11:00:00,Hostel A,32.812,6.384,2.851,0.0,0.0,0.835,10.07
2026-03-05 12:00:00,Hostel A,33.818,8.831,2.556,0.0,0.0,0.86,12.247
2026-03-05 13:00:00,Hostel A,36.275,13.467,2.651,0.0,0.0,0.879,16.998
2026-03-05 14:00:00,Hostel A,36.994,14.295,2.925,0.0,0.0,0.893,18.113
2026-03-05 15:00:00,Hostel A,35.83,9.886,2.597,0.0,0.0,0.863,13.347
2026-03-05 16:00:00,Hostel A,33.661,9.318,2.827,0.0,0.0,0.812,12.956
2026-03-05 17:00:00,Hostel A,35.813,10.349,2.661,0.0,0.0,0.871,13.882
2026-03-05 18:00:00,Hostel A,34.798,20.979,6.032,4.08,0.0,0.818,31.909
2026-03-05 19:00:00,Hostel A,33.309,20.964,6.541,4.08,0.0,0.87,32.455
2026-03-05 20:00:00,Hostel A,32.534,17.71,6.023,4.08,0.0,0.863,28.676
2026-03-05 21:00:00,Hostel A,28.835,7.788,5.716,4.08,0.0,0.868,18.452
2026-03-05 22:00:00,Hostel A,30.456,13.468,6.049,4.08,0.0,0.827,24.423
2026-03-05 23:00:00,Hostel A,26.041,0.104,5.988,4.08,0.0,0.854,11.026
2026-03-06 00:00:00,Hostel A,26.507,1.453,6.242,4.08,0.0,0.866,12.641
2026-03-06 01:00:00,Hostel A,23.116,0.0,6.981,4.08,0.0,0.837,11.898
2026-03-06 02:00:00,Hostel A,23.274,0.0,6.266,4.08,0.0,0.826,11.172
2026-03-06 03:00:00,Hostel A,25.516,0.0,6.919,4.08,0.0,0.83,11.829
2026-03-06 04:00:00,Hostel A,23.944,0.0,6.505,4.08,0.0,0.887,11.473
2026-03-06 05:00:00,Hostel A,25.644,0.0,5.723,4.08,14.211,0.852,24.865
2026-03-06 06:00:00,Hostel A,25.994,0.0,5.982,4.08,10.417,0.869,21.348
2026-03-06 07:00:00,Hostel A,26.895,2.586,7.042,0.0,13.673,0.856,24.157
2026-03-06 08:00:00,Hostel A,29.811,12.014,6.575,0.0,15.131,0.885,34.605
2026-03-06 09:00:00,Hostel A,29.763,4.803,2.899,0.0,0.0,0.856,8.557
2026-03-06 10:00:00,Hostel A,29.772,4.315,2.534,0.0,0.0,0.818,7.668
2026-03-06 11:00:00,Hostel A,32.197,6.611,2.773,0.0,0.0,0.828,10.213
2026-03-06 12:00:00,Hostel A,34.794,10.09,2.806,0.0,0.0,0.811,13.707
2026-03-06 13:00:00,Hostel A,35.592,11.894,2.926,0.0,0.0,0.885,15.704
2026-03-06 14:00:00,Hostel A,34.228,10.35,2.363,0.0,0.0,0.87,13.583
2026-03-06 15:00:00,Hostel A,35.276,11.513,2.912,0.0,0.0,0.878,15.303
2026-03-06 16:00:00,Hostel A,35.214,10.118,2.582,0.0,0.0,0.874,13.574
2026-03-06 17:00:00,Hostel A,34.831,8.526,2.845,0.0,0.0,0.884,12.255
2026-03-06 18:00:00,Hostel A,32.867,19.059,6.49,4.08,0.0,0.899,30.527
2026-03-06 19:00:00,Hostel A,32.372,15.17,6.518,4.08,0.0,0.869,26.637
2026-03-06 20:00:00,Hostel A,30.824,11.045,6.225,4.08,0.0,0.833,22.183
2026-03-06 21:00:00,Hostel A,30.772,12.922,6.895,4.08,0.0,0.819,24.716
2026-03-06 22:00:00,Hostel A,29.256,9.306,6.089,4.08,0.0,0.863,20.338
2026-03-06 23:00:00,Hostel A,26.854,2.604,6.415,4.08,0.0,0.879,13.978
2026-03-07 00:00:00,Hostel A,25.365,0.0,5.535,3.468,0.0,0.861,9.864
2026-03-07 01:00:00,Hostel A,24.944,0.0,5.756,3.468,0.0,0.837,10.062
2026-03-07 02:00:00,Hostel A,23.388,0.0,5.428,3.468,0.0,0.875,9.77
2026-03-07 03:00:00,Hostel A,22.853,0.0,5.681,3.468,0.0,0.85,9.999
2026-03-07 04:00:00,Hostel A,23.264,0.0,5.444,3.468,0.0,0.836,9.748
2026-03-07 05:00:00,Hostel A,24.169,0.0,5.655,3.468,13.802,0.886,23.812
2026-03-07 06:00:00,Hostel A,24.594,0.0,5.673,3.468,13.367,0.862,23.37
2026-03-07 07:00:00,Hostel A,27.162,2.259,5.716,0.0,9.707,0.836,18.518
2026-03-07 08:00:00,Hostel A,29.177,6.429,5.855,0.0,10.875,0.84,23.998
2026-03-07 09:00:00,Hostel A,28.413,2.549,2.269,0.0,0.0,0.861,5.68
2026-03-07 10:00:00,Hostel A,31.578,5.745,2.096,0.0,0.0,0.848,8.689
2026-03-07 11:00:00,Hostel A,32.78,7.448,2.339,0.0,0.0,0.824,10.611
2026-03-07 12:00:00,Hostel A,34.584,9.516,2.038,0.0,0.0,0.865,12.419
2026-03-07 13:00:00,Hostel A,35.183,9.917,2.109,0.0,0.0,0.872,12.898
2026-03-07 14:00:00,Hostel A,34.342,6.886,2.395,0.0,0.0,0.81,10.091
2026-03-07 15:00:00,Hostel A,34.738,9.392,2.217,0.0,0.0,0.858,12.467
2026-03-07 16:00:00,Hostel A,35.825,10.43,2.248,0.0,0.0,0.862,13.54
2026-03-07 17:00:00,Hostel A,36.225,10.966,2.493,0.0,0.0,0.84,14.299
2026-03-07 18:00:00,Hostel A,32.028,12.177,5.141,3.468,0.0,0.84,21.626
2026-03-07 19:00:00,Hostel A,33.346,14.629,4.879,3.468,0.0,0.839,23.814
2026-03-07 20:00:00,Hostel A,32.743,17.851,4.99,3.468,0.0,0.85,27.159
2026-03-07 21:00:00,Hostel A,29.847,7.84,5.152,3.468,0.0,0.883,17.343
2026-03-07 22:00:00,Hostel A,28.997,6.583,5.736,3.468,0.0,0.852,16.639
2026-03-07 23:00:00,Hostel A,26.297,0.673,5.797,3.468,0.0,0.899,10.838
2026-03-08 00:00:00,Hostel A,25.638,0.0,5.542,3.468,0.0,0.844,9.853
2026-03-08 01:00:00,Hostel A,23.183,0.0,5.165,3.468,0.0,0.873,9.506
2026-03-08 02:00:00,Hostel A,21.86,0.0,5.488,3.468,0.0,0.859,9.816
2026-03-08 03:00:00,Hostel A,24.943,0.0,4.873,3.468,0.0,0.879,9.22
2026-03-08 04:00:00,Hostel A,23.219,0.0,5.683,3.468,0.0,0.89,10.041
2026-03-08 05:00:00,Hostel A,24.348,0.0,5.601,3.468,14.347,0.856,24.272
2026-03-08 06:00:00,Hostel A,24.371,0.0,4.882,3.468,13.005,0.855,22.209
2026-03-08 07:00:00,Hostel A,25.59,0.0,5.847,0.0,10.317,0.895,17.059
2026-03-08 08:00:00,Hostel A,28.273,5.149,5.782,0.0,15.676,0.894,27.501
2026-03-08 09:00:00,Hostel A,29.27,2.56,2.153,0.0,0.0,0.9,5.613
2026-03-08 10:00:00,Hostel A,31.931,6.178,2.317,0.0,0.0,0.824,9.319
2026-03-08 11:00:00,Hostel A,33.453,8.306,2.3,0.0,0.0,0.81,11.416
2026-03-08 12:00:00,Hostel A,34.563,8.203,2.071,0.0,0.0,0.849,11.123
2026-03-08 13:00:00,Hostel A,35.435,8.594,2.096,0.0,0.0,0.876,11.566
2026-03-08 14:00:00,Hostel A,37.373,10.377,2.341,0.0,0.0,0.817,13.534
2026-03-08 15:00:00,Hostel A,34.932,7.263,2.466,0.0,0.0,0.844,10.572
2026-03-08 16:00:00,Hostel A,35.741,8.475,2.287,0.0,0.0,0.862,11.624
2026-03-08 17:00:00,Hostel A,36.329,9.802,2.283,0.0,0.0,0.829,12.914
2026-03-08 18:00:00,Hostel A,35.507,21.368,5.64,3.468,0.0,0.876,31.352
2026-03-08 19:00:00,Hostel A,31.578,13.051,5.39,3.468,0.0,0.831,22.739
2026-03-08 20:00:00,Hostel A,31.241,13.556,4.921,3.468,0.0,0.886,22.83
2026-03-08 21:00:00,Hostel A,31.358,11.143,5.336,3.468,0.0,0.841,20.789
2026-03-08 22:00:00,Hostel A,28.955,5.671,5.948,3.468,0.0,0.864,15.951
2026-03-08 23:00:00,Hostel A,27.195,2.304,5.832,3.468,0.0,0.859,12.463
2026-03-09 00:00:00,Hostel A,25.54,0.0,7.036,4.08,0.0,0.837,11.953
2026-03-09 01:00:00,Hostel A,24.42,10.133,5.93,6.528,0.0,0.85,23.44
2026-03-09 02:00:00,Hostel A,24.493,10.133,6.435,6.528,0.0,0.886,23.981
2026-03-09 03:00:00,Hostel A,23.748,10.133,6.547,6.528,0.0,0.859,24.067
2026-03-09 04:00:00,Hostel A,24.162,10.133,6.012,6.528,0.0,0.815,23.487
2026-03-09 05:00:00,Hostel A,24.882,10.133,5.999,6.528,15.329,0.874,38.863
2026-03-09 06:00:00,Hostel A,25.079,0.0,6.829,4.08,10.824,0.826,22.559
2026-03-09 07:00:00,Hostel A,27.532,4.007,6.671,0.0,11.356,0.854,22.887
2026-03-09 08:00:00,Hostel A,31.361,13.667,6.636,0.0,0.0,0.852,21.155
2026-03-09 09:00:00,Hostel A,28.223,2.804,2.509,0.0,0.0,0.854,6.167
2026-03-09 10:00:00,Hostel A,31.877,6.526,2.65,0.0,0.0,0.813,9.988
2026-03-09 11:00:00,Hostel A,32.24,6.289,2.366,0.0,0.0,0.835,9.489
2026-03-09 12:00:00,Hostel A,34.82,9.106,2.428,0.0,0.0,0.815,12.349
2026-03-09 13:00:00,Hostel A,35.243,8.988,2.657,0.0,0.0,0.847,12.492
2026-03-09 14:00:00,Hostel A,36.557,13.518,2.534,0.0,0.0,0.866,16.918
2026-03-09 15:00:00,Hostel A,37.176,10.489,2.92,0.0,0.0,0.869,14.278
2026-03-09 16:00:00,Hostel A,35.988,9.227,2.629,0.0,0.0,0.816,12.672
2026-03-09 17:00:00,Hostel A,36.328,10.233,2.401,0.0,0.0,0.821,13.455
2026-03-09 18:00:00,Hostel A,31.898,17.734,5.737,4.08,0.0,0.87,28.421
2026-03-09 19:00:00,Hostel A,34.59,23.468,6.748,4.08,0.0,0.858,35.153
2026-03-09 20:00:00,Hostel A,31.928,16.774,5.957,4.08,0.0,0.885,27.696
2026-03-09 21:00:00,Hostel A,31.078,13.067,5.98,4.08,0.0,0.828,23.956
2026-03-09 22:00:00,Hostel A,27.227,2.819,6.317,4.08,0.0,0.821,14.037
2026-03-09 23:00:00,Hostel A,26.169,0.516,6.089,4.08,0.0,0.843,11.528
2026-03-10 00:00:00,Hostel A,25.903,0.0,6.592,4.08,0.0,0.867,11.54
2026-03-10 01:00:00,Hostel A,24.787,0.0,6.406,4.08,0.0,0.854,11.339
2026-03-10 02:00:00,Hostel A,24.488,0.0,5.871,4.08,0.0,0.819,10.77
2026-03-10 03:00:00,Hostel A,25.085,0.0,6.833,4.08,0.0,0.816,11.729
2026-03-10 04:00:00,Hostel A,22.439,0.0,6.32,4.08,0.0,0.871,11.271
2026-03-10 05:00:00,Hostel A,25.778,0.0,6.584,4.08,11.516,0.837,23.017
2026-03-10 06:00:00,Hostel A,25.766,0.0,5.718,4.08,14.921,0.87,25.589
2026-03-10 07:00:00,Hostel A,26.796,1.96,6.606,0.0,10.149,0.837,19.553
2026-03-10 08:00:00,Hostel A,26.976,2.503,6.116,0.0,14.505,0.838,23.962
2026-03-10 09:00:00,Hostel A,30.503,5.43,2.643,0.0,0.0,0.829,8.902
2026-03-10 10:00:00,Hostel A,29.139,2.966,2.527,0.0,0.0,0.899,6.391
2026-03-10 11:00:00,Hostel A,33.648,7.378,2.938,0.0,0.0,0.811,11.127
2026-03-10 12:00:00,Hostel A,32.751,7.84,2.488,0.0,0.0,0.821,11.149
2026-03-10 13:00:00,Hostel A,35.25,10.709,2.889,0.0,0.0,0.885,14.483
2026-03-10 14:00:00,Hostel A,35.676,12.595,2.892,0.0,0.0,0.822,16.31
2026-03-10 15:00:00,Hostel A,37.17,11.909,2.6,0.0,0.0,0.835,15.344
2026-03-10 16:00:00,Hostel A,35.617,9.082,2.531,0.0,0.0,0.834,12.446
2026-03-10 17:00:00,Hostel A,34.502,9.611,2.576,0.0,0.0,0.873,13.059
2026-03-10 18:00:00,Hostel A,33.736,21.983,7.125,4.08,0.0,0.847,34.035
2026-03-10 19:00:00,Hostel A,34.273,19.563,6.596,4.08,0.0,0.886,31.125
2026-03-10 20:00:00,Hostel A,32.089,16.806,6.49,4.08,0.0,0.877,28.253
2026-03-10 21:00:00,Hostel A,29.614,8.748,5.763,4.08,0.0,0.858,19.449
2026-03-10 22:00:00,Hostel A,28.211,6.718,6.923,4.08,0.0,0.832,18.553
2026-03-10 23:00:00,Hostel A,25.433,0.0,5.832,4.08,0.0,0.881,10.793
2026-03-11 00:00:00,Hostel A,26.146,0.385,5.779,4.08,0.0,0.888,11.132
2026-03-11 01:00:00,Hostel A,23.044,0.0,6.104,4.08,0.0,0.885,11.07
2026-03-11 02:00:00,Hostel A,24.956,0.0,6.391,4.08,0.0,0.815,11.286
2026-03-11 03:00:00,Hostel A,24.129,0.0,6.99,4.08,0.0,0.873,11.943
2026-03-11 04:00:00,Hostel A,26.591,1.528,6.84,4.08,0.0,0.873,13.321
2026-03-11 05:00:00,Hostel A,23.704,0.0,5.994,4.08,10.355,0.895,21.324
2026-03-11 06:00:00,Hostel A,25.655,0.0,6.243,4.08,14.859,0.834,26.016
2026-03-11 07:00:00,Hostel A,28.798,7.268,6.826,0.0,13.451,0.881,28.426
2026-03-11 08:00:00,Hostel A,29.638,9.027,6.465,0.0,9.971,0.872,26.335
2026-03-11 09:00:00,Hostel A,29.304,4.274,2.455,0.0,0.0,0.889,7.618
2026-03-11 10:00:00,Hostel A,31.777,6.244,2.585,0.0,0.0,0.872,9.701
2026-03-11 11:00:00,Hostel A,33.002,8.536,2.72,0.0,0.0,0.887,12.143
2026-03-11 12:00:00,Hostel A,34.525,9.13,2.924,0.0,0.0,0.842,12.897
2026-03-11 13:00:00,Hostel A,34.497,8.248,2.741,0.0,0.0,0.824,11.813
2026-03-11 14:00:00,Hostel A,35.706,12.216,2.362,0.0,0.0,0.843,15.421
2026-03-11 15:00:00,Hostel A,34.402,7.721,2.767,0.0,0.0,0.883,11.371
2026-03-11 16:00:00,Hostel A,35.931,9.343,2.5,0.0,0.0,0.822,12.664
2026-03-11 17:00:00,Hostel A,35.646,10.246,2.859,0.0,0.0,0.867,13.973
2026-03-11 18:00:00,Hostel A,34.015,23.149,6.26,4.08,0.0,0.899,34.388
2026-03-11 19:00:00,Hostel A,31.385,13.775,5.997,4.08,0.0,0.891,24.742
2026-03-11 20:00:00,Hostel A,32.541,15.01,6.38,4.08,0.0,0.87,26.341
2026-03-11 21:00:00,Hostel A,30.365,11.065,6.076,4.08,0.0,0.881,22.103
2026-03-11 22:00:00,Hostel A,27.721,4.243,6.049,4.08,0.0,0.82,15.193
2026-03-11 23:00:00,Hostel A,26.719,1.609,6.531,4.08,0.0,0.855,13.074
2026-03-12 00:00:00,Hostel A,24.257,0.0,6.808,4.08,0.0,0.858,11.746
2026-03-12 01:00:00,Hostel A,23.778,0.0,6.904,4.08,0.0,0.88,11.865
2026-03-12 02:00:00,Hostel A,23.667,0.0,6.28,4.08,0.0,0.835,11.195
2026-03-12 03:00:00,Hostel A,25.228,0.0,5.807,4.08,0.0,0.82,10.707
2026-03-12 04:00:00,Hostel A,23.565,0.0,6.403,4.08,0.0,0.873,11.356
2026-03-12 05:00:00,Hostel A,25.444,0.0,6.331,4.08,13.336,0.854,24.602
2026-03-12 06:00:00,Hostel A,25.219,0.0,5.993,4.08,12.032,0.886,22.991
2026-03-12 07:00:00,Hostel A,27.248,3.079,6.992,0.0,15.418,0.853,26.343
2026-03-12 08:00:00,Hostel A,28.306,7.254,7.103,0.0,12.672,0.886,27.916
2026-03-12 09:00:00,Hostel A,30.873,4.843,2.382,0.0,0.0,0.856,8.081
2026-03-12 10:00:00,Hostel A,31.018,4.972,2.82,0.0,0.0,0.88,8.673
2026-03-12 11:00:00,Hostel A,31.427,5.938,2.732,0.0,0.0,0.875,9.544
2026-03-12 12:00:00,Hostel A,32.861,6.815,2.506,0.0,0.0,0.834,10.154
2026-03-12 13:00:00,Hostel A,34.664,8.495,2.725,0.0,0.0,0.838,12.058
2026-03-12 14:00:00,Hostel A,34.546,8.175,2.428,0.0,0.0,0.891,11.493
2026-03-12 15:00:00,Hostel A,36.41,12.188,2.393,0.0,0.0,0.831,15.412
2026-03-12 16:00:00,Hostel A,35.33,10.82,2.936,0.0,0.0,0.873,14.629
2026-03-12 17:00:00,Hostel A,37.571,13.593,2.726,0.0,0.0,0.823,17.142
2026-03-12 18:00:00,Hostel A,32.505,19.324,6.074,4.08,0.0,0.878,30.356
2026-03-12 19:00:00,Hostel A,33.204,18.321,6.355,4.08,0.0,0.83,29.586
2026-03-12 20:00:00,Hostel A,30.425,13.759,7.069,4.08,0.0,0.863,25.772
2026-03-12 21:00:00,Hostel A,29.507,10.283,6.338,4.08,0.0,0.861,21.562
2026-03-12 22:00:00,Hostel A,28.589,7.767,6.998,4.08,0.0,0.828,19.674
2026-03-12 23:00:00,Hostel A,24.675,0.0,6.953,4.08,0.0,0.854,11.887
2026-03-13 00:00:00,Hostel A,25.994,0.0,6.203,4.08,0.0,0.889,11.173
2026-03-13 01:00:00,Hostel A,26.707,1.768,6.706,4.08,0.0,0.871,13.425
2026-03-13 02:00:00,Hostel A,23.751,0.0,6.655,4.08,0.0,0.899,11.635
2026-03-13 03:00:00,Hostel A,24.26,0.0,6.813,4.08,0.0,0.881,11.774
2026-03-13 04:00:00,Hostel A,25.229,0.0,6.235,4.08,0.0,0.868,11.182
2026-03-13 05:00:00,Hostel A,24.64,0.0,5.787,4.08,10.673,0.861,21.4
2026-03-13 06:00:00,Hostel A,25.176,0.0,5.956,4.08,10.941,0.894,21.872
2026-03-13 07:00:00,Hostel A,24.724,0.0,6.592,0.0,12.419,0.857,19.869
2026-03-13 08:00:00,Hostel A,29.088,8.926,6.819,0.0,11.18,0.846,27.771
2026-03-13 09:00:00,Hostel A,29.887,4.431,2.797,0.0,0.0,0.885,8.113
2026-03-13 10:00:00,Hostel A,30.54,4.781,2.695,0.0,0.0,0.895,8.371
2026-03-13 11:00:00,Hostel A,33.127,8.149,2.402,0.0,0.0,0.853,11.403
2026-03-13 12:00:00,Hostel A,33.659,9.725,2.362,0.0,0.0,0.822,12.91
2026-03-13 13:00:00,Hostel A,34.668,10.19,2.812,0.0,0.0,0.865,13.867
2026-03-13 14:00:00,Hostel A,36.402,12.024,2.675,0.0,0.0,0.877,15.576
2026-03-13 15:00:00,Hostel A,34.662,9.527,2.812,0.0,0.0,0.844,13.183
2026-03-13 16:00:00,Hostel A,36.843,11.438,2.448,0.0,0.0,0.877,14.763
2026-03-13 17:00:00,Hostel A,33.798,9.31,2.592,0.0,0.0,0.858,12.759
2026-03-13 18:00:00,Hostel A,33.58,24.023,7.025,4.08,0.0,0.837,35.965
2026-03-13 19:00:00,Hostel A,34.923,23.534,5.957,4.08,0.0,0.867,34.437
2026-03-13 20:00:00,Hostel A,32.68,17.411,5.8,4.08,0.0,0.845,28.136
2026-03-13 21:00:00,Hostel A,30.098,10.82,6.645,4.08,0.0,0.881,22.426
2026-03-13 22:00:00,Hostel A,27.507,3.975,6.561,4.08,0.0,0.81,15.426
2026-03-13 23:00:00,Hostel A,26.471,1.496,7.071,4.08,0.0,0.884,13.531
2026-03-14 00:00:00,Hostel A,25.831,0.0,5.955,3.468,0.0,0.838,10.261
2026-03-14 01:00:00,Hostel A,24.841,0.0,5.765,3.468,0.0,0.896,10.129
2026-03-14 02:00:00,Hostel A,24.114,0.0,4.878,3.468,0.0,0.878,9.225
2026-03-14 03:00:00,Hostel A,23.969,0.0,5.438,3.468,0.0,0.832,9.738
2026-03-14 04:00:00,Hostel A,23.99,0.0,5.943,3.468,0.0,0.898,10.309
2026-03-14 05:00:00,Hostel A,23.362,0.0,5.382,3.468,11.509,0.855,21.214
2026-03-14 06:00:00,Hostel A,25.241,0.0,6.023,3.468,13.136,0.857,23.484
2026-03-14 07:00:00,Hostel A,27.915,4.659,5.647,0.0,15.587,0.892,26.785
2026-03-14 08:00:00,Hostel A,27.079,2.22,4.988,0.0,15.162,0.893,23.263
2026-03-14 09:00:00,Hostel A,29.81,3.904,2.254,0.0,0.0,0.873,7.031
2026-03-14 10:00:00,Hostel A,30.733,4.836,2.347,0.0,0.0,0.898,8.081
2026-03-14 11:00:00,Hostel A,33.111,6.178,2.032,0.0,0.0,0.84,9.05
2026-03-14 12:00:00,Hostel A,33.854,7.771,2.171,0.0,0.0,0.831,10.773
2026-03-14 13:00:00,Hostel A,36.674,10.518,2.358,0.0,0.0,0.813,13.688
2026-03-14 14:00:00,Hostel A,36.302,10.941,2.078,0.0,0.0,0.841,13.86
2026-03-14 15:00:00,Hostel A,34.688,7.181,2.173,0.0,0.0,0.864,10.218
2026-03-14 16:00:00,Hostel A,36.467,8.856,2.344,0.0,0.0,0.837,12.038
2026-03-14 17:00:00,Hostel A,34.422,7.946,2.387,0.0,0.0,0.862,11.195
2026-03-14 18:00:00,Hostel A,33.666,14.813,5.485,3.468,0.0,0.814,24.58
2026-03-14 19:00:00,Hostel A,33.314,16.342,6.017,3.468,0.0,0.842,26.668
2026-03-14 20:00:00,Hostel A,31.061,12.841,5.978,3.468,0.0,0.877,23.165
2026-03-14 21:00:00,Hostel A,30.893,9.871,5.43,3.468,0.0,0.819,19.588
2026-03-14 22:00:00,Hostel A,27.673,3.797,5.05,3.468,0.0,0.874,13.19
2026-03-14 23:00:00,Hostel A,26.381,1.029,5.793,3.468,0.0,0.879,11.169
2026-03-15 00:00:00,Hostel A,25.101,0.0,5.15,3.468,0.0,0.861,9.48
2026-03-15 01:00:00,Hostel A,24.238,9.176,5.878,7.079,0.0,0.89,23.023
2026-03-15 02:00:00,Hostel A,25.304,9.176,5.568,7.079,0.0,0.896,22.719
2026-03-15 03:00:00,Hostel A,24.629,9.176,5.334,7.079,0.0,0.813,22.402
2026-03-15 04:00:00,Hostel A,25.914,9.176,5.531,7.079,0.0,0.871,22.657
2026-03-15 05:00:00,Hostel A,27.071,11.798,5.502,7.079,15.014,0.831,40.225
2026-03-15 06:00:00,Hostel A,24.727,0.0,5.978,3.468,12.26,0.847,22.552
2026-03-15 07:00:00,Hostel A,27.07,2.282,5.115,0.0,15.197,0.866,23.461
2026-03-15 08:00:00,Hostel A,27.271,2.443,5.982,0.0,9.991,0.874,19.29
2026-03-15 09:00:00,Hostel A,29.222,3.429,2.015,0.0,0.0,0.886,6.329
2026-03-15 10:00:00,Hostel A,30.923,3.898,2.384,0.0,0.0,0.873,7.155
2026-03-15 11:00:00,Hostel A,31.943,6.133,2.459,0.0,0.0,0.88,9.472
2026-03-15 12:00:00,Hostel A,33.191,6.535,2.196,0.0,0.0,0.864,9.595
2026-03-15 13:00:00,Hostel A,35.052,8.883,2.036,0.0,0.0,0.821,11.739
2026-03-15 14:00:00,Hostel A,34.579,7.411,2.401,0.0,0.0,0.812,10.624
2026-03-15 15:00:00,Hostel A,36.842,9.031,2.42,0.0,0.0,0.858,12.309
2026-03-15 16:00:00,Hostel A,34.878,8.518,2.167,0.0,0.0,0.874,11.56
2026-03-15 17:00:00,Hostel A,38.006,12.165,2.258,0.0,0.0,0.82,15.243
2026-03-15 18:00:00,Hostel A,33.791,16.015,5.838,3.468,0.0,0.849,26.169
2026-03-15 19:00:00,Hostel A,33.072,15.921,5.088,3.468,0.0,0.833,25.31
2026-03-15 20:00:00,Hostel A,30.258,9.614,5.619,3.468,0.0,0.861,19.561
2026-03-15 21:00:00,Hostel A,31.706,11.824,5.378,3.468,0.0,0.845,21.515
2026-03-15 22:00:00,Hostel A,29.567,8.402,5.067,3.468,0.0,0.828,17.765
2026-03-15 23:00:00,Hostel A,27.297,2.614,5.864,3.468,0.0,0.81,12.756
2026-03-16 00:00:00,Hostel A,24.411,0.0,6.176,4.08,0.0,0.839,11.095
2026-03-16 01:00:00,Hostel A,25.015,8.904,7.046,6.105,0.0,0.856,22.911
2026-03-16 02:00:00,Hostel A,23.083,8.904,6.524,6.105,0.0,0.894,22.426
2026-03-16 03:00:00,Hostel A,25.462,8.904,6.447,6.105,0.0,0.83,22.285
2026-03-16 04:00:00,Hostel A,25.014,8.904,6.316,6.105,0.0,0.856,22.181
2026-03-16 05:00:00,Hostel A,24.899,8.904,6.284,6.105,11.19,0.861,33.344
2026-03-16 06:00:00,Hostel A,23.321,0.0,6.88,4.08,14.833,0.868,26.662
2026-03-16 07:00:00,Hostel A,26.017,0.045,6.679,0.0,12.588,0.84,20.152
2026-03-16 08:00:00,Hostel A,29.135,9.448,6.817,0.0,12.627,0.819,29.711
2026-03-16 09:00:00,Hostel A,31.213,5.253,2.6,0.0,0.0,0.893,8.745
2026-03-16 10:00:00,Hostel A,32.662,7.044,2.506,0.0,0.0,0.896,10.446
2026-03-16 11:00:00,Hostel A,31.408,5.128,2.403,0.0,0.0,0.849,8.381
2026-03-16 12:00:00,Hostel A,34.544,9.265,2.809,0.0,0.0,0.862,12.936
2026-03-16 13:00:00,Hostel A,36.212,12.071,2.596,0.0,0.0,0.813,15.48
2026-03-16 14:00:00,Hostel A,34.137,10.162,2.651,0.0,0.0,0.814,13.627
2026-03-16 15:00:00,Hostel A,35.992,11.407,2.628,0.0,0.0,0.817,14.852
2026-03-16 16:00:00,Hostel A,36.069,11.789,2.606,0.0,0.0,0.876,15.271
2026-03-16 17:00:00,Hostel A,34.895,8.794,2.754,0.0,0.0,0.83,12.378
2026-03-16 18:00:00,Hostel A,32.39,14.486,6.581,4.08,0.0,0.827,25.974
2026-03-16 19:00:00,Hostel A,32.674,19.945,7.1,4.08,0.0,0.811,31.936
2026-03-16 20:00:00,Hostel A,31.226,12.494,5.91,4.08,0.0,0.812,23.297
2026-03-16 21:00:00,Hostel A,29.852,8.93,6.531,4.08,0.0,0.846,20.388
2026-03-16 22:00:00,Hostel A,27.884,5.892,5.802,4.08,0.0,0.859,16.633
2026-03-16 23:00:00,Hostel A,26.557,1.756,6.866,4.08,0.0,0.862,13.564
2026-03-17 00:00:00,Hostel A,25.718,0.0,6.592,4.08,0.0,0.851,11.523
2026-03-17 01:00:00,Hostel A,25.246,0.0,6.324,4.08,0.0,0.851,11.255
2026-03-17 02:00:00,Hostel A,23.9,0.0,6.858,4.08,0.0,0.878,11.815
2026-03-17 03:00:00,Hostel A,23.59,0.0,6.362,4.08,0.0,0.836,11.278
2026-03-17 04:00:00,Hostel A,24.297,0.0,6.037,4.08,0.0,0.831,10.949
2026-03-17 05:00:00,Hostel A,22.883,0.0,6.387,4.08,15.465,0.887,26.819
2026-03-17 06:00:00,Hostel A,26.234,0.728,5.813,4.08,13.755,0.872,25.248
2026-03-17 07:00:00,Hostel A,26.999,3.109,6.994,0.0,10.741,0.853,21.697
2026-03-17 08:00:00,Hostel A,28.487,7.096,6.756,0.0,14.699,0.835,29.386
2026-03-17 09:00:00,Hostel A,30.961,4.774,2.799,0.0,0.0,0.822,8.395
2026-03-17 10:00:00,Hostel A,29.6,3.991,2.866,0.0,0.0,0.813,7.671
2026-03-17 11:00:00,Hostel A,31.026,5.103,2.817,0.0,0.0,0.887,8.807
2026-03-17 12:00:00,Hostel A,34.516,10.792,2.606,0.0,0.0,0.863,14.261
2026-03-17 13:00:00,Hostel A,35.189,8.943,2.422,0.0,0.0,0.814,12.179
2026-03-17 14:00:00,Hostel A,35.966,9.369,2.572,0.0,0.0,0.824,12.765
2026-03-17 15:00:00,Hostel A,35.538,11.408,2.901,0.0,0.0,0.835,15.145
2026-03-17 16:00:00,Hostel A,36.46,11.477,2.91,0.0,0.0,0.834,15.221
2026-03-17 17:00:00,Hostel A,36.129,12.649,2.804,0.0,0.0,0.859,16.312
2026-03-17 18:00:00,Hostel A,34.727,20.094,6.004,4.08,0.0,0.846,31.024
2026-03-17 19:00:00,Hostel A,32.739,20.199,5.99,4.08,0.0,0.889,31.158
2026-03-17 20:00:00,Hostel A,29.445,7.81,6.968,4.08,0.0,0.875,19.733
2026-03-17 21:00:00,Hostel A,30.769,10.769,5.915,4.08,0.0,0.892,21.656
2026-03-17 22:00:00,Hostel A,29.669,9.804,6.546,4.08,0.0,0.888,21.318
2026-03-17 23:00:00,Hostel A,27.645,4.017,6.252,4.08,0.0,0.893,15.242
2026-03-18 00:00:00,Hostel A,24.878,0.0,6.143,4.08,0.0,0.898,11.121
2026-03-18 01:00:00,Hostel A,25.478,0.0,6.679,4.08,0.0,0.838,11.597
2026-03-18 02:00:00,Hostel A,25.065,0.0,7.082,4.08,0.0,0.829,11.991
2026-03-18 03:00:00,Hostel A,25.559,0.0,6.822,4.08,0.0,0.825,11.727
2026-03-18 04:00:00,Hostel A,23.328,0.0,6.406,4.08,0.0,0.867,11.353
2026-03-18 05:00:00,Hostel A,24.577,0.0,6.341,4.08,14.27,0.871,25.562
2026-03-18 06:00:00,Hostel A,26.505,1.488,7.008,4.08,14.547,0.818,27.941
2026-03-18 07:00:00,Hostel A,27.057,2.419,6.538,0.0,11.855,0.884,21.696
2026-03-18 08:00:00,Hostel A,27.33,3.946,6.421,0.0,14.713,0.88,25.961
2026-03-18 09:00:00,Hostel A,30.415,4.523,2.754,0.0,0.0,0.867,8.143
2026-03-18 10:00:00,Hostel A,32.132,6.574,2.491,0.0,0.0,0.849,9.915
2026-03-18 11:00:00,Hostel A,33.088,6.754,2.389,0.0,0.0,0.824,9.967
2026-03-18 12:00:00,Hostel A,34.462,10.569,2.855,0.0,0.0,0.856,14.279
2026-03-18 13:00:00,Hostel A,34.937,10.185,2.709,0.0,0.0,0.824,13.718
2026-03-18 14:00:00,Hostel A,37.274,12.598,2.449,0.0,0.0,0.864,15.911
2026-03-18 15:00:00,Hostel A,35.099,11.83,2.527,0.0,0.0,0.838,15.195
2026-03-18 16:00:00,Hostel A,35.208,9.673,2.934,0.0,0.0,0.832,13.439
2026-03-18 17:00:00,Hostel A,35.207,11.688,2.725,0.0,0.0,0.85,15.263
2026-03-18 18:00:00,Hostel A,35.122,26.63,6.62,4.08,0.0,0.862,38.193
2026-03-18 19:00:00,Hostel A,31.503,17.164,5.815,4.08,0.0,0.843,27.902
2026-03-18 20:00:00,Hostel A,30.243,13.149,7.096,4.08,0.0,0.897,25.222
2026-03-18 21:00:00,Hostel A,27.962,6.238,6.987,4.08,0.0,0.811,18.115
2026-03-18 22:00:00,Hostel A,28.48,5.845,6.494,4.08,0.0,0.892,17.312
2026-03-18 23:00:00,Hostel A,25.882,0.0,6.154,4.08,0.0,0.81,11.044
2026-03-19 00:00:00,Hostel A,25.373,0.0,6.709,4.08,0.0,0.83,11.618
2026-03-19 01:00:00,Hostel A,25.465,0.0,6.902,4.08,0.0,0.9,11.882
2026-03-19 02:00:00,Hostel A,23.563,0.0,6.835,4.08,0.0,0.876,11.79
2026-03-19 03:00:00,Hostel A,24.231,0.0,7.107,4.08,0.0,0.868,12.055
2026-03-19 04:00:00,Hostel A,23.905,0.0,6.621,4.08,0.0,0.875,11.577
2026-03-19 05:00:00,Hostel A,25.476,0.0,6.171,4.08,15.027,0.847,26.125
2026-03-19 06:00:00,Hostel A,26.232,0.635,6.423,4.08,15.427,0.881,27.445
2026-03-19 07:00:00,Hostel A,26.308,0.735,6.878,0.0,10.54,0.824,18.976
2026-03-19 08:00:00,Hostel A,28.278,6.658,6.091,0.0,10.762,0.881,24.392
2026-03-19 09:00:00,Hostel A,31.044,4.81,2.488,0.0,0.0,0.895,8.193
2026-03-19 10:00:00,Hostel A,31.946,7.086,2.778,0.0,0.0,0.887,10.751
2026-03-19 11:00:00,Hostel A,31.603,7.02,2.613,0.0,0.0,0.877,10.51
2026-03-19 12:00:00,Hostel A,34.898,9.399,2.832,0.0,0.0,0.869,13.1
2026-03-19 13:00:00,Hostel A,34.112,9.718,2.436,0.0,0.0,0.857,13.012
2026-03-19 14:00:00,Hostel A,37.208,10.989,2.549,0.0,0.0,0.846,14.384
2026-03-19 15:00:00,Hostel A,37.024,13.8,2.51,0.0,0.0,0.888,17.198
2026-03-19 16:00:00,Hostel A,36.085,13.047,2.762,0.0,0.0,0.868,16.677
2026-03-19 17:00:00,Hostel A,35.353,9.156,2.798,0.0,0.0,0.849,12.803
2026-03-19 18:00:00,Hostel A,34.034,23.24,6.363,4.08,0.0,0.881,34.564
2026-03-19 19:00:00,Hostel A,33.679,20.847,6.395,4.08,0.0,0.815,32.136
2026-03-19 20:00:00,Hostel A,31.182,14.196,5.901,4.08,0.0,0.883,25.06
2026-03-19 21:00:00,Hostel A,30.236,12.312,6.714,4.08,0.0,0.883,23.989
2026-03-19 22:00:00,Hostel A,29.319,8.957,7.129,4.08,0.0,0.831,20.996
2026-03-19 23:00:00,Hostel A,26.438,1.229,6.823,4.08,0.0,0.813,12.946
2026-03-20 00:00:00,Hostel A,25.141,0.0,6.031,4.08,0.0,0.874,10.985
2026-03-20 01:00:00,Hostel A,23.609,0.0,6.602,4.08,0.0,0.828,11.51
2026-03-20 02:00:00,Hostel A,23.14,0.0,6.133,4.08,0.0,0.9,11.113
2026-03-20 03:00:00,Hostel A,22.172,0.0,5.755,4.08,0.0,0.811,10.646
2026-03-20 04:00:00,Hostel A,24.934,0.0,5.969,4.08,0.0,0.831,10.879
2026-03-20 05:00:00,Hostel A,26.613,1.475,5.859,4.08,14.632,0.814,26.859
2026-03-20 06:00:00,Hostel A,27.183,3.596,5.992,4.08,12.387,0.88,26.936
2026-03-20 07:00:00,Hostel A,25.374,0.0,6.848,0.0,15.319,0.862,23.03
2026-03-20 08:00:00,Hostel A,29.172,8.3,6.13,0.0,12.034,0.886,27.35
2026-03-20 09:00:00,Hostel A,31.422,5.515,2.797,0.0,0.0,0.897,9.209
2026-03-20 10:00:00,Hostel A,31.096,5.559,2.91,0.0,0.0,0.865,9.333
2026-03-20 11:00:00,Hostel A,33.101,9.202,2.69,0.0,0.0,0.831,12.723
2026-03-20 12:00:00,Hostel A,32.235,6.978,2.637,0.0,0.0,0.818,10.434
2026-03-20 13:00:00,Hostel A,35.463,10.443,2.793,0.0,0.0,0.888,14.124
2026-03-20 14:00:00,Hostel A,34.732,10.588,2.409,0.0,0.0,0.832,13.83
2026-03-20 15:00:00,Hostel A,36.2,10.893,2.604,0.0,0.0,0.89,14.387
2026-03-20 16:00:00,Hostel A,34.234,8.951,2.645,0.0,0.0,0.889,12.485
2026-03-20 17:00:00,Hostel A,35.739,10.24,2.841,0.0,0.0,0.867,13.947
2026-03-20 18:00:00,Hostel A,35.267,22.015,6.875,4.08,0.0,0.864,33.834
2026-03-20 19:00:00,Hostel A,32.217,18.115,6.923,4.08,0.0,0.896,30.014
2026-03-20 20:00:00,Hostel A,30.416,13.54,6.709,4.08,0.0,0.878,25.206
2026-03-20 21:00:00,Hostel A,27.844,5.711,6.47,4.08,0.0,0.871,17.132
2026-03-20 22:00:00,Hostel A,28.181,6.702,6.894,4.08,0.0,0.849,18.526
2026-03-20 23:00:00,Hostel A,26.418,1.114,6.959,4.08,0.0,0.854,13.007
2026-03-21 00:00:00,Hostel A,24.206,0.0,5.438,3.468,0.0,0.845,9.751
2026-03-21 01:00:00,Hostel A,25.257,0.0,6.052,3.468,0.0,0.895,10.415
2026-03-21 02:00:00,Hostel A,23.754,0.0,5.917,3.468,0.0,0.867,10.252
2026-03-21 03:00:00,Hostel A,22.924,0.0,5.475,3.468,0.0,0.88,9.823
2026-03-21 04:00:00,Hostel A,23.65,0.0,4.939,3.468,0.0,0.813,9.221
2026-03-21 05:00:00,Hostel A,25.875,0.0,5.128,3.468,9.956,0.887,19.438
2026-03-21 06:00:00,Hostel A,26.36,0.91,5.798,3.468,12.107,0.848,23.129
2026-03-21 07:00:00,Hostel A,26.87,2.3,4.99,0.0,14.721,0.876,22.888
2026-03-21 08:00:00,Hostel A,29.066,7.717,5.425,0.0,12.209,0.814,26.165
2026-03-21 09:00:00,Hostel A,28.839,2.629,2.302,0.0,0.0,0.89,5.821
2026-03-21 10:00:00,Hostel A,31.585,4.873,2.438,0.0,0.0,0.869,8.181
2026-03-21 11:00:00,Hostel A,33.147,6.777,2.423,0.0,0.0,0.851,10.051
2026-03-21 12:00:00,Hostel A,33.773,6.924,2.381,0.0,0.0,0.837,10.142
2026-03-21 13:00:00,Hostel A,35.632,10.561,2.203,0.0,0.0,0.838,13.602
2026-03-21 14:00:00,Hostel A,35.015,8.573,2.07,0.0,0.0,0.837,11.481
2026-03-21 15:00:00,Hostel A,36.51,9.868,2.334,0.0,0.0,0.822,13.024
2026-03-21 16:00:00,Hostel A,36.347,9.287,2.09,0.0,0.0,0.852,12.228
2026-03-21 17:00:00,Hostel A,32.279,6.247,2.28,0.0,0.0,0.851,9.378
2026-03-21 18:00:00,Hostel A,35.433,21.878,6.046,3.468,0.0,0.847,32.238
2026-03-21 19:00:00,Hostel A,29.952,7.91,5.523,3.468,0.0,0.873,17.775
2026-03-21 20:00:00,Hostel A,30.937,12.851,5.639,3.468,0.0,0.848,22.806
2026-03-21 21:00:00,Hostel A,31.025,10.997,5.678,3.468,0.0,0.818,20.961
2026-03-21 22:00:00,Hostel A,28.13,4.788,5.863,3.468,0.0,0.887,15.006
2026-03-21 23:00:00,Hostel A,25.534,0.0,5.383,3.468,0.0,0.848,9.699
2026-03-22 00:00:00,Hostel A,24.664,0.0,5.459,3.468,0.0,0.869,9.796
2026-03-22 01:00:00,Hostel A,25.831,12.957,5.069,7.43,0.0,0.894,26.349
2026-03-22 02:00:00,Hostel A,22.283,12.957,5.601,7.43,0.0,0.879,26.867
2026-03-22 03:00:00,Hostel A,25.129,12.957,5.214,7.43,0.0,0.858,26.46
2026-03-22 04:00:00,Hostel A,24.149,12.957,5.471,7.43,0.0,0.859,26.717
2026-03-22 05:00:00,Hostel A,23.611,12.957,5.786,7.43,15.847,0.886,42.906
2026-03-22 06:00:00,Hostel A,25.174,0.0,4.877,3.468,13.087,0.884,22.315
2026-03-22 07:00:00,Hostel A,25.983,0.0,5.54,0.0,10.729,0.826,17.095
2026-03-22 08:00:00,Hostel A,29.313,7.081,5.066,0.0,12.82,0.866,25.833
2026-03-22 09:00:00,Hostel A,30.732,5.083,2.139,0.0,0.0,0.888,8.11
2026-03-22 10:00:00,Hostel A,29.834,3.368,2.017,0.0,0.0,0.882,6.267
2026-03-22 11:00:00,Hostel A,32.596,6.173,2.084,0.0,0.0,0.821,9.078
2026-03-22 12:00:00,Hostel A,33.379,7.506,2.492,0.0,0.0,0.849,10.847
2026-03-22 13:00:00,Hostel A,36.49,11.253,2.498,0.0,0.0,0.857,14.608
2026-03-22 14:00:00,Hostel A,34.445,8.457,2.359,0.0,0.0,0.833,11.649
2026-03-22 15:00:00,Hostel A,37.604,11.987,2.305,0.0,0.0,0.871,15.163
2026-03-22 16:00:00,Hostel A,35.762,8.19,2.388,0.0,0.0,0.853,11.43
2026-03-22 17:00:00,Hostel A,34.034,8.634,2.447,0.0,0.0,0.837,11.918
2026-03-22 18:00:00,Hostel A,33.565,16.044,5.486,3.468,0.0,0.84,25.837
2026-03-22 19:00:00,Hostel A,32.198,12.402,4.898,3.468,0.0,0.887,21.656
2026-03-22 20:00:00,Hostel A,30.278,11.509,5.716,3.468,0.0,0.888,21.581
2026-03-22 21:00:00,Hostel A,30.095,8.437,6.05,3.468,0.0,0.883,18.839
2026-03-22 22:00:00,Hostel A,27.219,2.448,5.168,3.468,0.0,0.892,11.976
2026-03-22 23:00:00,Hostel A,24.82,0.0,5.418,3.468,0.0,0.896,9.781
2026-03-23 00:00:00,Hostel A,25.378,0.0,6.228,4.08,0.0,0.854,11.162
2026-03-23 01:00:00,Hostel A,23.001,0.0,6.27,4.08,0.0,0.819,11.168
2026-03-23 02:00:00,Hostel A,23.452,0.0,6.742,4.08,0.0,0.882,11.704
2026-03-23 03:00:00,Hostel A,23.091,0.0,6.252,4.08,0.0,0.867,11.199
2026-03-23 04:00:00,Hostel A,23.333,0.0,7.056,4.08,0.0,0.844,11.98
2026-03-23 05:00:00,Hostel A,26.805,1.915,6.84,4.08,14.904,0.898,28.636
2026-03-23 06:00:00,Hostel A,25.814,0.0,5.751,4.08,10.539,0.84,21.211
2026-03-23 07:00:00,Hostel A,27.245,3.748,6.881,0.0,14.524,0.892,26.044
2026-03-23 08:00:00,Hostel A,26.671,1.6,6.816,0.0,10.774,0.863,20.053
2026-03-23 09:00:00,Hostel A,29.346,3.348,2.656,0.0,0.0,0.813,6.817
2026-03-23 10:00:00,Hostel A,31.768,5.305,2.644,0.0,0.0,0.887,8.837
2026-03-23 11:00:00,Hostel A,31.975,6.724,2.843,0.0,0.0,0.879,10.446
2026-03-23 12:00:00,Hostel A,35.151,9.109,2.602,0.0,0.0,0.868,12.578
2026-03-23 13:00:00,Hostel A,33.993,9.623,2.446,0.0,0.0,0.865,12.935
2026-03-23 14:00:00,Hostel A,35.509,12.339,2.536,0.0,0.0,0.83,15.705
2026-03-23 15:00:00,Hostel A,35.414,9.423,2.508,0.0,0.0,0.829,12.76
2026-03-23 16:00:00,Hostel A,35.96,11.696,2.752,0.0,0.0,0.813,15.261
2026-03-23 17:00:00,Hostel A,34.556,8.574,2.457,0.0,0.0,0.824,11.855
2026-03-23 18:00:00,Hostel A,33.972,17.924,6.633,4.08,0.0,0.84,29.477
2026-03-23 19:00:00,Hostel A,32.764,19.998,6.377,4.08,0.0,0.859,31.314
2026-03-23 20:00:00,Hostel A,30.819,12.751,6.911,4.08,0.0,0.822,24.564
2026-03-23 21:00:00,Hostel A,30.485,14.068,6.405,4.08,0.0,0.86,25.413
2026-03-23 22:00:00,Hostel A,28.685,7.364,7.04,4.08,0.0,0.834,19.317
2026-03-23 23:00:00,Hostel A,26.911,2.171,6.998,4.08,0.0,0.833,14.082
2026-03-24 00:00:00,Hostel A,25.327,0.0,5.977,4.08,0.0,0.895,10.952
2026-03-24 01:00:00,Hostel A,25.6,0.0,6.692,4.08,0.0,0.899,11.671
2026-03-24 02:00:00,Hostel A,23.969,0.0,6.018,4.08,0.0,0.883,10.982
2026-03-24 03:00:00,Hostel A,23.693,0.0,6.888,4.08,0.0,0.815,11.783
2026-03-24 04:00:00,Hostel A,24.309,0.0,6.62,4.08,0.0,0.876,11.575
2026-03-24 05:00:00,Hostel A,26.5,1.369,6.132,4.08,15.038,0.826,27.446
2026-03-24 06:00:00,Hostel A,24.417,0.0,6.068,4.08,10.924,0.861,21.933
2026-03-24 07:00:00,Hostel A,27.77,5.274,6.325,0.0,11.95,0.89,24.44
2026-03-24 08:00:00,Hostel A,26.554,1.278,6.855,0.0,15.938,0.844,24.916
2026-03-24 09:00:00,Hostel A,30.217,3.912,2.82,0.0,0.0,0.894,7.626
2026-03-24 10:00:00,Hostel A,33.128,6.87,2.372,0.0,0.0,0.874,10.115
2026-03-24 11:00:00,Hostel A,33.489,8.045,2.53,0.0,0.0,0.837,11.412
2026-03-24 12:00:00,Hostel A,34.413,9.276,2.601,0.0,0.0,0.819,12.695
2026-03-24 13:00:00,Hostel A,34.636,8.398,2.696,0.0,0.0,0.883,11.978
2026-03-24 14:00:00,Hostel A,35.827,10.619,2.44,0.0,0.0,0.851,13.91
2026-03-24 15:00:00,Hostel A,35.748,10.651,2.549,0.0,0.0,0.817,14.017
2026-03-24 16:00:00,Hostel A,35.01,8.665,2.873,0.0,0.0,0.819,12.357
2026-03-24 17:00:00,Hostel A,34.906,11.397,2.632,0.0,0.0,0.897,14.926
2026-03-24 18:00:00,Hostel A,34.441,23.67,6.775,4.08,0.0,0.832,35.357
2026-03-24 19:00:00,Hostel A,32.233,16.223,6.404,4.08,0.0,0.897,27.604
2026-03-24 20:00:00,Hostel A,30.747,12.892,6.376,4.08,0.0,0.871,24.219
2026-03-24 21:00:00,Hostel A,28.64,6.683,6.6,4.08,0.0,0.837,18.2
2026-03-24 22:00:00,Hostel A,28.838,8.65,6.082,4.08,0.0,0.845,19.657
2026-03-24 23:00:00,Hostel A,27.545,4.298,6.069,4.08,0.0,0.88,15.326
2026-03-25 00:00:00,Hostel A,25.989,0.0,7.125,4.08,0.0,0.849,12.054
2026-03-25 01:00:00,Hostel A,25.769,0.0,6.953,4.08,0.0,0.817,11.85
2026-03-25 02:00:00,Hostel A,24.292,0.0,6.766,4.08,0.0,0.831,11.676
2026-03-25 03:00:00,Hostel A,24.392,0.0,5.908,4.08,0.0,0.887,10.875
2026-03-25 04:00:00,Hostel A,24.508,0.0,5.755,4.08,0.0,0.873,10.708
2026-03-25 05:00:00,Hostel A,24.712,0.0,5.962,4.08,12.805,0.855,23.702
2026-03-25 06:00:00,Hostel A,25.227,0.0,7.051,4.08,13.195,0.832,25.158
2026-03-25 07:00:00,Hostel A,29.214,8.612,6.878,0.0,13.212,0.853,29.554
2026-03-25 08:00:00,Hostel A,27.995,5.756,6.459,0.0,9.959,0.881,23.055
2026-03-25 09:00:00,Hostel A,29.334,4.062,2.922,0.0,0.0,0.817,7.801
2026-03-25 10:00:00,Hostel A,31.987,6.197,2.438,0.0,0.0,0.9,9.534
2026-03-25 11:00:00,Hostel A,33.252,7.475,2.681,0.0,0.0,0.887,11.044
2026-03-25 12:00:00,Hostel A,32.838,7.604,2.46,0.0,0.0,0.839,10.902
2026-03-25 13:00:00,Hostel A,36.319,10.592,2.532,0.0,0.0,0.888,14.012
2026-03-25 14:00:00,Hostel A,35.701,11.462,2.905,0.0,0.0,0.871,15.238
2026-03-25 15:00:00,Hostel A,34.889,10.78,2.863,0.0,0.0,0.87,14.513
2026-03-25 16:00:00,Hostel A,36.984,12.133,2.412,0.0,0.0,0.823,15.368
2026-03-25 17:00:00,Hostel A,35.822,11.823,2.499,0.0,0.0,0.892,15.213
2026-03-25 18:00:00,Hostel A,32.978,18.976,6.561,4.08,0.0,0.851,30.467
2026-03-25 19:00:00,Hostel A,34.777,25.567,5.8,4.08,0.0,0.882,36.329
2026-03-25 20:00:00,Hostel A,32.212,15.196,6.498,4.08,0.0,0.837,26.611
2026-03-25 21:00:00,Hostel A,29.99,11.721,6.547,4.08,0.0,0.838,23.185
2026-03-25 22:00:00,Hostel A,30.037,11.769,6.128,4.08,0.0,0.897,22.873
2026-03-25 23:00:00,Hostel A,27.159,2.882,6.131,4.08,0.0,0.855,13.948
2026-03-26 00:00:00,Hostel A,25.729,0.0,6.039,4.08,0.0,0.815,10.935
2026-03-26 01:00:00,Hostel A,24.144,9.925,7.048,7.96,0.0,0.885,25.818
2026-03-26 02:00:00,Hostel A,24.786,9.925,6.267,7.96,0.0,0.83,24.982
2026-03-26 03:00:00,Hostel A,24.477,9.925,6.548,7.96,0.0,0.889,25.321
2026-03-26 04:00:00,Hostel A,24.219,9.925,6.143,7.96,0.0,0.892,24.92
2026-03-26 05:00:00,Hostel A,24.014,9.925,6.715,7.96,11.864,0.817,37.281
2026-03-26 06:00:00,Hostel A,25.887,0.0,5.857,4.08,13.625,0.862,24.425
2026-03-26 07:00:00,Hostel A,26.93,2.616,5.814,0.0,10.541,0.898,19.87
2026-03-26 08:00:00,Hostel A,27.114,3.541,6.775,0.0,10.357,0.894,21.566
2026-03-26 09:00:00,Hostel A,28.528,2.889,2.779,0.0,0.0,0.857,6.525
2026-03-26 10:00:00,Hostel A,32.118,5.898,2.508,0.0,0.0,0.871,9.277
2026-03-26 11:00:00,Hostel A,30.398,4.119,2.561,0.0,0.0,0.864,7.545
2026-03-26 12:00:00,Hostel A,34.448,10.391,2.915,0.0,0.0,0.828,14.134
2026-03-26 13:00:00,Hostel A,34.718,9.464,2.413,0.0,0.0,0.869,12.746
2026-03-26 14:00:00,Hostel A,37.104,11.281,2.46,0.0,0.0,0.84,14.58
2026-03-26 15:00:00,Hostel A,35.507,10.036,2.605,0.0,0.0,0.84,13.481
2026-03-26 16:00:00,Hostel A,36.455,12.723,2.518,0.0,0.0,0.848,16.089
2026-03-26 17:00:00,Hostel A,34.799,9.696,2.734,0.0,0.0,0.887,13.317
2026-03-26 18:00:00,Hostel A,34.356,25.585,6.698,4.08,0.0,0.831,37.195
2026-03-26 19:00:00,Hostel A,33.737,22.7,6.464,4.08,0.0,0.833,34.076
2026-03-26 20:00:00,Hostel A,31.09,16.099,6.585,4.08,0.0,0.811,27.574
2026-03-26 21:00:00,Hostel A,30.997,15.394,6.331,4.08,0.0,0.824,26.629
2026-03-26 22:00:00,Hostel A,27.453,3.597,6.798,4.08,0.0,0.898,15.373
2026-03-26 23:00:00,Hostel A,27.295,3.704,5.772,4.08,0.0,0.849,14.406
2026-03-27 00:00:00,Hostel A,26.68,1.531,6.159,4.08,0.0,0.828,12.597
2026-03-27 01:00:00,Hostel A,25.464,8.673,6.689,7.173,0.0,0.897,23.432
2026-03-27 02:00:00,Hostel A,26.121,8.973,6.183,7.173,0.0,0.812,23.14
2026-03-27 03:00:00,Hostel A,23.237,8.673,5.824,7.173,0.0,0.854,22.523
2026-03-27 04:00:00,Hostel A,22.825,8.673,6.205,7.173,0.0,0.882,22.932
2026-03-27 05:00:00,Hostel A,23.81,8.673,6.728,7.173,14.735,0.88,38.188
2026-03-27 06:00:00,Hostel A,26.418,1.271,5.886,4.08,14.666,0.827,26.73
2026-03-27 07:00:00,Hostel A,27.498,3.36,6.747,0.0,13.442,0.874,24.423
2026-03-27 08:00:00,Hostel A,28.549,6.766,6.819,0.0,15.858,0.866,30.309
2026-03-27 09:00:00,Hostel A,28.877,3.178,2.726,0.0,0.0,0.871,6.774
2026-03-27 10:00:00,Hostel A,32.32,6.737,2.496,0.0,0.0,0.834,10.067
2026-03-27 11:00:00,Hostel A,31.775,6.64,2.826,0.0,0.0,0.883,10.348
2026-03-27 12:00:00,Hostel A,35.402,12.024,2.478,0.0,0.0,0.86,15.363
2026-03-27 13:00:00,Hostel A,38.054,12.57,2.885,0.0,0.0,0.875,16.33
2026-03-27 14:00:00,Hostel A,36.162,11.654,2.768,0.0,0.0,0.895,15.316
2026-03-27 15:00:00,Hostel A,36.583,13.38,2.384,0.0,0.0,0.887,16.651
2026-03-27 16:00:00,Hostel A,35.303,11.378,2.822,0.0,0.0,0.88,15.081
2026-03-27 17:00:00,Hostel A,33.386,6.904,2.65,0.0,0.0,0.836,10.39
2026-03-27 18:00:00,Hostel A,33.64,23.934,6.358,4.08,0.0,0.815,35.188
2026-03-27 19:00:00,Hostel A,31.907,13.444,6.312,4.08,0.0,0.862,24.698
2026-03-27 20:00:00,Hostel A,30.106,11.473,6.578,4.08,0.0,0.813,22.944
2026-03-27 21:00:00,Hostel A,31.722,15.916,6.747,4.08,0.0,0.874,27.617
2026-03-27 22:00:00,Hostel A,28.72,8.114,6.991,4.08,0.0,0.876,20.062
2026-03-27 23:00:00,Hostel A,27.38,3.274,6.102,4.08,0.0,0.861,14.317
2026-03-28 00:00:00,Hostel A,25.448,0.0,5.621,3.468,0.0,0.825,9.914
2026-03-28 01:00:00,Hostel A,24.631,0.0,5.688,3.468,0.0,0.889,10.045
2026-03-28 02:00:00,Hostel A,25.169,0.0,5.674,3.468,0.0,0.864,10.006
2026-03-28 03:00:00,Hostel A,23.968,0.0,5.454,3.468,0.0,0.856,9.778
2026-03-28 04:00:00,Hostel A,24.735,0.0,5.33,3.468,0.0,0.861,9.659
2026-03-28 05:00:00,Hostel A,24.608,0.0,5.781,3.468,13.875,0.817,23.941
2026-03-28 06:00:00,Hostel A,25.415,0.0,5.219,3.468,13.734,0.877,23.298
2026-03-28 07:00:00,Hostel A,25.593,0.0,5.108,0.0,15.102,0.815,21.025
2026-03-28 08:00:00,Hostel A,26.469,1.26,5.518,0.0,11.608,0.862,19.248
2026-03-28 09:00:00,Hostel A,29.738,3.481,2.133,0.0,0.0,0.825,6.439
2026-03-28 10:00:00,Hostel A,31.609,4.464,2.016,0.0,0.0,0.829,7.309
2026-03-28 11:00:00,Hostel A,31.714,4.882,2.025,0.0,0.0,0.831,7.738
2026-03-28 12:00:00,Hostel A,34.208,7.351,2.347,0.0,0.0,0.811,10.509
2026-03-28 13:00:00,Hostel A,35.25,10.318,2.486,0.0,0.0,0.89,13.694
2026-03-28 14:00:00,Hostel A,33.64,6.74,2.226,0.0,0.0,0.882,9.849
2026-03-28 15:00:00,Hostel A,35.085,7.175,2.073,0.0,0.0,0.813,10.06
2026-03-28 16:00:00,Hostel A,36.203,9.719,2.408,0.0,0.0,0.815,12.942
2026-03-28 17:00:00,Hostel A,35.583,7.752,2.13,0.0,0.0,0.88,10.762
2026-03-28 18:00:00,Hostel A,33.089,15.024,6.064,3.468,0.0,0.811,25.366
2026-03-28 19:00:00,Hostel A,33.158,19.351,5.539,3.468,0.0,0.852,29.21
2026-03-28 20:00:00,Hostel A,32.575,16.236,5.138,3.468,0.0,0.82,25.662
2026-03-28 21:00:00,Hostel A,30.777,9.257,5.457,3.468,0.0,0.863,19.045
2026-03-28 22:00:00,Hostel A,28.352,5.318,5.262,3.468,0.0,0.9,14.948
2026-03-28 23:00:00,Hostel A,26.532,1.083,5.801,3.468,0.0,0.825,11.178
2026-03-29 00:00:00,Hostel A,25.128,0.0,4.984,3.468,0.0,0.896,9.348
2026-03-29 01:00:00,Hostel A,25.272,0.0,5.895,3.468,0.0,0.888,10.251
2026-03-29 02:00:00,Hostel A,24.4,0.0,5.787,3.468,0.0,0.899,10.153
2026-03-29 03:00:00,Hostel A,24.629,0.0,5.901,3.468,0.0,0.879,10.248
2026-03-29 04:00:00,Hostel A,24.336,0.0,5.942,3.468,0.0,0.887,10.297
2026-03-29 05:00:00,Hostel A,25.623,0.0,5.134,3.468,14.538,0.864,24.003
2026-03-29 06:00:00,Hostel A,25.852,0.0,5.488,3.468,13.792,0.888,23.636
2026-03-29 07:00:00,Hostel A,27.785,4.136,5.887,0.0,15.261,0.82,26.104
2026-03-29 08:00:00,Hostel A,29.318,6.991,5.313,0.0,11.265,0.877,24.446
2026-03-29 09:00:00,Hostel A,29.195,3.4,2.029,0.0,0.0,0.867,6.296
2026-03-29 10:00:00,Hostel A,29.745,2.969,2.145,0.0,0.0,0.815,5.929
2026-03-29 11:00:00,Hostel A,34.543,8.272,2.12,0.0,0.0,0.836,11.228
2026-03-29 12:00:00,Hostel A,34.499,8.69,2.434,0.0,0.0,0.829,11.954
2026-03-29 13:00:00,Hostel A,33.482,6.544,2.231,0.0,0.0,0.846,9.621
2026-03-29 14:00:00,Hostel A,35.082,9.717,2.341,0.0,0.0,0.828,12.886
2026-03-29 15:00:00,Hostel A,36.772,9.278,2.48,0.0,0.0,0.835,12.593
2026-03-29 16:00:00,Hostel A,35.516,10.106,2.149,0.0,0.0,0.837,13.092
2026-03-29 17:00:00,Hostel A,34.684,7.01,2.38,0.0,0.0,0.864,10.254
2026-03-29 18:00:00,Hostel A,35.644,19.543,4.883,3.468,0.0,0.822,28.716
2026-03-29 19:00:00,Hostel A,31.953,13.133,4.982,3.468,0.0,0.832,22.414
2026-03-29 20:00:00,Hostel A,30.755,12.318,5.052,3.468,0.0,0.839,21.677
2026-03-29 21:00:00,Hostel A,30.211,8.482,5.234,3.468,0.0,0.85,18.035
2026-03-29 22:00:00,Hostel A,28.838,7.401,5.344,3.468,0.0,0.813,17.026
2026-03-29 23:00:00,Hostel A,27.496,3.117,5.434,3.468,0.0,0.9,12.919
2026-03-30 00:00:00,Hostel A,26.669,1.781,6.062,4.08,0.0,0.837,12.76
2026-03-30 01:00:00,Hostel A,25.002,12.327,5.807,6.565,0.0,0.836,25.534
2026-03-30 02:00:00,Hostel A,24.694,12.327,6.68,6.565,0.0,0.86,26.431
2026-03-30 03:00:00,Hostel A,23.741,12.327,5.746,6.565,0.0,0.887,25.524
2026-03-30 04:00:00,Hostel A,24.267,12.327,6.868,6.565,0.0,0.851,26.61
2026-03-30 05:00:00,Hostel A,24.911,12.327,7.039,6.565,11.14,0.832,37.902
2026-03-30 06:00:00,Hostel A,25.972,0.0,6.726,4.08,10.627,0.861,22.294
2026-03-30 07:00:00,Hostel A,27.773,4.805,6.563,0.0,10.054,0.853,22.276
2026-03-30 08:00:00,Hostel A,29.002,8.469,6.65,0.0,14.153,0.848,30.12
2026-03-30 09:00:00,Hostel A,30.044,5.146,2.736,0.0,0.0,0.899,8.78
2026-03-30 10:00:00,Hostel A,30.744,5.665,2.9,0.0,0.0,0.9,9.464
2026-03-30 11:00:00,Hostel A,33.068,7.975,2.919,0.0,0.0,0.861,11.755
2026-03-30 12:00:00,Hostel A,34.215,9.634,2.603,0.0,0.0,0.816,13.053
2026-03-30 13:00:00,Hostel A,35.389,10.868,2.715,0.0,0.0,0.861,14.444
2026-03-30 14:00:00,Hostel A,38.002,13.071,2.824,0.0,0.0,0.896,16.791
2026-03-30 15:00:00,Hostel A,35.476,11.037,2.353,0.0,0.0,0.893,14.283
2026-03-30 16:00:00,Hostel A,36.218,11.172,2.662,0.0,0.0,0.829,14.664
2026-03-30 17:00:00,Hostel A,36.265,12.493,2.736,0.0,0.0,0.827,16.056
2026-03-30 18:00:00,Hostel A,34.341,26.338,6.736,4.08,0.0,0.824,37.978
2026-03-30 19:00:00,Hostel A,35.338,29.406,6.239,4.08,0.0,0.884,40.608
2026-03-30 20:00:00,Hostel A,31.175,15.608,6.134,4.08,0.0,0.854,26.676
2026-03-30 21:00:00,Hostel A,30.324,12.136,5.972,4.08,0.0,0.84,23.029
2026-03-30 22:00:00,Hostel A,27.648,4.859,6.509,4.08,0.0,0.839,16.287
2026-03-30 23:00:00,Hostel A,26.648,1.557,7.025,4.08,0.0,0.835,13.497
2026-03-31 00:00:00,Hostel A,26.006,0.017,6.991,4.08,0.0,0.889,11.978
2026-03-31 01:00:00,Hostel A,25.65,0.0,6.226,4.08,0.0,0.847,11.153
2026-03-31 02:00:00,Hostel A,24.524,0.0,6.08,4.08,0.0,0.832,10.992
2026-03-31 03:00:00,Hostel A,25.259,0.0,6.838,4.08,0.0,0.874,11.792
2026-03-31 04:00:00,Hostel A,24.109,0.0,6.747,4.08,0.0,0.867,11.694
2026-03-31 05:00:00,Hostel A,24.472,0.0,6.434,4.08,14.683,0.874,26.071
2026-03-31 06:00:00,Hostel A,28.461,6.09,6.268,4.08,15.135,0.884,32.457
2026-03-31 07:00:00,Hostel A,27.394,4.035,5.889,0.0,15.849,0.819,26.592
2026-03-31 08:00:00,Hostel A,27.728,4.573,6.833,0.0,14.775,0.81,26.991
2026-03-31 09:00:00,Hostel A,29.306,4.083,2.715,0.0,0.0,0.815,7.612
2026-03-31 10:00:00,Hostel A,30.61,6.05,2.574,0.0,0.0,0.874,9.497
2026-03-31 11:00:00,Hostel A,33.937,8.383,2.892,0.0,0.0,0.894,12.169
2026-03-31 12:00:00,Hostel A,33.878,7.996,2.74,0.0,0.0,0.84,11.576
2026-03-31 13:00:00,Hostel A,35.324,9.548,2.898,0.0,0.0,0.88,13.326
2026-03-31 14:00:00,Hostel A,35.732,9.299,2.631,0.0,0.0,0.876,12.806
2026-03-31 15:00:00,Hostel A,36.731,11.525,2.619,0.0,0.0,0.898,15.042
2026-03-31 16:00:00,Hostel A,34.949,8.283,2.903,0.0,0.0,0.852,12.039
2026-03-31 17:00:00,Hostel A,34.121,7.827,2.916,0.0,0.0,0.825,11.568
2026-03-31 18:00:00,Hostel A,34.467,21.092,7.084,4.08,0.0,0.879,33.134
2026-03-31 19:00:00,Hostel A,33.601,18.122,6.881,4.08,0.0,0.884,29.967
2026-03-31 20:00:00,Hostel A,31.885,17.252,6.372,4.08,0.0,0.874,28.578
2026-03-31 21:00:00,Hostel A,29.191,7.441,6.012,4.08,0.0,0.888,18.421
2026-03-31 22:00:00,Hostel A,29.125,9.559,6.26,4.08,0.0,0.843,20.742
2026-03-31 23:00:00,Hostel A,26.256,0.626,7.052,4.08,0.0,0.872,12.63
2026-04-01 00:00:00,Hostel A,28.236,5.221,6.231,4.08,0.0,0.834,16.366
2026-04-01 01:00:00,Hostel A,26.86,10.031,6.793,7.216,0.0,0.85,24.889
2026-04-01 02:00:00,Hostel A,28.506,15.408,7.03,7.216,0.0,0.832,30.486
2026-04-01 03:00:00,Hostel A,27.633,12.149,7.098,7.216,0.0,0.824,27.287
2026-04-01 04:00:00,Hostel A,27.809,13.023,7.065,7.216,0.0,0.813,28.117
2026-04-01 05:00:00,Hostel A,29.051,15.237,6.505,7.216,10.885,0.87,40.713
2026-04-01 06:00:00,Hostel A,31.57,17.676,6.414,4.08,0.0,0.889,29.059
2026-04-01 07:00:00,Hostel A,28.291,5.386,7.122,0.0,11.179,0.838,24.526
2026-04-01 08:00:00,Hostel A,30.709,12.361,6.024,0.0,0.0,0.849,19.233
2026-04-01 09:00:00,Hostel A,32.384,8.006,2.462,0.0,0.0,0.81,11.278
2026-04-01 10:00:00,Hostel A,33.702,7.819,2.918,0.0,0.0,0.847,11.584
2026-04-01 11:00:00,Hostel A,34.922,9.135,2.757,0.0,0.0,0.835,12.728
2026-04-01 12:00:00,Hostel A,36.943,13.538,2.667,0.0,0.0,0.862,17.067
2026-04-01 13:00:00,Hostel A,36.98,11.269,2.43,0.0,0.0,0.892,14.591
2026-04-01 14:00:00,Hostel A,39.131,11.039,2.654,0.0,0.0,0.856,14.548
2026-04-01 15:00:00,Hostel A,39.052,13.047,2.907,0.0,0.0,0.871,16.825
2026-04-01 16:00:00,Hostel A,39.277,11.084,2.707,0.0,0.0,0.873,14.664
2026-04-01 17:00:00,Hostel A,38.704,15.324,2.59,0.0,0.0,0.824,18.737
2026-04-01 18:00:00,Hostel A,37.846,33.701,6.499,4.08,0.0,0.841,45.121
2026-04-01 19:00:00,Hostel A,35.627,26.846,6.977,4.08,0.0,0.82,38.724
2026-04-01 20:00:00,Hostel A,36.674,25.874,7.016,4.08,0.0,0.85,37.819
2026-04-01 21:00:00,Hostel A,33.234,20.984,6.283,4.08,0.0,0.89,32.237
2026-04-01 22:00:00,Hostel A,29.585,10.32,6.58,4.08,0.0,0.853,21.833
2026-04-01 23:00:00,Hostel A,28.998,6.862,6.111,4.08,0.0,0.851,17.904
2026-04-02 00:00:00,Hostel A,27.017,3.125,6.356,4.08,0.0,0.829,14.39
2026-04-02 01:00:00,Hostel A,27.821,16.844,6.026,6.538,0.0,0.838,30.246
2026-04-02 02:00:00,Hostel A,27.083,15.008,6.471,6.538,0.0,0.894,28.911
2026-04-02 03:00:00,Hostel A,26.532,13.091,6.538,6.538,0.0,0.837,27.005
2026-04-02 04:00:00,Hostel A,29.215,19.321,6.194,6.538,0.0,0.876,32.93
2026-04-02 05:00:00,Hostel A,28.353,18.602,6.101,6.538,11.616,0.814,43.67
2026-04-02 06:00:00,Hostel A,29.483,10.417,5.928,4.08,11.362,0.822,32.609
2026-04-02 07:00:00,Hostel A,29.069,7.98,5.911,0.0,10.246,0.838,24.976
2026-04-02 08:00:00,Hostel A,30.448,10.025,6.728,0.0,0.0,0.891,17.644
2026-04-02 09:00:00,Hostel A,33.037,8.732,2.482,0.0,0.0,0.83,12.044
2026-04-02 10:00:00,Hostel A,34.726,8.725,2.421,0.0,0.0,0.875,12.022
2026-04-02 11:00:00,Hostel A,34.144,8.569,2.939,0.0,0.0,0.825,12.334
2026-04-02 12:00:00,Hostel A,37.062,12.9,2.505,0.0,0.0,0.865,16.27
2026-04-02 13:00:00,Hostel A,38.21,11.497,2.879,0.0,0.0,0.863,15.239
2026-04-02 14:00:00,Hostel A,38.58,11.365,2.71,0.0,0.0,0.866,14.941
2026-04-02 15:00:00,Hostel A,38.187,11.146,2.772,0.0,0.0,0.836,14.755
2026-04-02 16:00:00,Hostel A,38.256,15.356,2.682,0.0,0.0,0.825,18.863
2026-04-02 17:00:00,Hostel A,38.019,12.496,2.458,0.0,0.0,0.89,15.844
2026-04-02 18:00:00,Hostel A,37.333,32.448,6.922,4.08,0.0,0.861,44.311
2026-04-02 19:00:00,Hostel A,36.605,33.694,6.894,4.08,0.0,0.829,45.497
2026-04-02 20:00:00,Hostel A,35.634,27.663,6.211,4.08,0.0,0.847,38.801
2026-04-02 21:00:00,Hostel A,32.706,18.329,6.803,4.08,0.0,0.816,30.028
2026-04-02 22:00:00,Hostel A,30.991,13.622,6.487,4.08,0.0,0.853,25.042
2026-04-02 23:00:00,Hostel A,30.438,11.501,7.01,4.08,0.0,0.848,23.439
2026-04-03 00:00:00,Hostel A,29.368,9.447,6.858,4.08,0.0,0.822,21.207
2026-04-03 01:00:00,Hostel A,27.37,4.312,5.771,4.08,0.0,0.85,15.012
2026-04-03 02:00:00,Hostel A,27.995,5.954,6.968,4.08,0.0,0.868,17.869
2026-04-03 03:00:00,Hostel A,27.98,5.22,7.095,4.08,0.0,0.894,17.289
2026-04-03 04:00:00,Hostel A,28.496,6.363,6.772,4.08,0.0,0.873,18.088
2026-04-03 05:00:00,Hostel A,29.582,11.019,5.883,4.08,11.393,0.855,33.23
2026-04-03 06:00:00,Hostel A,27.891,4.465,6.865,4.08,10.635,0.879,26.924
2026-04-03 07:00:00,Hostel A,30.014,12.217,6.637,0.0,0.0,0.835,19.689
2026-04-03 08:00:00,Hostel A,31.458,13.51,6.196,0.0,0.0,0.87,20.576
2026-04-03 09:00:00,Hostel A,32.902,8.286,2.872,0.0,0.0,0.81,11.968
2026-04-03 10:00:00,Hostel A,33.904,9.77,2.685,0.0,0.0,0.817,13.272
2026-04-03 11:00:00,Hostel A,34.514,9.422,2.854,0.0,0.0,0.866,13.142
2026-04-03 12:00:00,Hostel A,37.335,11.273,2.746,0.0,0.0,0.827,14.846
2026-04-03 13:00:00,Hostel A,37.428,14.3,2.522,0.0,0.0,0.872,17.694
2026-04-03 14:00:00,Hostel A,38.882,12.761,2.925,0.0,0.0,0.867,16.554
2026-04-03 15:00:00,Hostel A,38.206,12.54,2.688,0.0,0.0,0.816,16.044
2026-04-03 16:00:00,Hostel A,37.696,13.094,2.656,0.0,0.0,0.845,16.596
2026-04-03 17:00:00,Hostel A,38.43,13.081,2.589,0.0,0.0,0.865,16.535
2026-04-03 18:00:00,Hostel A,37.394,32.864,5.907,4.08,0.0,0.874,43.725
2026-04-03 19:00:00,Hostel A,36.579,24.993,6.692,4.08,0.0,0.883,36.648
2026-04-03 20:00:00,Hostel A,36.739,28.435,6.327,4.08,0.0,0.84,39.682
2026-04-03 21:00:00,Hostel A,33.277,22.443,7.047,4.08,0.0,0.885,34.455
2026-04-03 22:00:00,Hostel A,31.932,13.441,7.09,4.08,0.0,0.842,25.453
2026-04-03 23:00:00,Hostel A,28.922,7.799,6.808,4.08,0.0,0.811,19.498
2026-04-04 00:00:00,Hostel A,27.47,3.578,5.15,3.468,0.0,0.865,13.061
2026-04-04 01:00:00,Hostel A,29.387,19.44,5.724,5.741,0.0,0.832,31.737
2026-04-04 02:00:00,Hostel A,26.281,11.241,4.88,5.741,0.0,0.821,22.684
2026-04-04 03:00:00,Hostel A,25.956,10.573,5.858,5.741,0.0,0.833,23.005
2026-04-04 04:00:00,Hostel A,27.165,12.994,5.454,5.741,0.0,0.885,25.074
2026-04-04 05:00:00,Hostel A,27.714,14.314,5.992,5.741,11.693,0.892,38.633
2026-04-04 06:00:00,Hostel A,27.855,4.938,5.314,3.468,14.329,0.897,28.945
2026-04-04 07:00:00,Hostel A,29.695,9.669,5.175,0.0,11.712,0.837,27.393
2026-04-04 08:00:00,Hostel A,32.676,15.69,6.063,0.0,0.0,0.851,22.604
2026-04-04 09:00:00,Hostel A,32.194,5.823,2.264,0.0,0.0,0.882,8.97
2026-04-04 10:00:00,Hostel A,33.159,6.672,2.431,0.0,0.0,0.839,9.941
2026-04-04 11:00:00,Hostel A,36.943,8.761,2.455,0.0,0.0,0.845,12.06
2026-04-04 12:00:00,Hostel A,37.735,12.669,2.258,0.0,0.0,0.831,15.759
2026-04-04 13:00:00,Hostel A,37.576,12.21,2.227,0.0,0.0,0.862,15.298
2026-04-04 14:00:00,Hostel A,37.213,10.469,2.276,0.0,0.0,0.869,13.614
2026-04-04 15:00:00,Hostel A,38.255,10.494,2.423,0.0,0.0,0.839,13.755
2026-04-04 16:00:00,Hostel A,38.741,10.749,2.481,0.0,0.0,0.812,14.042
2026-04-04 17:00:00,Hostel A,39.362,9.866,2.163,0.0,0.0,0.876,12.905
2026-04-04 18:00:00,Hostel A,36.206,25.344,5.752,3.468,0.0,0.865,35.429
2026-04-04 19:00:00,Hostel A,35.915,23.292,5.202,3.468,0.0,0.83,32.791
2026-04-04 20:00:00,Hostel A,35.228,19.258,5.597,3.468,0.0,0.838,29.161
2026-04-04 21:00:00,Hostel A,30.619,11.099,5.832,3.468,0.0,0.896,21.295
2026-04-04 22:00:00,Hostel A,32.481,17.45,5.931,3.468,0.0,0.867,27.716
2026-04-04 23:00:00,Hostel A,28.818,5.624,5.4,3.468,0.0,0.864,15.355
2026-04-05 00:00:00,Hostel A,29.089,7.01,5.304,3.468,0.0,0.868,16.65
2026-04-05 01:00:00,Hostel A,28.051,4.713,5.163,3.468,0.0,0.896,14.239
2026-04-05 02:00:00,Hostel A,28.289,4.652,5.017,3.468,0.0,0.841,13.977
2026-04-05 03:00:00,Hostel A,27.551,3.612,5.298,3.468,0.0,0.835,13.213
2026-04-05 04:00:00,Hostel A,24.827,0.0,5.914,3.468,0.0,0.844,10.226
2026-04-05 05:00:00,Hostel A,27.019,2.063,5.364,3.468,11.298,0.882,23.075
2026-04-05 06:00:00,Hostel A,28.896,5.856,5.24,3.468,15.751,0.821,31.136
2026-04-05 07:00:00,Hostel A,29.805,9.865,5.752,0.0,11.314,0.829,27.759
2026-04-05 08:00:00,Hostel A,31.925,12.736,5.117,0.0,0.0,0.831,18.684
2026-04-05 09:00:00,Hostel A,33.789,7.726,2.127,0.0,0.0,0.867,10.721
2026-04-05 10:00:00,Hostel A,35.161,9.076,2.467,0.0,0.0,0.868,12.411
2026-04-05 11:00:00,Hostel A,35.786,10.39,2.04,0.0,0.0,0.843,13.274
2026-04-05 12:00:00,Hostel A,35.396,9.665,2.206,0.0,0.0,0.835,12.706
2026-04-05 13:00:00,Hostel A,37.741,12.472,2.287,0.0,0.0,0.878,15.637
2026-04-05 14:00:00,Hostel A,39.212,11.882,2.114,0.0,0.0,0.813,14.809
2026-04-05 15:00:00,Hostel A,37.91,11.092,2.14,0.0,0.0,0.876,14.108
2026-04-05 16:00:00,Hostel A,39.427,10.952,2.11,0.0,0.0,0.829,13.891
2026-04-05 17:00:00,Hostel A,39.105,10.894,2.172,0.0,0.0,0.891,13.957
2026-04-05 18:00:00,Hostel A,37.37,25.429,5.946,3.468,0.0,0.847,35.691
2026-04-05 19:00:00,Hostel A,32.936,13.884,5.379,3.468,0.0,0.868,23.599
2026-04-05 20:00:00,Hostel A,33.275,16.304,5.362,3.468,0.0,0.821,25.955
2026-04-05 21:00:00,Hostel A,34.886,19.666,5.324,3.468,0.0,0.833,29.291
2026-04-05 22:00:00,Hostel A,30.901,9.432,6.025,3.468,0.0,0.873,19.798
2026-04-05 23:00:00,Hostel A,28.016,4.274,4.998,3.468,0.0,0.86,13.599
2026-04-06 00:00:00,Hostel A,29.993,11.779,6.957,4.08,0.0,0.879,23.696
2026-04-06 01:00:00,Hostel A,27.817,17.956,6.179,7.539,0.0,0.861,32.534
2026-04-06 02:00:00,Hostel A,28.309,19.83,7.078,7.539,0.0,0.861,35.308
2026-04-06 03:00:00,Hostel A,27.277,16.408,6.162,7.539,0.0,0.887,30.997
2026-04-06 04:00:00,Hostel A,27.663,17.965,5.83,7.539,0.0,0.848,32.183
2026-04-06 05:00:00,Hostel A,28.167,19.381,6.455,7.539,10.88,0.891,45.145
2026-04-06 06:00:00,Hostel A,29.455,8.033,6.037,4.08,13.074,0.843,32.068
2026-04-06 07:00:00,Hostel A,32.277,19.871,6.787,0.0,0.0,0.84,27.498
2026-04-06 08:00:00,Hostel A,32.418,14.411,6.651,0.0,0.0,0.88,21.942
2026-04-06 09:00:00,Hostel A,31.42,6.253,2.756,0.0,0.0,0.811,9.82
2026-04-06 10:00:00,Hostel A,35.0,11.077,2.466,0.0,0.0,0.825,14.368
2026-04-06 11:00:00,Hostel A,37.141,11.692,2.769,0.0,0.0,0.816,15.277
2026-04-06 12:00:00,Hostel A,38.445,13.853,2.535,0.0,0.0,0.856,17.244
2026-04-06 13:00:00,Hostel A,37.77,12.491,2.939,0.0,0.0,0.867,16.297
2026-04-06 14:00:00,Hostel A,39.96,11.311,2.782,0.0,0.0,0.811,14.905
2026-04-06 15:00:00,Hostel A,39.928,11.065,2.699,0.0,0.0,0.825,14.589
2026-04-06 16:00:00,Hostel A,41.368,11.473,2.862,0.0,0.0,0.837,15.172
2026-04-06 17:00:00,Hostel A,37.446,10.96,2.699,0.0,0.0,0.836,14.495
2026-04-06 18:00:00,Hostel A,36.735,30.224,6.501,4.08,0.0,0.819,41.624
2026-04-06 19:00:00,Hostel A,35.694,26.504,6.051,4.08,0.0,0.826,37.461
2026-04-06 20:00:00,Hostel A,34.063,21.501,6.68,4.08,0.0,0.886,33.148
2026-04-06 21:00:00,Hostel A,32.11,17.676,6.247,4.08,0.0,0.873,28.876
2026-04-06 22:00:00,Hostel A,28.684,6.033,5.774,4.08,0.0,0.837,16.723
2026-04-06 23:00:00,Hostel A,29.565,8.879,6.877,4.08,0.0,0.834,20.67
2026-04-07 00:00:00,Hostel A,29.127,9.301,5.786,4.08,0.0,0.817,19.984
2026-04-07 01:00:00,Hostel A,27.311,12.562,6.672,6.131,0.0,0.841,26.207
2026-04-07 02:00:00,Hostel A,29.14,16.819,5.936,6.131,0.0,0.846,29.732
2026-04-07 03:00:00,Hostel A,27.013,10.837,6.33,6.131,0.0,0.891,24.19
2026-04-07 04:00:00,Hostel A,28.495,15.971,6.939,6.131,0.0,0.877,29.919
2026-04-07 05:00:00,Hostel A,28.065,14.854,5.847,6.131,11.803,0.853,39.488
2026-04-07 06:00:00,Hostel A,29.584,9.414,6.665,4.08,12.904,0.822,33.884
2026-04-07 07:00:00,Hostel A,30.279,10.544,6.587,0.0,0.0,0.869,18.0
2026-04-07 08:00:00,Hostel A,32.816,15.495,6.951,0.0,0.0,0.894,23.34
2026-04-07 09:00:00,Hostel A,33.056,8.125,2.454,0.0,0.0,0.817,11.395
2026-04-07 10:00:00,Hostel A,35.049,11.556,2.822,0.0,0.0,0.886,15.264
2026-04-07 11:00:00,Hostel A,36.366,12.291,2.617,0.0,0.0,0.826,15.734
2026-04-07 12:00:00,Hostel A,36.954,11.433,2.604,0.0,0.0,0.873,14.91
2026-04-07 13:00:00,Hostel A,38.601,14.063,2.565,0.0,0.0,0.827,17.454
2026-04-07 14:00:00,Hostel A,41.03,14.957,2.579,0.0,0.0,0.864,18.399
2026-04-07 15:00:00,Hostel A,38.73,13.273,2.658,0.0,0.0,0.831,16.762
2026-04-07 16:00:00,Hostel A,39.215,14.898,2.415,0.0,0.0,0.859,18.172
2026-04-07 17:00:00,Hostel A,39.454,12.877,2.602,0.0,0.0,0.864,16.343
2026-04-07 18:00:00,Hostel A,38.383,30.774,6.643,4.08,0.0,0.866,42.363
2026-04-07 19:00:00,Hostel A,36.012,27.92,6.423,4.08,0.0,0.871,39.295
2026-04-07 20:00:00,Hostel A,32.17,16.507,5.949,4.08,0.0,0.816,27.352
2026-04-07 21:00:00,Hostel A,33.517,23.795,6.23,4.08,0.0,0.873,34.979
2026-04-07 22:00:00,Hostel A,29.228,8.795,6.345,4.08,0.0,0.824,20.044
2026-04-07 23:00:00,Hostel A,31.47,14.219,6.667,4.08,0.0,0.871,25.838
2026-04-08 00:00:00,Hostel A,28.927,7.636,6.998,4.08,0.0,0.821,19.535
2026-04-08 01:00:00,Hostel A,28.804,18.605,6.498,6.88,0.0,0.853,32.836
2026-04-08 02:00:00,Hostel A,26.302,11.658,6.678,6.88,0.0,0.845,26.061
2026-04-08 03:00:00,Hostel A,25.447,10.881,5.822,6.88,0.0,0.897,24.48
2026-04-08 04:00:00,Hostel A,27.465,14.684,7.075,6.88,0.0,0.867,29.505
2026-04-08 05:00:00,Hostel A,27.77,15.481,6.162,6.88,10.753,0.818,40.094
2026-04-08 06:00:00,Hostel A,28.266,6.392,6.218,4.08,11.028,0.873,28.591
2026-04-08 07:00:00,Hostel A,30.085,9.352,6.03,0.0,0.0,0.827,16.209
2026-04-08 08:00:00,Hostel A,34.215,23.477,5.833,0.0,0.0,0.836,30.145
2026-04-08 09:00:00,Hostel A,33.835,8.756,2.817,0.0,0.0,0.844,12.416
2026-04-08 10:00:00,Hostel A,35.602,10.535,2.493,0.0,0.0,0.88,13.908
2026-04-08 11:00:00,Hostel A,36.844,13.034,2.518,0.0,0.0,0.895,16.447
2026-04-08 12:00:00,Hostel A,38.722,14.608,2.459,0.0,0.0,0.893,17.96
2026-04-08 13:00:00,Hostel A,38.006,15.024,2.925,0.0,0.0,0.825,18.774
2026-04-08 14:00:00,Hostel A,36.741,11.453,2.811,0.0,0.0,0.815,15.08
2026-04-08 15:00:00,Hostel A,38.811,12.57,2.899,0.0,0.0,0.885,16.354
2026-04-08 16:00:00,Hostel A,39.607,14.4,2.859,0.0,0.0,0.836,18.095
2026-04-08 17:00:00,Hostel A,37.226,12.886,2.885,0.0,0.0,0.862,16.633
2026-04-08 18:00:00,Hostel A,37.066,31.377,6.396,4.08,0.0,0.898,42.752
2026-04-08 19:00:00,Hostel A,35.308,25.714,5.956,4.08,0.0,0.827,36.576
2026-04-08 20:00:00,Hostel A,36.055,29.865,6.179,4.08,0.0,0.844,40.967
2026-04-08 21:00:00,Hostel A,33.749,18.699,6.13,4.08,0.0,0.888,29.797
2026-04-08 22:00:00,Hostel A,32.099,16.848,6.736,4.08,0.0,0.868,28.533
2026-04-08 23:00:00,Hostel A,30.622,11.011,5.749,4.08,0.0,0.894,21.734
2026-04-09 00:00:00,Hostel A,28.72,7.129,5.915,4.08,0.0,0.867,17.99
2026-04-09 01:00:00,Hostel A,28.001,5.736,6.687,4.08,0.0,0.837,17.341
2026-04-09 02:00:00,Hostel A,26.019,0.052,5.888,4.08,0.0,0.882,10.903
2026-04-09 03:00:00,Hostel A,24.814,0.0,5.781,4.08,0.0,0.878,10.739
2026-04-09 04:00:00,Hostel A,27.355,4.169,5.868,4.08,0.0,0.894,15.011
2026-04-09 05:00:00,Hostel A,28.128,6.32,6.698,4.08,12.249,0.853,30.2
2026-04-09 06:00:00,Hostel A,29.967,10.847,5.911,4.08,11.509,0.855,33.202
2026-04-09 07:00:00,Hostel A,31.571,17.493,5.921,0.0,0.0,0.839,24.253
2026-04-09 08:00:00,Hostel A,33.017,18.504,6.041,0.0,0.0,0.834,25.379
2026-04-09 09:00:00,Hostel A,32.002,7.377,2.794,0.0,0.0,0.9,11.07
2026-04-09 10:00:00,Hostel A,34.201,8.077,2.47,0.0,0.0,0.898,11.444
2026-04-09 11:00:00,Hostel A,36.48,10.808,2.373,0.0,0.0,0.858,14.039
2026-04-09 12:00:00,Hostel A,39.775,12.622,2.885,0.0,0.0,0.896,16.403
2026-04-09 13:00:00,Hostel A,39.676,11.525,2.867,0.0,0.0,0.842,15.234
2026-04-09 14:00:00,Hostel A,39.915,13.396,2.461,0.0,0.0,0.886,16.743
2026-04-09 15:00:00,Hostel A,38.612,11.933,2.508,0.0,0.0,0.867,15.309
2026-04-09 16:00:00,Hostel A,37.912,13.919,2.463,0.0,0.0,0.875,17.257
2026-04-09 17:00:00,Hostel A,38.985,11.923,2.775,0.0,0.0,0.875,15.573
2026-04-09 18:00:00,Hostel A,36.142,23.827,6.069,4.08,0.0,0.867,34.843
2026-04-09 19:00:00,Hostel A,35.762,30.826,7.042,4.08,0.0,0.887,42.835
2026-04-09 20:00:00,Hostel A,34.438,24.139,6.894,4.08,0.0,0.845,35.958
2026-04-09 21:00:00,Hostel A,34.593,26.868,6.552,4.08,0.0,0.886,38.386
2026-04-09 22:00:00,Hostel A,31.092,13.748,5.725,4.08,0.0,0.827,24.379
2026-04-09 23:00:00,Hostel A,27.561,3.532,6.974,4.08,0.0,0.828,15.414
2026-04-10 00:00:00,Hostel A,29.262,9.069,6.751,4.08,0.0,0.875,20.775
2026-04-10 01:00:00,Hostel A,27.105,3.055,6.837,4.08,0.0,0.878,14.85
2026-04-10 02:00:00,Hostel A,27.247,2.8,5.815,4.08,0.0,0.891,13.586
2026-04-10 03:00:00,Hostel A,26.913,2.79,6.724,4.08,0.0,0.835,14.428
2026-04-10 04:00:00,Hostel A,26.931,2.629,6.861,4.08,0.0,0.815,14.385
2026-04-10 05:00:00,Hostel A,28.594,7.636,7.078,4.08,13.241,0.856,32.891
2026-04-10 06:00:00,Hostel A,27.224,3.31,6.541,4.08,11.071,0.889,25.891
2026-04-10 07:00:00,Hostel A,29.483,9.831,6.437,0.0,14.405,0.897,31.57
2026-04-10 08:00:00,Hostel A,32.131,15.19,6.319,0.0,0.0,0.887,22.396
2026-04-10 09:00:00,Hostel A,32.386,8.316,2.764,0.0,0.0,0.854,11.934
2026-04-10 10:00:00,Hostel A,32.944,7.476,2.893,0.0,0.0,0.888,11.257
2026-04-10 11:00:00,Hostel A,36.669,10.484,2.705,0.0,0.0,0.829,14.018
2026-04-10 12:00:00,Hostel A,38.366,11.289,2.486,0.0,0.0,0.893,14.668
2026-04-10 13:00:00,Hostel A,38.151,14.031,2.362,0.0,0.0,0.861,17.254
2026-04-10 14:00:00,Hostel A,36.835,14.15,2.716,0.0,0.0,0.845,17.711
2026-04-10 15:00:00,Hostel A,39.706,15.258,2.86,0.0,0.0,0.862,18.98
2026-04-10 16:00:00,Hostel A,37.136,13.309,2.391,0.0,0.0,0.881,16.581
2026-04-10 17:00:00,Hostel A,38.505,15.706,2.586,0.0,0.0,0.832,19.123
2026-04-10 18:00:00,Hostel A,36.355,30.263,7.054,4.08,0.0,0.819,42.216
2026-04-10 19:00:00,Hostel A,34.84,22.592,6.428,4.08,0.0,0.876,33.977
2026-04-10 20:00:00,Hostel A,34.111,22.761,6.027,4.08,0.0,0.896,33.764
2026-04-10 21:00:00,Hostel A,32.817,15.73,6.217,4.08,0.0,0.867,26.894
2026-04-10 22:00:00,Hostel A,30.803,11.735,6.295,4.08,0.0,0.823,22.932
2026-04-10 23:00:00,Hostel A,30.589,12.071,5.879,4.08,0.0,0.868,22.898
2026-04-11 00:00:00,Hostel A,28.311,4.763,5.657,3.468,0.0,0.82,14.708
2026-04-11 01:00:00,Hostel A,28.784,16.391,5.574,5.521,0.0,0.837,28.324
2026-04-11 02:00:00,Hostel A,27.486,12.973,5.641,5.521,0.0,0.813,24.949
2026-04-11 03:00:00,Hostel A,26.302,9.618,5.597,5.521,0.0,0.854,21.59
2026-04-11 04:00:00,Hostel A,26.339,9.791,4.875,5.521,0.0,0.839,21.026
2026-04-11 05:00:00,Hostel A,26.156,9.302,5.067,5.521,12.855,0.819,33.564
2026-04-11 06:00:00,Hostel A,29.048,6.127,5.056,3.468,11.056,0.838,26.545
2026-04-11 07:00:00,Hostel A,29.645,7.912,4.974,0.0,13.062,0.868,26.817
2026-04-11 08:00:00,Hostel A,29.075,6.415,5.748,0.0,14.736,0.836,27.735
2026-04-11 09:00:00,Hostel A,32.464,5.758,2.059,0.0,0.0,0.823,8.64
2026-04-11 10:00:00,Hostel A,33.652,6.526,2.333,0.0,0.0,0.859,9.719
2026-04-11 11:00:00,Hostel A,37.576,9.475,2.088,0.0,0.0,0.878,12.441
2026-04-11 12:00:00,Hostel A,35.54,8.144,2.058,0.0,0.0,0.885,11.087
2026-04-11 13:00:00,Hostel A,36.755,11.659,2.08,0.0,0.0,0.852,14.592
2026-04-11 14:00:00,Hostel A,39.906,9.714,2.253,0.0,0.0,0.874,12.841
2026-04-11 15:00:00,Hostel A,40.357,10.676,2.322,0.0,0.0,0.885,13.882
2026-04-11 16:00:00,Hostel A,38.051,11.494,2.405,0.0,0.0,0.871,14.769
2026-04-11 17:00:00,Hostel A,37.564,10.403,2.063,0.0,0.0,0.857,13.324
2026-04-11 18:00:00,Hostel A,37.859,27.48,5.603,3.468,0.0,0.815,37.367
2026-04-11 19:00:00,Hostel A,33.673,14.823,5.794,3.468,0.0,0.836,24.922
2026-04-11 20:00:00,Hostel A,32.692,16.219,5.234,3.468,0.0,0.839,25.76
2026-04-11 21:00:00,Hostel A,32.719,15.821,4.952,3.468,0.0,0.846,25.086
2026-04-11 22:00:00,Hostel A,32.997,17.143,5.044,3.468,0.0,0.896,26.551
2026-04-11 23:00:00,Hostel A,29.564,8.403,4.966,3.468,0.0,0.829,17.666
2026-04-12 00:00:00,Hostel A,28.858,6.438,5.932,3.468,0.0,0.859,16.697
2026-04-12 01:00:00,Hostel A,28.938,17.584,5.312,5.621,0.0,0.899,29.417
2026-04-12 02:00:00,Hostel A,29.311,18.066,5.49,5.621,0.0,0.866,30.044
2026-04-12 03:00:00,Hostel A,26.423,12.151,5.788,5.621,0.0,0.829,24.39
2026-04-12 04:00:00,Hostel A,27.188,13.454,5.306,5.621,0.0,0.896,25.278
2026-04-12 05:00:00,Hostel A,29.626,19.021,5.643,5.621,14.854,0.84,45.98
2026-04-12 06:00:00,Hostel A,27.235,3.023,4.948,3.468,14.216,0.814,26.47
2026-04-12 07:00:00,Hostel A,31.028,9.979,5.439,0.0,0.0,0.849,16.267
2026-04-12 08:00:00,Hostel A,30.429,8.626,4.972,0.0,0.0,0.832,14.43
2026-04-12 09:00:00,Hostel A,33.102,7.097,2.123,0.0,0.0,0.884,10.104
2026-04-12 10:00:00,Hostel A,34.31,7.596,2.146,0.0,0.0,0.83,10.572
2026-04-12 11:00:00,Hostel A,35.042,9.488,2.358,0.0,0.0,0.884,12.729
2026-04-12 12:00:00,Hostel A,36.26,11.231,2.336,0.0,0.0,0.813,14.38
2026-04-12 13:00:00,Hostel A,38.473,13.215,2.373,0.0,0.0,0.894,16.481
2026-04-12 14:00:00,Hostel A,39.791,11.081,2.03,0.0,0.0,0.814,13.924
2026-04-12 15:00:00,Hostel A,38.87,10.433,2.496,0.0,0.0,0.894,13.823
2026-04-12 16:00:00,Hostel A,38.866,11.816,2.026,0.0,0.0,0.817,14.659
2026-04-12 17:00:00,Hostel A,38.767,11.894,2.412,0.0,0.0,0.889,15.195
2026-04-12 18:00:00,Hostel A,36.271,24.675,5.754,3.468,0.0,0.885,34.782
2026-04-12 19:00:00,Hostel A,36.74,23.177,5.573,3.468,0.0,0.863,33.082
2026-04-12 20:00:00,Hostel A,35.372,18.261,5.388,3.468,0.0,0.813,27.93
2026-04-12 21:00:00,Hostel A,35.604,19.853,5.774,3.468,0.0,0.866,29.961
2026-04-12 22:00:00,Hostel A,31.071,10.254,5.753,3.468,0.0,0.866,20.341
2026-04-12 23:00:00,Hostel A,29.542,7.074,5.022,3.468,0.0,0.86,16.424
2026-04-13 00:00:00,Hostel A,29.526,10.992,6.844,4.08,0.0,0.867,22.782
2026-04-13 01:00:00,Hostel A,28.623,14.596,5.824,7.419,0.0,0.897,28.736
2026-04-13 02:00:00,Hostel A,26.669,10.588,6.427,7.419,0.0,0.9,25.333
2026-04-13 03:00:00,Hostel A,26.597,10.581,6.633,7.419,0.0,0.857,25.49
2026-04-13 04:00:00,Hostel A,27.746,13.205,6.885,7.419,0.0,0.818,28.327
2026-04-13 05:00:00,Hostel A,26.976,11.379,6.373,7.419,14.705,0.822,40.698
2026-04-13 06:00:00,Hostel A,28.347,6.798,6.05,4.08,13.011,0.875,30.814
2026-04-13 07:00:00,Hostel A,30.09,10.365,6.413,0.0,0.0,0.898,17.676
2026-04-13 08:00:00,Hostel A,32.443,17.319,6.069,0.0,0.0,0.849,24.237
2026-04-13 09:00:00,Hostel A,32.395,7.933,2.663,0.0,0.0,0.819,11.415
2026-04-13 10:00:00,Hostel A,32.711,8.135,2.624,0.0,0.0,0.842,11.6
2026-04-13 11:00:00,Hostel A,34.083,10.0,2.811,0.0,0.0,0.845,13.655
2026-04-13 12:00:00,Hostel A,35.983,13.053,2.493,0.0,0.0,0.9,16.446
2026-04-13 13:00:00,Hostel A,36.883,11.586,2.47,0.0,0.0,0.872,14.927
2026-04-13 14:00:00,Hostel A,38.641,14.555,2.631,0.0,0.0,0.821,18.006
2026-04-13 15:00:00,Hostel A,37.811,13.655,2.382,0.0,0.0,0.84,16.877
2026-04-13 16:00:00,Hostel A,38.093,14.175,2.487,0.0,0.0,0.814,17.476
2026-04-13 17:00:00,Hostel A,37.422,13.822,2.56,0.0,0.0,0.869,17.25
2026-04-13 18:00:00,Hostel A,36.802,31.847,6.408,4.08,0.0,0.871,43.206
2026-04-13 19:00:00,Hostel A,37.323,34.853,6.097,4.08,0.0,0.815,45.845
2026-04-13 20:00:00,Hostel A,35.215,23.639,6.513,4.08,0.0,0.84,35.072
2026-04-13 21:00:00,Hostel A,33.016,20.039,6.966,4.08,0.0,0.891,31.977
2026-04-13 22:00:00,Hostel A,30.986,12.462,6.488,4.08,0.0,0.884,23.914
2026-04-13 23:00:00,Hostel A,29.567,9.986,6.122,4.08,0.0,0.862,21.05
2026-04-14 00:00:00,Hostel A,29.085,9.1,5.801,4.08,0.0,0.854,19.834
2026-04-14 01:00:00,Hostel A,28.388,20.952,5.907,6.842,0.0,0.899,34.6
2026-04-14 02:00:00,Hostel A,26.297,14.599,6.513,6.842,0.0,0.875,28.829
2026-04-14 03:00:00,Hostel A,27.036,16.635,6.688,6.842,0.0,0.896,31.06
2026-04-14 04:00:00,Hostel A,25.173,13.818,5.783,6.842,0.0,0.816,27.259
2026-04-14 05:00:00,Hostel A,28.016,18.641,5.977,6.842,9.803,0.829,42.091
2026-04-14 06:00:00,Hostel A,29.52,8.73,6.168,4.08,13.509,0.813,33.299
2026-04-14 07:00:00,Hostel A,29.72,11.545,6.169,0.0,14.402,0.888,33.004
2026-04-14 08:00:00,Hostel A,33.264,18.353,7.081,0.0,0.0,0.872,26.306
2026-04-14 09:00:00,Hostel A,32.119,7.97,2.472,0.0,0.0,0.826,11.268
2026-04-14 10:00:00,Hostel A,34.77,8.892,2.389,0.0,0.0,0.898,12.178
2026-04-14 11:00:00,Hostel A,35.964,11.991,2.56,0.0,0.0,0.896,15.447
2026-04-14 12:00:00,Hostel A,37.142,12.755,2.431,0.0,0.0,0.83,16.016
2026-04-14 13:00:00,Hostel A,38.082,14.318,2.426,0.0,0.0,0.868,17.612
2026-04-14 14:00:00,Hostel A,38.903,14.068,2.592,0.0,0.0,0.87,17.529
2026-04-14 15:00:00,Hostel A,39.848,14.364,2.532,0.0,0.0,0.81,17.707
2026-04-14 16:00:00,Hostel A,40.173,15.304,2.406,0.0,0.0,0.872,18.582
2026-04-14 17:00:00,Hostel A,38.194,13.687,2.707,0.0,0.0,0.83,17.225
2026-04-14 18:00:00,Hostel A,38.058,27.554,6.428,4.08,0.0,0.891,38.953
2026-04-14 19:00:00,Hostel A,35.298,23.155,5.822,4.08,0.0,0.885,33.942
2026-04-14 20:00:00,Hostel A,35.319,27.104,6.944,4.08,0.0,0.891,39.019
2026-04-14 21:00:00,Hostel A,32.238,16.866,6.119,4.08,0.0,0.878,27.943
2026-04-14 22:00:00,Hostel A,32.538,18.017,7.085,4.08,0.0,0.825,30.006
2026-04-14 23:00:00,Hostel A,32.211,17.401,7.042,4.08,0.0,0.842,29.365
2026-04-15 00:00:00,Hostel A,28.635,6.844,6.332,4.08,0.0,0.874,18.13
2026-04-15 01:00:00,Hostel A,25.611,0.0,6.038,4.08,0.0,0.839,10.957
2026-04-15 02:00:00,Hostel A,26.656,1.919,6.904,4.08,0.0,0.874,13.777
2026-04-15 03:00:00,Hostel A,28.232,6.504,6.228,4.08,0.0,0.84,17.653
2026-04-15 04:00:00,Hostel A,27.758,5.124,5.946,4.08,0.0,0.826,15.975
2026-04-15 05:00:00,Hostel A,28.053,6.328,6.5,4.08,11.167,0.857,28.931
2026-04-15 06:00:00,Hostel A,29.766,10.547,6.411,4.08,12.355,0.872,34.265
2026-04-15 07:00:00,Hostel A,30.484,14.153,6.926,0.0,0.0,0.857,21.935
2026-04-15 08:00:00,Hostel A,32.665,15.631,6.753,0.0,0.0,0.868,23.252
2026-04-15 09:00:00,Hostel A,33.919,9.247,2.867,0.0,0.0,0.849,12.963
2026-04-15 10:00:00,Hostel A,36.075,12.1,2.784,0.0,0.0,0.88,15.764
2026-04-15 11:00:00,Hostel A,36.359,11.464,2.73,0.0,0.0,0.868,15.062
2026-04-15 12:00:00,Hostel A,38.148,12.387,2.646,0.0,0.0,0.862,15.895
2026-04-15 13:00:00,Hostel A,37.889,13.498,2.933,0.0,0.0,0.849,17.28
2026-04-15 14:00:00,Hostel A,38.194,12.748,2.916,0.0,0.0,0.858,16.523
2026-04-15 15:00:00,Hostel A,40.707,15.321,2.851,0.0,0.0,0.815,18.986
2026-04-15 16:00:00,Hostel A,39.012,12.711,2.808,0.0,0.0,0.87,16.389
2026-04-15 17:00:00,Hostel A,39.001,11.855,2.692,0.0,0.0,0.828,15.375
2026-04-15 18:00:00,Hostel A,37.366,31.626,6.083,4.08,0.0,0.887,42.676
2026-04-15 19:00:00,Hostel A,35.413,24.568,6.962,4.08,0.0,0.883,36.494
2026-04-15 20:00:00,Hostel A,34.564,19.894,5.727,4.08,0.0,0.858,30.558
2026-04-15 21:00:00,Hostel A,34.436,23.379,6.037,4.08,0.0,0.886,34.382
2026-04-15 22:00:00,Hostel A,32.002,16.48,6.289,4.08,0.0,0.87,27.719
2026-04-15 23:00:00,Hostel A,28.289,5.485,6.549,4.08,0.0,0.823,16.937
2026-04-16 00:00:00,Hostel A,28.542,7.125,6.513,4.08,0.0,0.877,18.594
2026-04-16 01:00:00,Hostel A,29.586,9.947,5.963,4.08,0.0,0.9,20.89
2026-04-16 02:00:00,Hostel A,26.991,2.943,5.862,4.08,0.0,0.814,13.699
2026-04-16 03:00:00,Hostel A,25.2,0.0,6.029,4.08,0.0,0.832,10.942
2026-04-16 04:00:00,Hostel A,29.097,7.648,6.21,4.08,0.0,0.864,18.802
2026-04-16 05:00:00,Hostel A,28.486,7.809,5.732,4.08,13.341,0.847,31.809
2026-04-16 06:00:00,Hostel A,28.687,7.438,6.701,4.08,15.388,0.867,34.474
2026-04-16 07:00:00,Hostel A,29.629,8.19,6.066,0.0,13.708,0.863,28.827
2026-04-16 08:00:00,Hostel A,32.529,19.693,6.214,0.0,0.0,0.881,26.788
2026-04-16 09:00:00,Hostel A,32.458,6.434,2.549,0.0,0.0,0.816,9.799
2026-04-16 10:00:00,Hostel A,35.701,11.915,2.653,0.0,0.0,0.85,15.418
2026-04-16 11:00:00,Hostel A,36.542,12.613,2.858,0.0,0.0,0.887,16.358
2026-04-16 12:00:00,Hostel A,37.487,14.936,2.44,0.0,0.0,0.843,18.219
2026-04-16 13:00:00,Hostel A,38.342,15.587,2.552,0.0,0.0,0.855,18.995
2026-04-16 14:00:00,Hostel A,38.621,12.322,2.759,0.0,0.0,0.812,15.892
2026-04-16 15:00:00,Hostel A,40.046,14.646,2.378,0.0,0.0,0.83,17.855
2026-04-16 16:00:00,Hostel A,37.93,12.449,2.84,0.0,0.0,0.852,16.141
2026-04-16 17:00:00,Hostel A,36.574,12.335,2.918,0.0,0.0,0.846,16.098
2026-04-16 18:00:00,Hostel A,37.857,33.234,6.58,4.08,0.0,0.874,44.768
2026-04-16 19:00:00,Hostel A,36.631,24.275,7.078,4.08,0.0,0.865,36.298
2026-04-16 20:00:00,Hostel A,35.033,20.2,6.302,4.08,0.0,0.889,31.471
2026-04-16 21:00:00,Hostel A,33.408,16.938,6.305,4.08,0.0,0.887,28.209
2026-04-16 22:00:00,Hostel A,31.127,12.066,5.864,4.08,0.0,0.832,22.841
2026-04-16 23:00:00,Hostel A,30.787,11.862,5.763,4.08,0.0,0.812,22.516
2026-04-17 00:00:00,Hostel A,28.712,8.403,6.061,4.08,0.0,0.887,19.431
2026-04-17 01:00:00,Hostel A,27.317,3.591,6.395,4.08,0.0,0.84,14.905
2026-04-17 02:00:00,Hostel A,26.893,2.672,6.437,4.08,0.0,0.841,14.03
2026-04-17 03:00:00,Hostel A,29.021,9.161,6.023,4.08,0.0,0.824,20.088
2026-04-17 04:00:00,Hostel A,25.469,0.0,6.587,4.08,0.0,0.872,11.539
2026-04-17 05:00:00,Hostel A,28.304,6.002,5.971,4.08,11.397,0.835,28.285
2026-04-17 06:00:00,Hostel A,27.078,3.297,6.178,4.08,15.659,0.826,30.04
2026-04-17 07:00:00,Hostel A,29.892,11.445,5.991,0.0,11.532,0.855,29.824
2026-04-17 08:00:00,Hostel A,31.013,14.749,6.707,0.0,0.0,0.878,22.333
2026-04-17 09:00:00,Hostel A,30.915,6.26,2.656,0.0,0.0,0.834,9.75
2026-04-17 10:00:00,Hostel A,34.942,10.323,2.785,0.0,0.0,0.875,13.983
2026-04-17 11:00:00,Hostel A,35.62,10.841,2.386,0.0,0.0,0.852,14.078
2026-04-17 12:00:00,Hostel A,35.143,11.605,2.602,0.0,0.0,0.846,15.054
2026-04-17 13:00:00,Hostel A,39.036,13.172,2.921,0.0,0.0,0.842,16.935
2026-04-17 14:00:00,Hostel A,40.231,14.86,2.384,0.0,0.0,0.823,18.066
2026-04-17 15:00:00,Hostel A,40.49,11.279,2.598,0.0,0.0,0.84,14.717
2026-04-17 16:00:00,Hostel A,39.155,11.031,2.376,0.0,0.0,0.889,14.296
2026-04-17 17:00:00,Hostel A,38.242,13.521,2.438,0.0,0.0,0.819,16.779
2026-04-17 18:00:00,Hostel A,38.571,27.62,6.372,4.08,0.0,0.896,38.968
2026-04-17 19:00:00,Hostel A,37.682,36.976,5.937,4.08,0.0,0.82,47.812
2026-04-17 20:00:00,Hostel A,35.686,21.664,6.453,4.08,0.0,0.843,33.039
2026-04-17 21:00:00,Hostel A,32.058,17.678,7.03,4.08,0.0,0.865,29.653
2026-04-17 22:00:00,Hostel A,31.648,13.918,5.998,4.08,0.0,0.885,24.881
2026-04-17 23:00:00,Hostel A,30.44,14.013,5.865,4.08,0.0,0.823,24.781
2026-04-18 00:00:00,Hostel A,26.948,2.091,5.857,3.468,0.0,0.823,12.239
2026-04-18 01:00:00,Hostel A,28.273,4.362,5.414,3.468,0.0,0.867,14.11
2026-04-18 02:00:00,Hostel A,29.477,6.671,5.927,3.468,0.0,0.836,16.902
2026-04-18 03:00:00,Hostel A,27.64,3.848,5.227,3.468,0.0,0.868,13.411
2026-04-18 04:00:00,Hostel A,28.678,7.226,5.617,3.468,0.0,0.884,17.195
2026-04-18 05:00:00,Hostel A,27.987,5.35,5.976,3.468,9.607,0.817,25.218
2026-04-18 06:00:00,Hostel A,28.684,5.826,5.064,3.468,15.851,0.886,31.096
2026-04-18 07:00:00,Hostel A,30.381,10.028,5.827,0.0,0.0,0.813,16.669
2026-04-18 08:00:00,Hostel A,30.631,9.162,5.622,0.0,0.0,0.891,15.674
2026-04-18 09:00:00,Hostel A,32.036,5.769,2.406,0.0,0.0,0.898,9.072
2026-04-18 10:00:00,Hostel A,35.819,9.639,2.085,0.0,0.0,0.87,12.594
2026-04-18 11:00:00,Hostel A,37.372,9.837,2.216,0.0,0.0,0.899,12.951
2026-04-18 12:00:00,Hostel A,36.252,10.106,2.064,0.0,0.0,0.884,13.054
2026-04-18 13:00:00,Hostel A,39.164,12.985,2.479,0.0,0.0,0.814,16.278
2026-04-18 14:00:00,Hostel A,38.709,9.375,2.031,0.0,0.0,0.81,12.216
2026-04-18 15:00:00,Hostel A,39.34,10.291,2.032,0.0,0.0,0.812,13.135
2026-04-18 16:00:00,Hostel A,39.256,10.214,2.448,0.0,0.0,0.851,13.513
2026-04-18 17:00:00,Hostel A,39.191,9.869,2.15,0.0,0.0,0.866,12.884
2026-04-18 18:00:00,Hostel A,37.325,23.008,5.58,3.468,0.0,0.853,32.909
2026-04-18 19:00:00,Hostel A,37.41,27.445,5.204,3.468,0.0,0.871,36.988
2026-04-18 20:00:00,Hostel A,34.862,17.548,5.643,3.468,0.0,0.85,27.509
2026-04-18 21:00:00,Hostel A,33.624,19.036,5.089,3.468,0.0,0.814,28.407
2026-04-18 22:00:00,Hostel A,30.614,12.077,5.412,3.468,0.0,0.83,21.787
2026-04-18 23:00:00,Hostel A,32.159,16.319,5.503,3.468,0.0,0.899,26.189
2026-04-19 00:00:00,Hostel A,29.227,7.852,5.26,3.468,0.0,0.841,17.422
2026-04-19 01:00:00,Hostel A,28.517,5.177,5.161,3.468,0.0,0.839,14.645
2026-04-19 02:00:00,Hostel A,25.596,0.0,5.025,3.468,0.0,0.824,9.317
2026-04-19 03:00:00,Hostel A,26.177,0.37,5.712,3.468,0.0,0.899,10.449
2026-04-19 04:00:00,Hostel A,28.442,6.542,5.059,3.468,0.0,0.831,15.9
2026-04-19 05:00:00,Hostel A,28.091,5.601,5.21,3.468,14.041,0.868,29.188
2026-04-19 06:00:00,Hostel A,26.844,1.862,5.264,3.468,14.959,0.814,26.367
2026-04-19 07:00:00,Hostel A,31.038,10.89,5.407,0.0,0.0,0.816,17.112
2026-04-19 08:00:00,Hostel A,30.903,11.332,5.708,0.0,0.0,0.875,17.915
2026-04-19 09:00:00,Hostel A,34.411,7.39,2.213,0.0,0.0,0.867,10.47
2026-04-19 10:00:00,Hostel A,34.465,9.386,2.435,0.0,0.0,0.871,12.692
2026-04-19 11:00:00,Hostel A,36.205,8.725,2.339,0.0,0.0,0.831,11.895
2026-04-19 12:00:00,Hostel A,38.422,10.854,2.418,0.0,0.0,0.899,14.171
2026-04-19 13:00:00,Hostel A,37.299,10.447,2.357,0.0,0.0,0.86,13.665
2026-04-19 14:00:00,Hostel A,37.803,9.711,2.073,0.0,0.0,0.897,12.682
2026-04-19 15:00:00,Hostel A,38.804,10.909,2.488,0.0,0.0,0.825,14.222
2026-04-19 16:00:00,Hostel A,39.623,12.812,2.392,0.0,0.0,0.846,16.051
2026-04-19 17:00:00,Hostel A,36.865,8.996,2.285,0.0,0.0,0.84,12.121
2026-04-19 18:00:00,Hostel A,35.575,22.704,5.056,3.468,0.0,0.878,32.106
2026-04-19 19:00:00,Hostel A,36.824,24.105,5.065,3.468,0.0,0.877,33.515
2026-04-19 20:00:00,Hostel A,33.95,16.18,5.601,3.468,0.0,0.854,26.102
2026-04-19 21:00:00,Hostel A,32.608,12.598,5.36,3.468,0.0,0.811,22.238
2026-04-19 22:00:00,Hostel A,29.59,7.607,5.676,3.468,0.0,0.826,17.576
2026-04-19 23:00:00,Hostel A,29.321,6.465,5.307,3.468,0.0,0.815,16.055
2026-04-20 00:00:00,Hostel A,28.75,7.126,6.444,4.08,0.0,0.886,18.537
2026-04-20 01:00:00,Hostel A,28.734,8.219,5.98,4.08,0.0,0.836,19.116
2026-04-20 02:00:00,Hostel A,26.433,1.265,5.934,4.08,0.0,0.821,12.099
2026-04-20 03:00:00,Hostel A,28.657,8.337,5.82,4.08,0.0,0.842,19.079
2026-04-20 04:00:00,Hostel A,26.52,1.372,6.882,4.08,0.0,0.817,13.152
2026-04-20 05:00:00,Hostel A,27.121,3.259,6.505,4.08,10.006,0.898,24.749
2026-04-20 06:00:00,Hostel A,30.295,12.315,7.065,4.08,0.0,0.838,24.298
2026-04-20 07:00:00,Hostel A,30.211,10.271,6.782,0.0,0.0,0.894,17.947
2026-04-20 08:00:00,Hostel A,30.895,12.343,6.81,0.0,0.0,0.871,20.024
2026-04-20 09:00:00,Hostel A,32.845,7.717,2.651,0.0,0.0,0.861,11.229
2026-04-20 10:00:00,Hostel A,35.906,12.208,2.831,0.0,0.0,0.853,15.893
2026-04-20 11:00:00,Hostel A,37.466,12.62,2.906,0.0,0.0,0.872,16.397
2026-04-20 12:00:00,Hostel A,36.426,10.514,2.776,0.0,0.0,0.872,14.162
2026-04-20 13:00:00,Hostel A,38.154,15.719,2.414,0.0,0.0,0.811,18.944
2026-04-20 14:00:00,Hostel A,38.886,11.571,2.735,0.0,0.0,0.892,15.198
2026-04-20 15:00:00,Hostel A,38.014,15.542,2.423,0.0,0.0,0.843,18.808
2026-04-20 16:00:00,Hostel A,38.74,14.848,2.397,0.0,0.0,0.842,18.087
2026-04-20 17:00:00,Hostel A,38.201,14.989,2.759,0.0,0.0,0.847,18.595
2026-04-20 18:00:00,Hostel A,38.383,35.897,6.904,4.08,0.0,0.872,47.752
2026-04-20 19:00:00,Hostel A,37.207,27.238,5.939,4.08,0.0,0.844,38.1
2026-04-20 20:00:00,Hostel A,34.224,23.324,5.818,4.08,0.0,0.844,34.065
2026-04-20 21:00:00,Hostel A,32.786,20.052,6.978,4.08,0.0,0.816,31.926
2026-04-20 22:00:00,Hostel A,32.111,17.994,5.901,4.08,0.0,0.847,28.822
2026-04-20 23:00:00,Hostel A,29.415,8.506,5.762,4.08,0.0,0.823,19.172
2026-04-21 00:00:00,Hostel A,29.346,8.045,6.742,4.08,0.0,0.887,19.754
2026-04-21 01:00:00,Hostel A,27.716,4.367,6.923,4.08,0.0,0.84,16.21
2026-04-21 02:00:00,Hostel A,26.235,0.632,6.447,4.08,0.0,0.896,12.055
2026-04-21 03:00:00,Hostel A,26.043,0.12,6.483,4.08,0.0,0.872,11.555
2026-04-21 04:00:00,Hostel A,28.652,8.038,6.193,4.08,0.0,0.878,19.189
2026-04-21 05:00:00,Hostel A,27.647,4.887,6.053,4.08,13.356,0.895,29.271
2026-04-21 06:00:00,Hostel A,30.398,12.656,6.79,4.08,0.0,0.832,24.358
2026-04-21 07:00:00,Hostel A,29.486,8.657,6.925,0.0,10.978,0.861,27.421
2026-04-21 08:00:00,Hostel A,31.738,15.431,6.171,0.0,0.0,0.814,22.416
2026-04-21 09:00:00,Hostel A,35.393,9.87,2.513,0.0,0.0,0.819,13.202
2026-04-21 10:00:00,Hostel A,33.496,7.58,2.509,0.0,0.0,0.843,10.932
2026-04-21 11:00:00,Hostel A,34.102,7.477,2.382,0.0,0.0,0.871,10.73
2026-04-21 12:00:00,Hostel A,38.529,12.629,2.517,0.0,0.0,0.885,16.031
2026-04-21 13:00:00,Hostel A,37.369,11.592,2.367,0.0,0.0,0.833,14.792
2026-04-21 14:00:00,Hostel A,38.775,13.727,2.816,0.0,0.0,0.877,17.42
2026-04-21 15:00:00,Hostel A,38.414,11.319,2.502,0.0,0.0,0.83,14.652
2026-04-21 16:00:00,Hostel A,39.064,12.303,2.758,0.0,0.0,0.811,15.872
2026-04-21 17:00:00,Hostel A,37.246,10.53,2.671,0.0,0.0,0.815,14.016
2026-04-21 18:00:00,Hostel A,37.063,31.469,6.908,4.08,0.0,0.863,43.32
2026-04-21 19:00:00,Hostel A,36.45,28.994,7.083,4.08,0.0,0.855,41.012
2026-04-21 20:00:00,Hostel A,33.545,19.269,6.236,4.08,0.0,0.834,30.419
2026-04-21 21:00:00,Hostel A,32.3,14.944,5.838,4.08,0.0,0.811,25.673
2026-04-21 22:00:00,Hostel A,31.1,16.05,6.782,4.08,0.0,0.861,27.774
2026-04-21 23:00:00,Hostel A,28.571,7.174,5.742,4.08,0.0,0.884,17.88
2026-04-22 00:00:00,Hostel A,28.335,6.726,6.03,4.08,0.0,0.816,17.652
2026-04-22 01:00:00,Hostel A,27.923,17.298,5.788,7.315,0.0,0.876,31.276
2026-04-22 02:00:00,Hostel A,26.805,14.448,6.995,7.315,0.0,0.867,29.624
2026-04-22 03:00:00,Hostel A,26.729,14.281,5.72,7.315,0.0,0.853,28.168
2026-04-22 04:00:00,Hostel A,27.185,15.107,6.416,7.315,0.0,0.814,29.652
2026-04-22 05:00:00,Hostel A,27.148,15.35,6.317,7.315,14.767,0.893,44.642
2026-04-22 06:00:00,Hostel A,29.448,8.452,6.644,4.08,14.882,0.853,34.912
2026-04-22 07:00:00,Hostel A,31.436,15.517,6.126,0.0,0.0,0.846,22.489
2026-04-22 08:00:00,Hostel A,30.983,13.02,6.96,0.0,0.0,0.888,20.867
2026-04-22 09:00:00,Hostel A,33.485,6.897,2.784,0.0,0.0,0.886,10.567
2026-04-22 10:00:00,Hostel A,34.313,10.766,2.606,0.0,0.0,0.875,14.247
2026-04-22 11:00:00,Hostel A,36.365,13.068,2.563,0.0,0.0,0.885,16.515
2026-04-22 12:00:00,Hostel A,38.808,12.399,2.832,0.0,0.0,0.821,16.052
2026-04-22 13:00:00,Hostel A,38.705,15.739,2.797,0.0,0.0,0.878,19.415
2026-04-22 14:00:00,Hostel A,37.022,11.503,2.587,0.0,0.0,0.84,14.929
2026-04-22 15:00:00,Hostel A,39.454,13.193,2.553,0.0,0.0,0.888,16.634
2026-04-22 16:00:00,Hostel A,40.028,15.047,2.375,0.0,0.0,0.843,18.265
2026-04-22 17:00:00,Hostel A,37.975,12.438,2.4,0.0,0.0,0.815,15.653
2026-04-22 18:00:00,Hostel A,38.238,31.945,5.789,4.08,0.0,0.847,42.661
2026-04-22 19:00:00,Hostel A,35.31,26.698,5.747,4.08,0.0,0.878,37.403
2026-04-22 20:00:00,Hostel A,33.067,16.651,5.93,4.08,0.0,0.855,27.516
2026-04-22 21:00:00,Hostel A,33.141,18.818,6.936,4.08,0.0,0.879,30.713
2026-04-22 22:00:00,Hostel A,29.691,9.327,6.852,4.08,0.0,0.813,21.072
2026-04-22 23:00:00,Hostel A,29.76,10.824,6.919,4.08,0.0,0.826,22.649
2026-04-23 00:00:00,Hostel A,30.044,9.549,6.603,4.08,0.0,0.861,21.093
2026-04-23 01:00:00,Hostel A,25.894,0.0,6.603,4.08,0.0,0.845,11.528
2026-04-23 02:00:00,Hostel A,25.925,0.0,5.889,4.08,0.0,0.871,10.84
2026-04-23 03:00:00,Hostel A,25.968,0.0,6.71,4.08,0.0,0.897,11.687
2026-04-23 04:00:00,Hostel A,27.141,3.007,6.112,4.08,0.0,0.869,14.068
2026-04-23 05:00:00,Hostel A,27.438,4.189,6.453,4.08,10.307,0.848,25.877
2026-04-23 06:00:00,Hostel A,30.156,12.317,7.075,4.08,0.0,0.859,24.331
2026-04-23 07:00:00,Hostel A,30.954,11.504,6.955,0.0,0.0,0.892,19.351
2026-04-23 08:00:00,Hostel A,31.942,18.1,6.045,0.0,0.0,0.871,25.016
2026-04-23 09:00:00,Hostel A,33.146,8.602,2.785,0.0,0.0,0.882,12.269
2026-04-23 10:00:00,Hostel A,34.946,9.414,2.413,0.0,0.0,0.837,12.665
2026-04-23 11:00:00,Hostel A,35.138,11.144,2.368,0.0,0.0,0.877,14.389
2026-04-23 12:00:00,Hostel A,38.1,14.466,2.369,0.0,0.0,0.823,17.657
2026-04-23 13:00:00,Hostel A,37.084,12.806,2.452,0.0,0.0,0.877,16.136
2026-04-23 14:00:00,Hostel A,39.631,13.664,2.761,0.0,0.0,0.889,17.314
2026-04-23 15:00:00,Hostel A,40.186,14.496,2.566,0.0,0.0,0.891,17.953
2026-04-23 16:00:00,Hostel A,39.006,15.747,2.361,0.0,0.0,0.82,18.928
2026-04-23 17:00:00,Hostel A,38.02,13.759,2.933,0.0,0.0,0.885,17.576
2026-04-23 18:00:00,Hostel A,37.643,34.982,6.474,4.08,0.0,0.82,46.356
2026-04-23 19:00:00,Hostel A,33.138,21.008,6.274,4.08,0.0,0.853,32.216
2026-04-23 20:00:00,Hostel A,34.855,27.005,6.453,4.08,0.0,0.871,38.409
2026-04-23 21:00:00,Hostel A,32.887,21.652,6.455,4.08,0.0,0.854,33.04
2026-04-23 22:00:00,Hostel A,31.396,13.037,6.383,4.08,0.0,0.841,24.341
2026-04-23 23:00:00,Hostel A,30.707,11.246,6.587,4.08,0.0,0.872,22.785
2026-04-24 00:00:00,Hostel A,28.683,7.49,6.977,4.08,0.0,0.869,19.416
2026-04-24 01:00:00,Hostel A,26.664,1.766,6.143,4.08,0.0,0.862,12.851
2026-04-24 02:00:00,Hostel A,27.063,2.952,6.407,4.08,0.0,0.858,14.297
2026-04-24 03:00:00,Hostel A,27.068,3.197,5.717,4.08,0.0,0.874,13.867
2026-04-24 04:00:00,Hostel A,27.319,4.119,6.94,4.08,0.0,0.846,15.985
2026-04-24 05:00:00,Hostel A,27.966,5.171,6.149,4.08,12.305,0.816,28.52
2026-04-24 06:00:00,Hostel A,29.797,11.078,6.099,4.08,15.794,0.858,37.91
2026-04-24 07:00:00,Hostel A,28.914,7.05,7.136,0.0,15.368,0.875,30.43
2026-04-24 08:00:00,Hostel A,31.623,15.42,6.547,0.0,0.0,0.837,22.803
2026-04-24 09:00:00,Hostel A,34.29,7.688,2.424,0.0,0.0,0.823,10.935
2026-04-24 10:00:00,Hostel A,32.818,7.617,2.508,0.0,0.0,0.892,11.017
2026-04-24 11:00:00,Hostel A,36.18,11.538,2.56,0.0,0.0,0.888,14.986
2026-04-24 12:00:00,Hostel A,36.657,12.878,2.932,0.0,0.0,0.866,16.675
2026-04-24 13:00:00,Hostel A,37.825,13.889,2.605,0.0,0.0,0.881,17.375
2026-04-24 14:00:00,Hostel A,37.891,12.603,2.487,0.0,0.0,0.897,15.987
2026-04-24 15:00:00,Hostel A,38.83,11.052,2.687,0.0,0.0,0.861,14.6
2026-04-24 16:00:00,Hostel A,40.637,11.571,2.59,0.0,0.0,0.832,14.993
2026-04-24 17:00:00,Hostel A,36.932,14.232,2.384,0.0,0.0,0.867,17.484
2026-04-24 18:00:00,Hostel A,36.073,31.36,6.941,4.08,0.0,0.892,43.273
2026-04-24 19:00:00,Hostel A,34.698,22.112,5.734,4.08,0.0,0.872,32.798
2026-04-24 20:00:00,Hostel A,36.28,25.483,6.995,4.08,0.0,0.812,37.37
2026-04-24 21:00:00,Hostel A,32.538,17.315,6.843,4.08,0.0,0.893,29.131
2026-04-24 22:00:00,Hostel A,31.421,15.673,5.82,4.08,0.0,0.878,26.452
2026-04-24 23:00:00,Hostel A,29.597,9.254,6.745,4.08,0.0,0.846,20.925
2026-04-25 00:00:00,Hostel A,27.813,3.538,5.791,3.468,0.0,0.899,13.695
2026-04-25 01:00:00,Hostel A,27.569,3.489,5.586,3.468,0.0,0.875,13.418
2026-04-25 02:00:00,Hostel A,29.663,7.722,5.556,3.468,0.0,0.884,17.631
2026-04-25 03:00:00,Hostel A,28.392,5.168,4.916,3.468,0.0,0.895,14.447
2026-04-25 04:00:00,Hostel A,26.352,0.713,4.927,3.468,0.0,0.814,9.922
2026-04-25 05:00:00,Hostel A,28.451,5.962,5.738,3.468,15.943,0.88,31.99
2026-04-25 06:00:00,Hostel A,27.926,4.477,4.983,3.468,13.708,0.845,27.481
2026-04-25 07:00:00,Hostel A,28.224,4.707,5.149,0.0,14.606,0.888,25.35
2026-04-25 08:00:00,Hostel A,32.467,15.175,5.461,0.0,0.0,0.889,21.525
2026-04-25 09:00:00,Hostel A,34.16,7.718,2.081,0.0,0.0,0.885,10.684
2026-04-25 10:00:00,Hostel A,35.599,10.053,2.394,0.0,0.0,0.88,13.327
2026-04-25 11:00:00,Hostel A,35.53,10.492,2.403,0.0,0.0,0.881,13.776
2026-04-25 12:00:00,Hostel A,37.076,9.134,2.42,0.0,0.0,0.837,12.391
2026-04-25 13:00:00,Hostel A,38.946,12.921,2.024,0.0,0.0,0.847,15.792
2026-04-25 14:00:00,Hostel A,39.187,12.202,2.213,0.0,0.0,0.82,15.235
2026-04-25 15:00:00,Hostel A,38.606,12.153,2.422,0.0,0.0,0.885,15.46
2026-04-25 16:00:00,Hostel A,37.176,10.128,2.181,0.0,0.0,0.868,13.177
2026-04-25 17:00:00,Hostel A,38.31,10.752,2.347,0.0,0.0,0.865,13.965
2026-04-25 18:00:00,Hostel A,38.322,22.814,5.57,3.468,0.0,0.832,32.684
2026-04-25 19:00:00,Hostel A,34.802,23.722,5.277,3.468,0.0,0.865,33.332
2026-04-25 20:00:00,Hostel A,35.192,21.964,5.191,3.468,0.0,0.851,31.473
2026-04-25 21:00:00,Hostel A,33.332,16.302,5.647,3.468,0.0,0.9,26.317
2026-04-25 22:00:00,Hostel A,32.197,14.493,5.017,3.468,0.0,0.888,23.866
2026-04-25 23:00:00,Hostel A,30.872,9.4,5.899,3.468,0.0,0.857,19.625
2026-04-26 00:00:00,Hostel A,28.063,4.204,5.555,3.468,0.0,0.883,14.109
2026-04-26 01:00:00,Hostel A,26.187,0.449,4.991,3.468,0.0,0.825,9.732
2026-04-26 02:00:00,Hostel A,26.671,1.553,5.709,3.468,0.0,0.819,11.549
2026-04-26 03:00:00,Hostel A,27.889,4.791,5.378,3.468,0.0,0.867,14.505
2026-04-26 04:00:00,Hostel A,26.662,1.611,5.103,3.468,0.0,0.875,11.057
2026-04-26 05:00:00,Hostel A,27.11,2.647,6.022,3.468,11.639,0.815,24.591
2026-04-26 06:00:00,Hostel A,26.936,2.395,5.729,3.468,14.979,0.828,27.399
2026-04-26 07:00:00,Hostel A,31.753,11.229,5.575,0.0,0.0,0.858,17.663
2026-04-26 08:00:00,Hostel A,32.273,15.419,5.886,0.0,0.0,0.816,22.121
2026-04-26 09:00:00,Hostel A,33.77,7.929,2.271,0.0,0.0,0.848,11.048
2026-04-26 10:00:00,Hostel A,35.521,8.312,2.22,0.0,0.0,0.853,11.385
2026-04-26 11:00:00,Hostel A,36.577,8.952,2.094,0.0,0.0,0.893,11.939
2026-04-26 12:00:00,Hostel A,36.998,9.376,2.076,0.0,0.0,0.838,12.29
2026-04-26 13:00:00,Hostel A,38.032,10.167,2.215,0.0,0.0,0.825,13.207
2026-04-26 14:00:00,Hostel A,38.368,11.475,2.227,0.0,0.0,0.811,14.513
2026-04-26 15:00:00,Hostel A,41.635,9.916,2.366,0.0,0.0,0.821,13.103
2026-04-26 16:00:00,Hostel A,39.351,12.019,2.22,0.0,0.0,0.878,15.117
2026-04-26 17:00:00,Hostel A,37.732,9.575,2.296,0.0,0.0,0.85,12.721
2026-04-26 18:00:00,Hostel A,37.708,22.461,5.866,3.468,0.0,0.828,32.623
2026-04-26 19:00:00,Hostel A,34.989,19.381,6.061,3.468,0.0,0.894,29.804
2026-04-26 20:00:00,Hostel A,36.057,20.643,5.247,3.468,0.0,0.881,30.239
2026-04-26 21:00:00,Hostel A,32.339,17.116,5.95,3.468,0.0,0.82,27.354
2026-04-26 22:00:00,Hostel A,31.948,12.746,5.834,3.468,0.0,0.834,22.882
2026-04-26 23:00:00,Hostel A,31.066,10.522,4.938,3.468,0.0,0.886,19.815
2026-04-27 00:00:00,Hostel A,29.142,7.602,6.189,4.08,0.0,0.872,18.744
2026-04-27 01:00:00,Hostel A,27.898,4.914,6.025,4.08,0.0,0.895,15.914
2026-04-27 02:00:00,Hostel A,27.215,3.416,6.661,4.08,0.0,0.817,14.973
2026-04-27 03:00:00,Hostel A,26.944,2.811,6.505,4.08,0.0,0.88,14.276
2026-04-27 04:00:00,Hostel A,26.628,1.62,6.419,4.08,0.0,0.817,12.935
2026-04-27 05:00:00,Hostel A,27.354,3.833,6.802,4.08,15.122,0.84,30.677
2026-04-27 06:00:00,Hostel A,30.237,11.407,6.188,4.08,0.0,0.878,22.552
2026-04-27 07:00:00,Hostel A,29.891,11.833,6.259,0.0,13.985,0.874,32.95
2026-04-27 08:00:00,Hostel A,30.661,12.937,6.948,0.0,0.0,0.81,20.695
2026-04-27 09:00:00,Hostel A,32.484,6.697,2.924,0.0,0.0,0.828,10.449
2026-04-27 10:00:00,Hostel A,35.653,11.543,2.808,0.0,0.0,0.88,15.232
2026-04-27 11:00:00,Hostel A,36.676,13.255,2.48,0.0,0.0,0.821,16.556
2026-04-27 12:00:00,Hostel A,37.803,13.007,2.418,0.0,0.0,0.839,16.265
2026-04-27 13:00:00,Hostel A,37.939,15.609,2.475,0.0,0.0,0.827,18.911
2026-04-27 14:00:00,Hostel A,39.369,15.179,2.601,0.0,0.0,0.82,18.599
2026-04-27 15:00:00,Hostel A,38.356,11.956,2.491,0.0,0.0,0.885,15.332
2026-04-27 16:00:00,Hostel A,38.536,14.742,2.882,0.0,0.0,0.816,18.44
2026-04-27 17:00:00,Hostel A,39.166,13.864,2.746,0.0,0.0,0.858,17.469
2026-04-27 18:00:00,Hostel A,38.117,32.912,6.307,4.08,0.0,0.872,44.171
2026-04-27 19:00:00,Hostel A,35.018,24.554,6.103,4.08,0.0,0.815,35.552
2026-04-27 20:00:00,Hostel A,33.697,23.456,6.256,4.08,0.0,0.867,34.659
2026-04-27 21:00:00,Hostel A,33.109,20.014,6.392,4.08,0.0,0.84,31.326
2026-04-27 22:00:00,Hostel A,33.173,19.694,6.731,4.08,0.0,0.885,31.39
2026-04-27 23:00:00,Hostel A,28.084,4.748,5.84,4.08,0.0,0.882,15.55
2026-04-28 00:00:00,Hostel A,29.036,8.075,6.924,4.08,0.0,0.881,19.96
2026-04-28 01:00:00,Hostel A,26.428,1.326,5.894,4.08,0.0,0.846,12.146
2026-04-28 02:00:00,Hostel A,26.57,1.66,6.087,4.08,0.0,0.884,12.711
2026-04-28 03:00:00,Hostel A,26.636,1.449,7.131,4.08,0.0,0.867,13.527
2026-04-28 04:00:00,Hostel A,26.784,2.412,5.984,4.08,0.0,0.844,13.32
2026-04-28 05:00:00,Hostel A,27.27,3.838,5.856,4.08,14.492,0.817,29.083
2026-04-28 06:00:00,Hostel A,28.765,7.614,6.624,4.08,13.246,0.816,32.379
2026-04-28 07:00:00,Hostel A,29.465,7.805,6.273,0.0,10.738,0.833,25.649
2026-04-28 08:00:00,Hostel A,29.985,11.034,5.843,0.0,13.236,0.837,30.95
2026-04-28 09:00:00,Hostel A,33.78,7.315,2.354,0.0,0.0,0.893,10.563
2026-04-28 10:00:00,Hostel A,35.306,9.724,2.399,0.0,0.0,0.9,13.022
2026-04-28 11:00:00,Hostel A,36.843,12.647,2.659,0.0,0.0,0.823,16.13
2026-04-28 12:00:00,Hostel A,35.702,12.401,2.488,0.0,0.0,0.895,15.784
2026-04-28 13:00:00,Hostel A,38.495,12.716,2.809,0.0,0.0,0.874,16.398
2026-04-28 14:00:00,Hostel A,39.472,15.089,2.856,0.0,0.0,0.855,18.8
2026-04-28 15:00:00,Hostel A,37.969,15.324,2.437,0.0,0.0,0.896,18.657
2026-04-28 16:00:00,Hostel A,38.805,11.124,2.55,0.0,0.0,0.874,14.549
2026-04-28 17:00:00,Hostel A,38.08,12.156,2.438,0.0,0.0,0.863,15.458
2026-04-28 18:00:00,Hostel A,39.085,34.921,6.121,4.08,0.0,0.829,45.951
2026-04-28 19:00:00,Hostel A,37.924,35.237,6.054,4.08,0.0,0.832,46.202
2026-04-28 20:00:00,Hostel A,32.889,17.955,6.836,4.08,0.0,0.892,29.763
2026-04-28 21:00:00,Hostel A,35.494,27.146,6.205,4.08,0.0,0.829,38.26
2026-04-28 22:00:00,Hostel A,30.532,12.765,6.42,4.08,0.0,0.813,24.077
2026-04-28 23:00:00,Hostel A,30.981,14.637,6.674,4.08,0.0,0.834,26.225
2026-04-29 00:00:00,Hostel A,29.728,10.88,6.886,4.08,0.0,0.853,22.699
2026-04-29 01:00:00,Hostel A,26.808,1.87,6.142,4.08,0.0,0.844,12.936
2026-04-29 02:00:00,Hostel A,27.698,4.045,6.011,4.08,0.0,0.894,15.03
2026-04-29 03:00:00,Hostel A,26.892,2.105,7.109,4.08,0.0,0.848,14.141
2026-04-29 04:00:00,Hostel A,27.759,5.493,6.169,4.08,0.0,0.89,16.632
2026-04-29 05:00:00,Hostel A,28.035,6.317,6.67,4.08,12.515,0.864,30.446
2026-04-29 06:00:00,Hostel A,29.954,11.836,6.68,4.08,13.033,0.857,36.487
2026-04-29 07:00:00,Hostel A,30.075,9.548,6.446,0.0,0.0,0.824,16.819
2026-04-29 08:00:00,Hostel A,31.279,14.678,6.038,0.0,0.0,0.834,21.551
2026-04-29 09:00:00,Hostel A,34.096,8.035,2.435,0.0,0.0,0.888,11.358
2026-04-29 10:00:00,Hostel A,35.133,9.716,2.638,0.0,0.0,0.88,13.235
2026-04-29 11:00:00,Hostel A,36.732,10.988,2.652,0.0,0.0,0.85,14.491
2026-04-29 12:00:00,Hostel A,36.578,13.171,2.807,0.0,0.0,0.892,16.87
2026-04-29 13:00:00,Hostel A,37.151,10.879,2.769,0.0,0.0,0.884,14.532
2026-04-29 14:00:00,Hostel A,38.228,14.078,2.888,0.0,0.0,0.82,17.787
2026-04-29 15:00:00,Hostel A,38.379,15.674,2.923,0.0,0.0,0.865,19.461
2026-04-29 16:00:00,Hostel A,39.582,14.271,2.78,0.0,0.0,0.882,17.933
2026-04-29 17:00:00,Hostel A,39.172,11.399,2.397,0.0,0.0,0.883,14.679
2026-04-29 18:00:00,Hostel A,37.088,34.364,6.291,4.08,0.0,0.818,45.553
2026-04-29 19:00:00,Hostel A,37.431,32.535,6.581,4.08,0.0,0.83,44.026
2026-04-29 20:00:00,Hostel A,35.921,26.466,6.555,4.08,0.0,0.847,37.948
2026-04-29 21:00:00,Hostel A,33.243,20.731,5.971,4.08,0.0,0.833,31.615
2026-04-29 22:00:00,Hostel A,30.625,14.208,6.544,4.08,0.0,0.82,25.652
2026-04-29 23:00:00,Hostel A,31.575,14.984,6.211,4.08,0.0,0.867,26.142
2026-04-30 00:00:00,Hostel A,28.696,7.386,6.196,4.08,0.0,0.856,18.518
2026-04-30 01:00:00,Hostel A,27.93,14.446,6.903,7.1,0.0,0.824,29.272
2026-04-30 02:00:00,Hostel A,26.865,11.294,6.315,7.1,0.0,0.863,25.571
2026-04-30 03:00:00,Hostel A,26.11,9.633,6.465,7.1,0.0,0.816,24.013
2026-04-30 04:00:00,Hostel A,25.736,9.304,6.516,7.1,0.0,0.844,23.764
2026-04-30 05:00:00,Hostel A,28.437,15.66,6.516,7.1,11.784,0.881,41.942
2026-04-30 06:00:00,Hostel A,27.974,5.135,6.016,4.08,14.392,0.89,30.513
2026-04-30 07:00:00,Hostel A,33.06,17.642,6.568,0.0,0.0,0.832,25.042
2026-04-30 08:00:00,Hostel A,30.361,11.409,6.19,0.0,0.0,0.887,18.486
2026-04-30 09:00:00,Hostel A,31.743,6.673,2.737,0.0,0.0,0.89,10.301
2026-04-30 10:00:00,Hostel A,35.063,9.438,2.438,0.0,0.0,0.865,12.74
2026-04-30 11:00:00,Hostel A,37.529,11.376,2.937,0.0,0.0,0.898,15.211
2026-04-30 12:00:00,Hostel A,37.307,14.259,2.806,0.0,0.0,0.832,17.897
2026-04-30 13:00:00,Hostel A,38.768,15.612,2.597,0.0,0.0,0.816,19.026
2026-04-30 14:00:00,Hostel A,36.952,12.04,2.529,0.0,0.0,0.886,15.455
2026-04-30 15:00:00,Hostel A,38.322,12.57,2.58,0.0,0.0,0.854,16.004
2026-04-30 16:00:00,Hostel A,37.722,10.989,2.776,0.0,0.0,0.841,14.606
2026-04-30 17:00:00,Hostel A,36.301,9.614,2.737,0.0,0.0,0.815,13.166
2026-04-30 18:00:00,Hostel A,37.36,29.614,6.715,4.08,0.0,0.816,41.224
2026-04-30 19:00:00,Hostel A,33.757,24.209,6.981,4.08,0.0,0.818,36.088
2026-04-30 20:00:00,Hostel A,33.231,21.186,6.364,4.08,0.0,0.827,32.456
2026-04-30 21:00:00,Hostel A,32.463,16.579,6.668,4.08,0.0,0.897,28.224
2026-04-30 22:00:00,Hostel A,30.616,14.572,6.342,4.08,0.0,0.835,25.83
2026-04-30 23:00:00,Hostel A,30.396,11.612,6.623,4.08,0.0,0.884,23.199
2026-05-01 00:00:00,Hostel A,32.063,15.133,6.39,4.08,0.0,0.812,26.414
2026-05-01 01:00:00,Hostel A,31.698,24.456,6.821,7.667,0.0,0.839,39.783
2026-05-01 02:00:00,Hostel A,30.957,21.483,5.72,7.667,0.0,0.892,35.76
2026-05-01 03:00:00,Hostel A,31.141,25.244,6.02,7.667,0.0,0.827,39.758
2026-05-01 04:00:00,Hostel A,30.203,20.248,6.135,7.667,0.0,0.836,34.886
2026-05-01 05:00:00,Hostel A,31.107,24.029,7.062,7.667,0.0,0.884,39.642
2026-05-01 06:00:00,Hostel A,32.269,16.32,6.436,4.08,0.0,0.821,27.657
2026-05-01 07:00:00,Hostel A,33.142,22.093,6.232,0.0,0.0,0.815,29.14
2026-05-01 08:00:00,Hostel A,34.05,22.906,6.289,0.0,0.0,0.897,30.092
2026-05-01 09:00:00,Hostel A,35.668,10.741,2.618,0.0,0.0,0.846,14.205
2026-05-01 10:00:00,Hostel A,36.735,10.422,2.862,0.0,0.0,0.869,14.153
2026-05-01 11:00:00,Hostel A,39.422,15.287,2.918,0.0,0.0,0.821,19.026
2026-05-01 12:00:00,Hostel A,40.149,13.609,2.848,0.0,0.0,0.83,17.287
2026-05-01 13:00:00,Hostel A,40.533,12.372,2.847,0.0,0.0,0.851,16.07
2026-05-01 14:00:00,Hostel A,41.133,15.173,2.469,0.0,0.0,0.871,18.513
2026-05-01 15:00:00,Hostel A,40.79,11.282,2.51,0.0,0.0,0.836,14.629
2026-05-01 16:00:00,Hostel A,42.774,12.509,2.702,0.0,0.0,0.89,16.101
2026-05-01 17:00:00,Hostel A,41.275,13.562,2.738,0.0,0.0,0.88,17.18
2026-05-01 18:00:00,Hostel A,39.38,30.674,6.001,4.08,0.0,0.86,41.615
2026-05-01 19:00:00,Hostel A,39.809,32.246,6.778,4.08,0.0,0.851,43.955
2026-05-01 20:00:00,Hostel A,36.992,27.305,5.998,4.08,0.0,0.866,38.249
2026-05-01 21:00:00,Hostel A,34.593,20.243,6.088,4.08,0.0,0.876,31.287
2026-05-01 22:00:00,Hostel A,35.468,21.46,6.15,4.08,0.0,0.822,32.512
2026-05-01 23:00:00,Hostel A,32.463,15.395,6.92,4.08,0.0,0.887,27.281
2026-05-02 00:00:00,Hostel A,31.348,14.286,5.744,3.468,0.0,0.854,24.352
2026-05-02 01:00:00,Hostel A,30.845,11.455,5.499,3.468,0.0,0.894,21.316
2026-05-02 02:00:00,Hostel A,31.347,12.266,5.85,3.468,0.0,0.896,22.48
2026-05-02 03:00:00,Hostel A,30.02,8.88,5.842,3.468,0.0,0.813,19.003
2026-05-02 04:00:00,Hostel A,29.005,7.43,5.328,3.468,0.0,0.845,17.071
2026-05-02 05:00:00,Hostel A,31.348,10.756,5.804,3.468,0.0,0.857,20.885
2026-05-02 06:00:00,Hostel A,31.272,11.183,5.106,3.468,0.0,0.859,20.615
2026-05-02 07:00:00,Hostel A,34.888,21.595,5.466,0.0,0.0,0.884,27.945
2026-05-02 08:00:00,Hostel A,34.446,19.307,4.999,0.0,0.0,0.823,25.128
2026-05-02 09:00:00,Hostel A,33.765,8.065,2.213,0.0,0.0,0.866,11.144
2026-05-02 10:00:00,Hostel A,37.91,12.877,2.259,0.0,0.0,0.895,16.031
2026-05-02 11:00:00,Hostel A,40.945,12.678,2.039,0.0,0.0,0.9,15.617
2026-05-02 12:00:00,Hostel A,41.819,10.111,2.23,0.0,0.0,0.811,13.152
2026-05-02 13:00:00,Hostel A,43.027,9.739,2.325,0.0,0.0,0.898,12.961
2026-05-02 14:00:00,Hostel A,40.776,10.052,2.306,0.0,0.0,0.821,13.179
2026-05-02 15:00:00,Hostel A,42.912,12.518,2.026,0.0,0.0,0.858,15.403
2026-05-02 16:00:00,Hostel A,41.074,13.041,2.047,0.0,0.0,0.832,15.92
2026-05-02 17:00:00,Hostel A,41.42,13.088,2.175,0.0,0.0,0.865,16.127
2026-05-02 18:00:00,Hostel A,38.97,25.667,5.878,3.468,0.0,0.813,35.827
2026-05-02 19:00:00,Hostel A,38.356,30.955,5.911,3.468,0.0,0.831,41.166
2026-05-02 20:00:00,Hostel A,36.877,25.369,5.231,3.468,0.0,0.837,34.905
2026-05-02 21:00:00,Hostel A,36.899,27.958,5.728,3.468,0.0,0.892,38.047
2026-05-02 22:00:00,Hostel A,35.248,21.661,5.556,3.468,0.0,0.863,31.548
2026-05-02 23:00:00,Hostel A,33.277,14.664,6.049,3.468,0.0,0.874,25.054
2026-05-03 00:00:00,Hostel A,30.407,8.642,4.97,3.468,0.0,0.871,17.951
2026-05-03 01:00:00,Hostel A,30.492,20.379,5.52,7.307,0.0,0.845,34.052
2026-05-03 02:00:00,Hostel A,29.458,16.12,5.574,7.307,0.0,0.811,29.813
2026-05-03 03:00:00,Hostel A,30.87,18.988,5.229,7.307,0.0,0.82,32.343
2026-05-03 04:00:00,Hostel A,31.383,20.132,4.912,7.307,0.0,0.851,33.202
2026-05-03 05:00:00,Hostel A,31.86,21.284,4.918,7.307,0.0,0.895,34.404
2026-05-03 06:00:00,Hostel A,31.002,13.329,5.406,3.468,0.0,0.832,23.035
2026-05-03 07:00:00,Hostel A,30.26,8.297,5.696,0.0,0.0,0.873,14.866
2026-05-03 08:00:00,Hostel A,32.68,13.316,5.705,0.0,0.0,0.884,19.905
2026-05-03 09:00:00,Hostel A,37.422,11.938,2.09,0.0,0.0,0.892,14.919
2026-05-03 10:00:00,Hostel A,37.152,10.759,2.428,0.0,0.0,0.836,14.024
2026-05-03 11:00:00,Hostel A,38.249,9.887,2.188,0.0,0.0,0.894,12.969
2026-05-03 12:00:00,Hostel A,41.885,9.51,2.481,0.0,0.0,0.865,12.856
2026-05-03 13:00:00,Hostel A,42.461,10.272,2.058,0.0,0.0,0.856,13.186
2026-05-03 14:00:00,Hostel A,41.82,10.419,2.417,0.0,0.0,0.88,13.716
2026-05-03 15:00:00,Hostel A,41.707,9.428,2.453,0.0,0.0,0.831,12.713
2026-05-03 16:00:00,Hostel A,41.663,10.239,2.41,0.0,0.0,0.883,13.533
2026-05-03 17:00:00,Hostel A,41.423,12.337,2.403,0.0,0.0,0.868,15.608
2026-05-03 18:00:00,Hostel A,41.843,31.102,5.294,3.468,0.0,0.882,40.746
2026-05-03 19:00:00,Hostel A,39.422,31.52,5.721,3.468,0.0,0.887,41.596
2026-05-03 20:00:00,Hostel A,38.279,26.562,5.558,3.468,0.0,0.866,36.454
2026-05-03 21:00:00,Hostel A,37.169,24.083,5.37,3.468,0.0,0.813,33.735
2026-05-03 22:00:00,Hostel A,33.277,19.716,6.061,3.468,0.0,0.837,30.082
2026-05-03 23:00:00,Hostel A,33.755,19.557,5.208,3.468,0.0,0.889,29.122
2026-05-04 00:00:00,Hostel A,31.463,14.996,6.302,4.08,0.0,0.866,26.244
2026-05-04 01:00:00,Hostel A,28.288,5.662,7.001,4.08,0.0,0.89,17.633
2026-05-04 02:00:00,Hostel A,28.076,5.271,6.125,4.08,0.0,0.845,16.32
2026-05-04 03:00:00,Hostel A,28.982,8.123,5.93,4.08,0.0,0.855,18.988
2026-05-04 04:00:00,Hostel A,30.736,13.021,6.155,4.08,0.0,0.888,24.144
2026-05-04 05:00:00,Hostel A,30.918,11.037,6.796,4.08,0.0,0.879,22.792
2026-05-04 06:00:00,Hostel A,31.942,18.709,6.94,4.08,0.0,0.844,30.572
2026-05-04 07:00:00,Hostel A,34.951,24.899,5.875,0.0,0.0,0.812,31.586
2026-05-04 08:00:00,Hostel A,33.178,20.06,6.6,0.0,0.0,0.889,27.549
2026-05-04 09:00:00,Hostel A,35.973,9.993,2.686,0.0,0.0,0.881,13.559
2026-05-04 10:00:00,Hostel A,37.857,14.466,2.745,0.0,0.0,0.85,18.061
2026-05-04 11:00:00,Hostel A,38.264,14.509,2.747,0.0,0.0,0.859,18.114
2026-05-04 12:00:00,Hostel A,40.271,11.475,2.916,0.0,0.0,0.828,15.219
2026-05-04 13:00:00,Hostel A,39.596,13.836,2.556,0.0,0.0,0.847,17.239
2026-05-04 14:00:00,Hostel A,43.205,14.135,2.528,0.0,0.0,0.825,17.488
2026-05-04 15:00:00,Hostel A,41.318,14.973,2.694,0.0,0.0,0.829,18.496
2026-05-04 16:00:00,Hostel A,43.827,11.999,2.604,0.0,0.0,0.886,15.489
2026-05-04 17:00:00,Hostel A,41.164,15.172,2.631,0.0,0.0,0.843,18.645
2026-05-04 18:00:00,Hostel A,41.271,32.07,5.811,4.08,0.0,0.883,42.845
2026-05-04 19:00:00,Hostel A,38.947,27.883,5.924,4.08,0.0,0.853,38.739
2026-05-04 20:00:00,Hostel A,37.522,26.873,7.048,4.08,0.0,0.816,38.817
2026-05-04 21:00:00,Hostel A,35.416,22.79,5.81,4.08,0.0,0.843,33.522
2026-05-04 22:00:00,Hostel A,34.566,21.429,6.555,4.08,0.0,0.824,32.888
2026-05-04 23:00:00,Hostel A,33.318,19.802,6.79,4.08,0.0,0.872,31.544
2026-05-05 00:00:00,Hostel A,30.973,14.657,5.729,4.08,0.0,0.892,25.358
2026-05-05 01:00:00,Hostel A,30.679,11.275,6.03,4.08,0.0,0.879,22.264
2026-05-05 02:00:00,Hostel A,29.594,11.432,6.25,4.08,0.0,0.88,22.642
2026-05-05 03:00:00,Hostel A,32.3,15.029,6.436,4.08,0.0,0.888,26.432
2026-05-05 04:00:00,Hostel A,30.115,11.539,6.2,4.08,0.0,0.88,22.699
2026-05-05 05:00:00,Hostel A,32.349,19.806,6.639,4.08,0.0,0.861,31.386
2026-05-05 06:00:00,Hostel A,31.562,16.837,6.035,4.08,0.0,0.874,27.827
2026-05-05 07:00:00,Hostel A,33.259,20.695,5.748,0.0,0.0,0.847,27.291
2026-05-05 08:00:00,Hostel A,33.126,20.775,5.714,0.0,0.0,0.816,27.305
2026-05-05 09:00:00,Hostel A,35.553,9.282,2.555,0.0,0.0,0.874,12.71
2026-05-05 10:00:00,Hostel A,37.763,10.852,2.565,0.0,0.0,0.875,14.292
2026-05-05 11:00:00,Hostel A,40.586,13.076,2.91,0.0,0.0,0.83,16.816
2026-05-05 12:00:00,Hostel A,40.465,11.448,2.378,0.0,0.0,0.896,14.722
2026-05-05 13:00:00,Hostel A,42.58,12.715,2.664,0.0,0.0,0.815,16.194
2026-05-05 14:00:00,Hostel A,42.436,12.082,2.692,0.0,0.0,0.876,15.65
2026-05-05 15:00:00,Hostel A,43.627,15.355,2.763,0.0,0.0,0.897,19.015
2026-05-05 16:00:00,Hostel A,41.737,15.183,2.728,0.0,0.0,0.838,18.749
2026-05-05 17:00:00,Hostel A,43.586,14.895,2.357,0.0,0.0,0.892,18.143
2026-05-05 18:00:00,Hostel A,39.757,34.968,6.614,4.08,0.0,0.884,46.546
2026-05-05 19:00:00,Hostel A,38.234,28.543,6.172,4.08,0.0,0.877,39.672
2026-05-05 20:00:00,Hostel A,36.343,23.556,6.816,4.08,0.0,0.896,35.347
2026-05-05 21:00:00,Hostel A,38.331,34.278,5.981,4.08,0.0,0.869,45.208
2026-05-05 22:00:00,Hostel A,35.267,26.367,6.735,4.08,0.0,0.855,38.036
2026-05-05 23:00:00,Hostel A,32.666,17.228,6.605,4.08,0.0,0.871,28.784
2026-05-06 00:00:00,Hostel A,33.006,18.8,6.643,4.08,0.0,0.847,30.37
2026-05-06 01:00:00,Hostel A,31.492,25.03,5.963,6.691,0.0,0.839,38.524
2026-05-06 02:00:00,Hostel A,32.171,25.392,6.668,6.691,0.0,0.817,39.568
2026-05-06 03:00:00,Hostel A,28.452,16.417,6.764,6.691,0.0,0.844,30.716
2026-05-06 04:00:00,Hostel A,29.939,20.574,6.411,6.691,0.0,0.882,34.558
2026-05-06 05:00:00,Hostel A,30.341,22.399,6.198,6.691,0.0,0.895,36.183
2026-05-06 06:00:00,Hostel A,29.784,11.901,5.95,4.08,10.876,0.898,33.704
2026-05-06 07:00:00,Hostel A,34.06,22.135,6.126,0.0,0.0,0.829,29.09
2026-05-06 08:00:00,Hostel A,34.177,23.961,6.803,0.0,0.0,0.861,31.625
2026-05-06 09:00:00,Hostel A,36.74,13.28,2.593,0.0,0.0,0.862,16.734
2026-05-06 10:00:00,Hostel A,39.913,11.561,2.765,0.0,0.0,0.826,15.152
2026-05-06 11:00:00,Hostel A,38.647,14.111,2.787,0.0,0.0,0.862,17.761
2026-05-06 12:00:00,Hostel A,39.821,13.303,2.748,0.0,0.0,0.843,16.894
2026-05-06 13:00:00,Hostel A,41.315,13.73,2.748,0.0,0.0,0.895,17.373
2026-05-06 14:00:00,Hostel A,42.783,11.207,2.711,0.0,0.0,0.833,14.751
2026-05-06 15:00:00,Hostel A,41.433,15.307,2.657,0.0,0.0,0.885,18.849
2026-05-06 16:00:00,Hostel A,41.165,15.527,2.468,0.0,0.0,0.891,18.886
2026-05-06 17:00:00,Hostel A,42.253,11.041,2.848,0.0,0.0,0.876,14.765
2026-05-06 18:00:00,Hostel A,40.621,29.217,7.089,4.08,0.0,0.829,41.215
2026-05-06 19:00:00,Hostel A,36.955,26.332,6.378,4.08,0.0,0.833,37.623
2026-05-06 20:00:00,Hostel A,36.328,30.759,7.045,4.08,0.0,0.897,42.781
2026-05-06 21:00:00,Hostel A,37.501,32.24,7.137,4.08,0.0,0.817,44.274
2026-05-06 22:00:00,Hostel A,34.849,21.245,6.406,4.08,0.0,0.821,32.552
2026-05-06 23:00:00,Hostel A,32.238,18.773,6.746,4.08,0.0,0.898,30.498
2026-05-07 00:00:00,Hostel A,31.587,14.354,6.631,4.08,0.0,0.88,25.946
2026-05-07 01:00:00,Hostel A,30.817,12.871,6.051,4.08,0.0,0.877,23.879
2026-05-07 02:00:00,Hostel A,30.94,12.852,5.779,4.08,0.0,0.824,23.536
2026-05-07 03:00:00,Hostel A,28.642,7.211,6.359,4.08,0.0,0.854,18.505
2026-05-07 04:00:00,Hostel A,29.363,9.049,6.836,4.08,0.0,0.886,20.851
2026-05-07 05:00:00,Hostel A,31.077,12.661,6.176,4.08,0.0,0.84,23.757
2026-05-07 06:00:00,Hostel A,31.658,14.92,6.832,4.08,0.0,0.827,26.66
2026-05-07 07:00:00,Hostel A,33.572,23.472,6.647,0.0,0.0,0.811,30.93
2026-05-07 08:00:00,Hostel A,33.218,19.575,6.705,0.0,0.0,0.866,27.146
2026-05-07 09:00:00,Hostel A,36.357,13.253,2.52,0.0,0.0,0.836,16.609
2026-05-07 10:00:00,Hostel A,38.644,13.624,2.628,0.0,0.0,0.888,17.14
2026-05-07 11:00:00,Hostel A,39.487,14.658,2.459,0.0,0.0,0.836,17.952
2026-05-07 12:00:00,Hostel A,40.382,12.412,2.497,0.0,0.0,0.824,15.733
2026-05-07 13:00:00,Hostel A,41.1,14.76,2.405,0.0,0.0,0.896,18.061
2026-05-07 14:00:00,Hostel A,40.961,12.274,2.427,0.0,0.0,0.897,15.597
2026-05-07 15:00:00,Hostel A,41.928,11.117,2.476,0.0,0.0,0.872,14.465
2026-05-07 16:00:00,Hostel A,43.055,11.784,2.693,0.0,0.0,0.894,15.371
2026-05-07 17:00:00,Hostel A,41.077,11.127,2.611,0.0,0.0,0.825,14.563
2026-05-07 18:00:00,Hostel A,39.353,37.643,6.093,4.08,0.0,0.851,48.667
2026-05-07 19:00:00,Hostel A,38.508,38.25,6.942,4.08,0.0,0.828,50.1
2026-05-07 20:00:00,Hostel A,37.754,34.793,6.462,4.08,0.0,0.853,46.188
2026-05-07 21:00:00,Hostel A,35.626,22.474,7.03,4.08,0.0,0.881,34.466
2026-05-07 22:00:00,Hostel A,34.932,27.609,6.619,4.08,0.0,0.886,39.194
2026-05-07 23:00:00,Hostel A,33.523,22.136,5.735,4.08,0.0,0.81,32.761
2026-05-08 00:00:00,Hostel A,32.646,16.941,7.016,4.08,0.0,0.845,28.883
2026-05-08 01:00:00,Hostel A,32.227,16.886,6.936,4.08,0.0,0.899,28.802
2026-05-08 02:00:00,Hostel A,31.2,14.894,6.619,4.08,0.0,0.863,26.456
2026-05-08 03:00:00,Hostel A,29.066,6.911,6.476,4.08,0.0,0.837,18.303
2026-05-08 04:00:00,Hostel A,29.301,8.948,6.359,4.08,0.0,0.845,20.232
2026-05-08 05:00:00,Hostel A,30.728,13.861,6.401,4.08,0.0,0.839,25.18
2026-05-08 06:00:00,Hostel A,31.306,12.794,6.81,4.08,0.0,0.85,24.535
2026-05-08 07:00:00,Hostel A,31.862,15.566,6.445,0.0,0.0,0.85,22.861
2026-05-08 08:00:00,Hostel A,34.005,21.939,5.963,0.0,0.0,0.856,28.758
2026-05-08 09:00:00,Hostel A,35.525,11.51,2.386,0.0,0.0,0.852,14.748
2026-05-08 10:00:00,Hostel A,36.881,14.129,2.426,0.0,0.0,0.856,17.412
2026-05-08 11:00:00,Hostel A,38.684,15.033,2.5,0.0,0.0,0.813,18.345
2026-05-08 12:00:00,Hostel A,41.421,13.962,2.568,0.0,0.0,0.815,17.345
2026-05-08 13:00:00,Hostel A,41.395,13.783,2.877,0.0,0.0,0.843,17.503
2026-05-08 14:00:00,Hostel A,44.267,13.875,2.493,0.0,0.0,0.89,17.257
2026-05-08 15:00:00,Hostel A,42.171,13.601,2.54,0.0,0.0,0.881,17.022
2026-05-08 16:00:00,Hostel A,41.505,11.305,2.483,0.0,0.0,0.82,14.609
2026-05-08 17:00:00,Hostel A,41.2,14.324,2.673,0.0,0.0,0.855,17.852
2026-05-08 18:00:00,Hostel A,40.499,34.995,6.593,4.08,0.0,0.864,46.533
2026-05-08 19:00:00,Hostel A,39.435,32.656,6.472,4.08,0.0,0.853,44.061
2026-05-08 20:00:00,Hostel A,39.63,36.763,7.071,4.08,0.0,0.873,48.787
2026-05-08 21:00:00,Hostel A,35.155,26.313,7.133,4.08,0.0,0.9,38.426
2026-05-08 22:00:00,Hostel A,35.306,23.992,6.908,4.08,0.0,0.819,35.798
2026-05-08 23:00:00,Hostel A,33.208,16.218,6.862,4.08,0.0,0.856,28.016
2026-05-09 00:00:00,Hostel A,30.186,8.141,5.3,3.468,0.0,0.856,17.764
2026-05-09 01:00:00,Hostel A,31.575,12.166,5.559,3.468,0.0,0.861,22.054
2026-05-09 02:00:00,Hostel A,31.472,12.433,5.282,3.468,0.0,0.825,22.008
2026-05-09 03:00:00,Hostel A,29.143,6.387,5.807,3.468,0.0,0.867,16.53
2026-05-09 04:00:00,Hostel A,30.196,8.603,5.064,3.468,0.0,0.814,17.948
2026-05-09 05:00:00,Hostel A,29.078,6.415,5.118,3.468,9.61,0.877,25.487
2026-05-09 06:00:00,Hostel A,30.499,11.386,4.902,3.468,0.0,0.87,20.626
2026-05-09 07:00:00,Hostel A,34.048,20.309,5.594,0.0,0.0,0.84,26.743
2026-05-09 08:00:00,Hostel A,33.981,17.62,5.691,0.0,0.0,0.899,24.21
2026-05-09 09:00:00,Hostel A,34.891,7.456,2.001,0.0,0.0,0.885,10.342
2026-05-09 10:00:00,Hostel A,37.782,9.639,2.254,0.0,0.0,0.859,12.752
2026-05-09 11:00:00,Hostel A,38.478,9.721,2.188,0.0,0.0,0.899,12.808
2026-05-09 12:00:00,Hostel A,39.772,10.943,2.395,0.0,0.0,0.885,14.223
2026-05-09 13:00:00,Hostel A,41.935,9.554,2.019,0.0,0.0,0.822,12.395
2026-05-09 14:00:00,Hostel A,40.634,10.711,2.023,0.0,0.0,0.863,13.598
2026-05-09 15:00:00,Hostel A,41.095,13.233,2.309,0.0,0.0,0.862,16.404
2026-05-09 16:00:00,Hostel A,41.95,11.41,2.295,0.0,0.0,0.869,14.573
2026-05-09 17:00:00,Hostel A,42.166,12.675,2.415,0.0,0.0,0.895,15.984
2026-05-09 18:00:00,Hostel A,41.481,24.02,5.574,3.468,0.0,0.854,33.916
2026-05-09 19:00:00,Hostel A,38.335,25.374,6.008,3.468,0.0,0.817,35.666
2026-05-09 20:00:00,Hostel A,38.49,31.991,5.237,3.468,0.0,0.853,41.549
2026-05-09 21:00:00,Hostel A,35.216,20.352,5.338,3.468,0.0,0.881,30.039
2026-05-09 22:00:00,Hostel A,36.273,24.898,6.042,3.468,0.0,0.842,35.25
2026-05-09 23:00:00,Hostel A,31.866,15.78,4.986,3.468,0.0,0.812,25.046
2026-05-10 00:00:00,Hostel A,33.086,16.611,5.821,3.468,0.0,0.837,26.738
2026-05-10 01:00:00,Hostel A,30.147,8.895,4.869,3.468,0.0,0.871,18.104
2026-05-10 02:00:00,Hostel A,32.218,14.481,5.446,3.468,0.0,0.818,24.212
2026-05-10 03:00:00,Hostel A,30.591,8.912,5.041,3.468,0.0,0.844,18.265
2026-05-10 04:00:00,Hostel A,29.188,6.338,5.582,3.468,0.0,0.822,16.21
2026-05-10 05:00:00,Hostel A,30.282,8.145,5.824,3.468,0.0,0.853,18.29
2026-05-10 06:00:00,Hostel A,32.539,17.1,4.895,3.468,0.0,0.823,26.286
2026-05-10 07:00:00,Hostel A,34.053,19.666,5.054,0.0,0.0,0.82,25.54
2026-05-10 08:00:00,Hostel A,34.376,17.917,5.271,0.0,0.0,0.873,24.061
2026-05-10 09:00:00,Hostel A,36.045,8.588,2.127,0.0,0.0,0.824,11.539
2026-05-10 10:00:00,Hostel A,38.311,12.115,2.191,0.0,0.0,0.824,15.129
2026-05-10 11:00:00,Hostel A,39.132,13.064,2.475,0.0,0.0,0.863,16.403
2026-05-10 12:00:00,Hostel A,38.949,10.573,2.05,0.0,0.0,0.814,13.436
2026-05-10 13:00:00,Hostel A,40.383,10.663,2.211,0.0,0.0,0.813,13.686
2026-05-10 14:00:00,Hostel A,42.031,12.802,2.228,0.0,0.0,0.849,15.879
2026-05-10 15:00:00,Hostel A,43.215,12.959,2.139,0.0,0.0,0.843,15.941
2026-05-10 16:00:00,Hostel A,43.412,13.042,2.138,0.0,0.0,0.859,16.04
2026-05-10 17:00:00,Hostel A,41.976,10.549,2.356,0.0,0.0,0.899,13.804
2026-05-10 18:00:00,Hostel A,40.53,23.932,5.605,3.468,0.0,0.849,33.855
2026-05-10 19:00:00,Hostel A,39.749,27.05,5.842,3.468,0.0,0.862,37.222
2026-05-10 20:00:00,Hostel A,36.886,23.263,5.347,3.468,0.0,0.893,32.971
2026-05-10 21:00:00,Hostel A,35.847,25.749,5.592,3.468,0.0,0.853,35.662
2026-05-10 22:00:00,Hostel A,33.623,14.684,5.94,3.468,0.0,0.88,24.973
2026-05-10 23:00:00,Hostel A,31.751,13.871,5.889,3.468,0.0,0.859,24.087
2026-05-11 00:00:00,Hostel A,32.091,18.868,7.026,4.08,0.0,0.867,30.841
2026-05-11 01:00:00,Hostel A,30.989,15.792,6.096,4.08,0.0,0.894,26.862
2026-05-11 02:00:00,Hostel A,30.892,13.957,7.119,4.08,0.0,0.81,25.966
2026-05-11 03:00:00,Hostel A,30.546,14.273,6.878,4.08,0.0,0.891,26.122
2026-05-11 04:00:00,Hostel A,30.447,10.244,6.847,4.08,0.0,0.855,22.026
2026-05-11 05:00:00,Hostel A,31.36,13.802,6.665,4.08,0.0,0.865,25.412
2026-05-11 06:00:00,Hostel A,31.715,12.798,7.116,4.08,0.0,0.851,24.845
2026-05-11 07:00:00,Hostel A,33.413,23.495,6.343,0.0,0.0,0.833,30.671
2026-05-11 08:00:00,Hostel A,33.721,23.892,6.771,0.0,0.0,0.816,31.479
2026-05-11 09:00:00,Hostel A,36.37,9.642,2.763,0.0,0.0,0.895,13.3
2026-05-11 10:00:00,Hostel A,38.221,11.111,2.782,0.0,0.0,0.866,14.759
2026-05-11 11:00:00,Hostel A,38.33,12.759,2.794,0.0,0.0,0.889,16.441
2026-05-11 12:00:00,Hostel A,40.294,12.247,2.464,0.0,0.0,0.836,15.547
2026-05-11 13:00:00,Hostel A,40.573,15.027,2.557,0.0,0.0,0.835,18.419
2026-05-11 14:00:00,Hostel A,41.269,11.783,2.583,0.0,0.0,0.84,15.206
2026-05-11 15:00:00,Hostel A,40.875,14.761,2.792,0.0,0.0,0.831,18.383
2026-05-11 16:00:00,Hostel A,43.061,13.645,2.773,0.0,0.0,0.855,17.273
2026-05-11 17:00:00,Hostel A,42.262,12.808,2.842,0.0,0.0,0.894,16.544
2026-05-11 18:00:00,Hostel A,40.78,28.447,6.838,4.08,0.0,0.889,40.254
2026-05-11 19:00:00,Hostel A,40.972,38.224,6.563,4.08,0.0,0.855,49.721
2026-05-11 20:00:00,Hostel A,37.364,32.071,5.912,4.08,0.0,0.841,42.904
2026-05-11 21:00:00,Hostel A,39.032,31.817,6.619,4.08,0.0,0.865,43.381
2026-05-11 22:00:00,Hostel A,34.22,21.257,6.979,4.08,0.0,0.865,33.181
2026-05-11 23:00:00,Hostel A,33.255,22.472,6.63,4.08,0.0,0.872,34.054
2026-05-12 00:00:00,Hostel A,31.36,16.167,6.991,4.08,0.0,0.858,28.096
2026-05-12 01:00:00,Hostel A,31.176,15.564,7.139,4.08,0.0,0.812,27.596
2026-05-12 02:00:00,Hostel A,31.04,14.215,6.225,4.08,0.0,0.817,25.337
2026-05-12 03:00:00,Hostel A,29.886,11.971,6.745,4.08,0.0,0.898,23.693
2026-05-12 04:00:00,Hostel A,31.981,15.057,6.483,4.08,0.0,0.877,26.497
2026-05-12 05:00:00,Hostel A,31.043,14.646,6.362,4.08,0.0,0.895,25.983
2026-05-12 06:00:00,Hostel A,32.028,15.781,6.055,4.08,0.0,0.841,26.756
2026-05-12 07:00:00,Hostel A,32.091,17.085,6.063,0.0,0.0,0.858,24.007
2026-05-12 08:00:00,Hostel A,34.866,28.243,5.976,0.0,0.0,0.839,35.059
2026-05-12 09:00:00,Hostel A,35.866,12.889,2.723,0.0,0.0,0.892,16.504
2026-05-12 10:00:00,Hostel A,36.945,12.265,2.436,0.0,0.0,0.836,15.536
2026-05-12 11:00:00,Hostel A,38.224,13.737,2.606,0.0,0.0,0.872,17.215
2026-05-12 12:00:00,Hostel A,42.914,15.265,2.66,0.0,0.0,0.826,18.75
2026-05-12 13:00:00,Hostel A,40.933,15.682,2.61,0.0,0.0,0.819,19.111
2026-05-12 14:00:00,Hostel A,40.339,14.704,2.855,0.0,0.0,0.824,18.383
2026-05-12 15:00:00,Hostel A,41.302,11.333,2.613,0.0,0.0,0.858,14.803
2026-05-12 16:00:00,Hostel A,41.744,12.549,2.401,0.0,0.0,0.886,15.836
2026-05-12 17:00:00,Hostel A,41.743,15.261,2.935,0.0,0.0,0.9,19.097
2026-05-12 18:00:00,Hostel A,40.797,35.592,6.919,4.08,0.0,0.866,47.457
2026-05-12 19:00:00,Hostel A,39.677,35.292,6.655,4.08,0.0,0.858,46.885
2026-05-12 20:00:00,Hostel A,36.908,31.306,6.792,4.08,0.0,0.881,43.058
2026-05-12 21:00:00,Hostel A,36.34,27.178,5.895,4.08,0.0,0.816,37.969
2026-05-12 22:00:00,Hostel A,33.571,19.812,6.806,4.08,0.0,0.883,31.581
2026-05-12 23:00:00,Hostel A,32.38,19.172,6.009,4.08,0.0,0.878,30.139
2026-05-13 00:00:00,Hostel A,30.84,12.158,6.41,4.08,0.0,0.858,23.506
2026-05-13 01:00:00,Hostel A,29.615,10.435,5.966,4.08,0.0,0.812,21.293
2026-05-13 02:00:00,Hostel A,31.269,15.414,6.788,4.08,0.0,0.828,27.111
2026-05-13 03:00:00,Hostel A,30.689,14.248,6.063,4.08,0.0,0.843,25.234
2026-05-13 04:00:00,Hostel A,31.181,13.145,6.074,4.08,0.0,0.895,24.193
2026-05-13 05:00:00,Hostel A,30.843,14.242,5.868,4.08,0.0,0.867,25.058
2026-05-13 06:00:00,Hostel A,32.534,15.245,6.741,4.08,0.0,0.856,26.922
2026-05-13 07:00:00,Hostel A,31.239,12.38,6.134,0.0,0.0,0.854,19.369
2026-05-13 08:00:00,Hostel A,35.31,24.489,6.452,0.0,0.0,0.88,31.821
2026-05-13 09:00:00,Hostel A,36.177,9.572,2.547,0.0,0.0,0.839,12.958
2026-05-13 10:00:00,Hostel A,38.18,15.503,2.808,0.0,0.0,0.819,19.129
2026-05-13 11:00:00,Hostel A,39.38,15.286,2.485,0.0,0.0,0.871,18.643
2026-05-13 12:00:00,Hostel A,39.256,11.256,2.905,0.0,0.0,0.84,15.001
2026-05-13 13:00:00,Hostel A,39.698,14.986,2.541,0.0,0.0,0.839,18.366
2026-05-13 14:00:00,Hostel A,41.084,13.429,2.413,0.0,0.0,0.851,16.693
2026-05-13 15:00:00,Hostel A,42.565,14.342,2.493,0.0,0.0,0.832,17.667
2026-05-13 16:00:00,Hostel A,42.486,15.216,2.395,0.0,0.0,0.893,18.504
2026-05-13 17:00:00,Hostel A,39.828,13.751,2.628,0.0,0.0,0.886,17.265
2026-05-13 18:00:00,Hostel A,39.262,28.11,6.069,4.08,0.0,0.899,39.158
2026-05-13 19:00:00,Hostel A,38.277,26.805,6.977,4.08,0.0,0.897,38.759
2026-05-13 20:00:00,Hostel A,37.196,30.3,6.45,4.08,0.0,0.838,41.669
2026-05-13 21:00:00,Hostel A,34.638,27.114,6.045,4.08,0.0,0.844,38.084
2026-05-13 22:00:00,Hostel A,33.025,19.521,6.356,4.08,0.0,0.873,30.831
2026-05-13 23:00:00,Hostel A,32.178,15.988,5.992,4.08,0.0,0.811,26.872
2026-05-14 00:00:00,Hostel A,31.844,13.211,5.967,4.08,0.0,0.899,24.158
2026-05-14 01:00:00,Hostel A,29.623,11.255,6.141,4.08,0.0,0.811,22.287
2026-05-14 02:00:00,Hostel A,30.089,10.402,5.867,4.08,0.0,0.858,21.206
2026-05-14 03:00:00,Hostel A,31.059,14.696,5.981,4.08,0.0,0.87,25.628
2026-05-14 04:00:00,Hostel A,28.903,8.404,7.052,4.08,0.0,0.892,20.427
2026-05-14 05:00:00,Hostel A,30.597,11.374,6.664,4.08,0.0,0.868,22.986
2026-05-14 06:00:00,Hostel A,32.782,15.546,7.027,4.08,0.0,0.864,27.517
2026-05-14 07:00:00,Hostel A,32.582,17.109,6.079,0.0,0.0,0.837,24.024
2026-05-14 08:00:00,Hostel A,33.873,19.955,6.936,0.0,0.0,0.863,27.754
2026-05-14 09:00:00,Hostel A,37.163,13.335,2.565,0.0,0.0,0.877,16.777
2026-05-14 10:00:00,Hostel A,37.247,13.963,2.437,0.0,0.0,0.856,17.256
2026-05-14 11:00:00,Hostel A,40.104,12.076,2.825,0.0,0.0,0.88,15.781
2026-05-14 12:00:00,Hostel A,40.672,13.521,2.387,0.0,0.0,0.816,16.724
2026-05-14 13:00:00,Hostel A,40.853,11.217,2.59,0.0,0.0,0.84,14.647
2026-05-14 14:00:00,Hostel A,42.275,12.037,2.834,0.0,0.0,0.896,15.767
2026-05-14 15:00:00,Hostel A,42.32,14.624,2.715,0.0,0.0,0.839,18.178
2026-05-14 16:00:00,Hostel A,42.816,14.774,2.657,0.0,0.0,0.866,18.296
2026-05-14 17:00:00,Hostel A,40.648,14.694,2.56,0.0,0.0,0.857,18.11
2026-05-14 18:00:00,Hostel A,40.284,28.409,5.819,4.08,0.0,0.894,39.202
2026-05-14 19:00:00,Hostel A,38.938,33.098,7.127,4.08,0.0,0.825,45.13
2026-05-14 20:00:00,Hostel A,38.257,31.626,5.962,4.08,0.0,0.837,42.504
2026-05-14 21:00:00,Hostel A,34.975,28.534,6.077,4.08,0.0,0.888,39.578
2026-05-14 22:00:00,Hostel A,35.464,27.036,6.049,4.08,0.0,0.87,38.035
2026-05-14 23:00:00,Hostel A,33.466,23.336,7.009,4.08,0.0,0.859,35.284
2026-05-15 00:00:00,Hostel A,30.44,10.525,6.803,4.08,0.0,0.846,22.253
2026-05-15 01:00:00,Hostel A,32.012,16.007,6.365,4.08,0.0,0.847,27.299
2026-05-15 02:00:00,Hostel A,32.439,19.117,7.076,4.08,0.0,0.894,31.167
2026-05-15 03:00:00,Hostel A,31.002,12.92,5.787,4.08,0.0,0.87,23.658
2026-05-15 04:00:00,Hostel A,31.631,15.971,6.988,4.08,0.0,0.894,27.933
2026-05-15 05:00:00,Hostel A,30.889,13.301,5.798,4.08,0.0,0.897,24.077
2026-05-15 06:00:00,Hostel A,30.096,13.024,6.271,4.08,0.0,0.859,24.234
2026-05-15 07:00:00,Hostel A,31.156,12.361,5.789,0.0,0.0,0.865,19.015
2026-05-15 08:00:00,Hostel A,34.702,27.2,7.139,0.0,0.0,0.869,35.208
2026-05-15 09:00:00,Hostel A,35.408,10.131,2.89,0.0,0.0,0.886,13.906
2026-05-15 10:00:00,Hostel A,36.638,11.734,2.696,0.0,0.0,0.869,15.3
2026-05-15 11:00:00,Hostel A,38.937,13.523,2.48,0.0,0.0,0.82,16.823
2026-05-15 12:00:00,Hostel A,40.858,12.279,2.515,0.0,0.0,0.895,15.688
2026-05-15 13:00:00,Hostel A,39.743,15.578,2.616,0.0,0.0,0.869,19.064
2026-05-15 14:00:00,Hostel A,41.347,15.332,2.542,0.0,0.0,0.888,18.762
2026-05-15 15:00:00,Hostel A,43.51,15.622,2.365,0.0,0.0,0.848,18.835
2026-05-15 16:00:00,Hostel A,40.72,15.735,2.738,0.0,0.0,0.853,19.326
2026-05-15 17:00:00,Hostel A,42.066,14.19,2.713,0.0,0.0,0.872,17.774
2026-05-15 18:00:00,Hostel A,39.758,31.958,7.003,4.08,0.0,0.88,43.921
2026-05-15 19:00:00,Hostel A,39.546,36.537,6.393,4.08,0.0,0.817,47.827
2026-05-15 20:00:00,Hostel A,38.65,27.048,6.204,4.08,0.0,0.847,38.179
2026-05-15 21:00:00,Hostel A,36.741,32.537,6.442,4.08,0.0,0.879,43.939
2026-05-15 22:00:00,Hostel A,35.356,25.325,5.99,4.08,0.0,0.899,36.295
2026-05-15 23:00:00,Hostel A,31.848,16.814,6.605,4.08,0.0,0.811,28.311
2026-05-16 00:00:00,Hostel A,32.871,15.12,5.79,3.468,0.0,0.834,25.212
2026-05-16 01:00:00,Hostel A,29.951,8.677,5.041,3.468,0.0,0.852,18.039
2026-05-16 02:00:00,Hostel A,30.464,8.581,5.242,3.468,0.0,0.83,18.121
2026-05-16 03:00:00,Hostel A,30.258,9.543,5.909,3.468,0.0,0.812,19.732
2026-05-16 04:00:00,Hostel A,30.69,10.451,5.469,3.468,0.0,0.859,20.246
2026-05-16 05:00:00,Hostel A,31.141,10.689,5.501,3.468,0.0,0.868,20.526
2026-05-16 06:00:00,Hostel A,30.914,10.307,5.732,3.468,0.0,0.847,20.354
2026-05-16 07:00:00,Hostel A,31.65,13.398,5.557,0.0,0.0,0.843,19.798
2026-05-16 08:00:00,Hostel A,35.319,20.082,4.94,0.0,0.0,0.899,25.92
2026-05-16 09:00:00,Hostel A,36.186,10.785,2.401,0.0,0.0,0.853,14.039
2026-05-16 10:00:00,Hostel A,38.702,9.819,2.46,0.0,0.0,0.882,13.161
2026-05-16 11:00:00,Hostel A,38.955,11.691,2.026,0.0,0.0,0.836,14.553
2026-05-16 12:00:00,Hostel A,38.837,10.014,2.06,0.0,0.0,0.885,12.959
2026-05-16 13:00:00,Hostel A,42.162,11.493,2.35,0.0,0.0,0.884,14.727
2026-05-16 14:00:00,Hostel A,41.425,11.59,2.301,0.0,0.0,0.834,14.726
2026-05-16 15:00:00,Hostel A,42.342,11.951,2.19,0.0,0.0,0.869,15.01
2026-05-16 16:00:00,Hostel A,41.148,11.088,2.269,0.0,0.0,0.871,14.228
2026-05-16 17:00:00,Hostel A,42.84,11.417,2.351,0.0,0.0,0.85,14.618
2026-05-16 18:00:00,Hostel A,39.366,24.524,5.468,3.468,0.0,0.88,34.339
2026-05-16 19:00:00,Hostel A,38.663,27.275,5.025,3.468,0.0,0.838,36.606
2026-05-16 20:00:00,Hostel A,37.66,25.65,4.964,3.468,0.0,0.854,34.935
2026-05-16 21:00:00,Hostel A,34.908,21.717,5.388,3.468,0.0,0.899,31.472
2026-05-16 22:00:00,Hostel A,34.778,19.75,5.975,3.468,0.0,0.826,30.019
2026-05-16 23:00:00,Hostel A,34.612,21.788,5.532,3.468,0.0,0.823,31.612
2026-05-17 00:00:00,Hostel A,31.267,11.813,5.29,3.468,0.0,0.823,21.393
2026-05-17 01:00:00,Hostel A,31.199,10.857,5.958,3.468,0.0,0.9,21.183
2026-05-17 02:00:00,Hostel A,27.455,3.083,5.327,3.468,0.0,0.824,12.703
2026-05-17 03:00:00,Hostel A,29.961,7.658,5.473,3.468,0.0,0.827,17.427
2026-05-17 04:00:00,Hostel A,29.891,9.088,4.997,3.468,0.0,0.873,18.425
2026-05-17 05:00:00,Hostel A,29.985,10.25,5.75,3.468,11.516,0.878,31.863
2026-05-17 06:00:00,Hostel A,32.839,17.245,5.705,3.468,0.0,0.857,27.276
2026-05-17 07:00:00,Hostel A,32.674,15.032,5.819,0.0,0.0,0.898,21.75
2026-05-17 08:00:00,Hostel A,34.27,17.002,5.25,0.0,0.0,0.814,23.065
2026-05-17 09:00:00,Hostel A,35.623,10.296,2.217,0.0,0.0,0.866,13.379
2026-05-17 10:00:00,Hostel A,35.636,7.708,2.083,0.0,0.0,0.865,10.656
2026-05-17 11:00:00,Hostel A,37.868,10.854,2.481,0.0,0.0,0.839,14.174
2026-05-17 12:00:00,Hostel A,41.204,12.812,2.042,0.0,0.0,0.891,15.745
2026-05-17 13:00:00,Hostel A,39.086,10.95,2.324,0.0,0.0,0.86,14.134
2026-05-17 14:00:00,Hostel A,41.029,9.845,2.352,0.0,0.0,0.832,13.029
2026-05-17 15:00:00,Hostel A,41.6,10.439,2.078,0.0,0.0,0.818,13.335
2026-05-17 16:00:00,Hostel A,43.539,11.781,2.182,0.0,0.0,0.82,14.783
2026-05-17 17:00:00,Hostel A,41.965,9.982,2.021,0.0,0.0,0.891,12.893
2026-05-17 18:00:00,Hostel A,39.685,29.147,5.531,3.468,0.0,0.833,38.978
2026-05-17 19:00:00,Hostel A,40.305,27.032,6.063,3.468,0.0,0.892,37.455
2026-05-17 20:00:00,Hostel A,36.812,23.445,5.377,3.468,0.0,0.821,33.111
2026-05-17 21:00:00,Hostel A,37.009,23.035,6.057,3.468,0.0,0.899,33.459
2026-05-17 22:00:00,Hostel A,33.088,18.187,5.008,3.468,0.0,0.885,27.548
2026-05-17 23:00:00,Hostel A,34.073,17.914,5.332,3.468,0.0,0.82,27.534
2026-05-18 00:00:00,Hostel A,31.351,15.719,7.0,4.08,0.0,0.818,27.617
2026-05-18 01:00:00,Hostel A,29.775,10.013,6.964,4.08,0.0,0.882,21.94
2026-05-18 02:00:00,Hostel A,29.987,9.247,6.174,4.08,0.0,0.817,20.318
2026-05-18 03:00:00,Hostel A,30.277,11.346,6.681,4.08,0.0,0.834,22.94
2026-05-18 04:00:00,Hostel A,29.71,10.078,6.977,4.08,0.0,0.882,22.018
2026-05-18 05:00:00,Hostel A,31.358,14.3,6.807,4.08,0.0,0.892,26.079
2026-05-18 06:00:00,Hostel A,31.174,15.584,6.609,4.08,0.0,0.879,27.153
2026-05-18 07:00:00,Hostel A,33.62,23.64,5.93,0.0,0.0,0.89,30.46
2026-05-18 08:00:00,Hostel A,34.889,26.522,5.816,0.0,0.0,0.86,33.199
2026-05-18 09:00:00,Hostel A,35.939,11.412,2.713,0.0,0.0,0.88,15.006
2026-05-18 10:00:00,Hostel A,37.112,12.578,2.646,0.0,0.0,0.841,16.065
2026-05-18 11:00:00,Hostel A,39.152,14.071,2.492,0.0,0.0,0.881,17.443
2026-05-18 12:00:00,Hostel A,40.793,12.385,2.524,0.0,0.0,0.871,15.78
2026-05-18 13:00:00,Hostel A,43.258,14.861,2.583,0.0,0.0,0.862,18.305
2026-05-18 14:00:00,Hostel A,42.735,15.074,2.643,0.0,0.0,0.899,18.616
2026-05-18 15:00:00,Hostel A,42.976,12.288,2.581,0.0,0.0,0.852,15.721
2026-05-18 16:00:00,Hostel A,44.884,15.291,2.58,0.0,0.0,0.866,18.736
2026-05-18 17:00:00,Hostel A,41.712,15.035,2.42,0.0,0.0,0.856,18.311
2026-05-18 18:00:00,Hostel A,40.727,31.646,6.948,4.08,0.0,0.833,43.507
2026-05-18 19:00:00,Hostel A,39.704,37.206,6.582,4.08,0.0,0.84,48.707
2026-05-18 20:00:00,Hostel A,36.544,24.741,5.921,4.08,0.0,0.898,35.639
2026-05-18 21:00:00,Hostel A,35.556,21.578,6.317,4.08,0.0,0.845,32.82
2026-05-18 22:00:00,Hostel A,33.941,20.36,6.307,4.08,0.0,0.871,31.618
2026-05-18 23:00:00,Hostel A,33.648,21.199,6.57,4.08,0.0,0.861,32.71
2026-05-19 00:00:00,Hostel A,31.583,14.334,6.581,4.08,0.0,0.89,25.885
2026-05-19 01:00:00,Hostel A,30.942,15.479,6.633,4.08,0.0,0.878,27.071
2026-05-19 02:00:00,Hostel A,31.292,13.096,6.709,4.08,0.0,0.817,24.702
2026-05-19 03:00:00,Hostel A,30.863,12.159,5.86,4.08,0.0,0.842,22.94
2026-05-19 04:00:00,Hostel A,30.043,11.474,6.147,4.08,0.0,0.874,22.576
2026-05-19 05:00:00,Hostel A,30.134,9.239,5.737,4.08,0.0,0.825,19.88
2026-05-19 06:00:00,Hostel A,32.893,20.175,6.361,4.08,0.0,0.855,31.471
2026-05-19 07:00:00,Hostel A,33.774,20.152,6.325,0.0,0.0,0.839,27.315
2026-05-19 08:00:00,Hostel A,32.841,21.66,6.761,0.0,0.0,0.816,29.236
2026-05-19 09:00:00,Hostel A,35.687,11.537,2.45,0.0,0.0,0.9,14.887
2026-05-19 10:00:00,Hostel A,37.718,11.007,2.723,0.0,0.0,0.894,14.624
2026-05-19 11:00:00,Hostel A,39.779,11.463,2.532,0.0,0.0,0.877,14.872
2026-05-19 12:00:00,Hostel A,41.153,11.442,2.577,0.0,0.0,0.828,14.846
2026-05-19 13:00:00,Hostel A,41.48,15.526,2.775,0.0,0.0,0.899,19.2
2026-05-19 14:00:00,Hostel A,42.381,14.257,2.394,0.0,0.0,0.867,17.518
2026-05-19 15:00:00,Hostel A,42.064,13.045,2.554,0.0,0.0,0.897,16.496
2026-05-19 16:00:00,Hostel A,41.122,11.972,2.582,0.0,0.0,0.814,15.368
2026-05-19 17:00:00,Hostel A,40.935,15.153,2.773,0.0,0.0,0.826,18.751
2026-05-19 18:00:00,Hostel A,40.262,29.088,5.996,4.08,0.0,0.871,40.035
2026-05-19 19:00:00,Hostel A,38.965,34.884,7.065,4.08,0.0,0.892,46.921
2026-05-19 20:00:00,Hostel A,35.667,28.627,7.137,4.08,0.0,0.826,40.669
2026-05-19 21:00:00,Hostel A,35.603,24.131,6.881,4.08,0.0,0.839,35.931
2026-05-19 22:00:00,Hostel A,34.503,23.079,6.14,4.08,0.0,0.863,34.161
2026-05-19 23:00:00,Hostel A,32.719,16.424,6.66,4.08,0.0,0.9,28.064
2026-05-20 00:00:00,Hostel A,31.511,14.292,5.831,4.08,0.0,0.882,25.085
2026-05-20 01:00:00,Hostel A,31.292,16.691,6.956,4.08,0.0,0.893,28.621
2026-05-20 02:00:00,Hostel A,29.125,9.045,6.449,4.08,0.0,0.871,20.445
2026-05-20 03:00:00,Hostel A,28.372,7.213,5.964,4.08,0.0,0.889,18.146
2026-05-20 04:00:00,Hostel A,29.856,10.598,6.18,4.08,0.0,0.856,21.713
2026-05-20 05:00:00,Hostel A,31.568,13.696,6.855,4.08,0.0,0.821,25.453
2026-05-20 06:00:00,Hostel A,33.445,21.687,6.955,4.08,0.0,0.874,33.595
2026-05-20 07:00:00,Hostel A,33.782,21.089,6.454,0.0,0.0,0.864,28.407
2026-05-20 08:00:00,Hostel A,32.979,16.752,6.398,0.0,0.0,0.854,24.003
2026-05-20 09:00:00,Hostel A,35.768,10.56,2.793,0.0,0.0,0.835,14.188
2026-05-20 10:00:00,Hostel A,37.81,13.802,2.838,0.0,0.0,0.881,17.52
2026-05-20 11:00:00,Hostel A,39.178,14.499,2.802,0.0,0.0,0.884,18.185
2026-05-20 12:00:00,Hostel A,40.782,12.174,2.578,0.0,0.0,0.843,15.595
2026-05-20 13:00:00,Hostel A,40.279,15.164,2.729,0.0,0.0,0.893,18.787
2026-05-20 14:00:00,Hostel A,41.86,12.818,2.856,0.0,0.0,0.843,16.518
2026-05-20 15:00:00,Hostel A,42.42,12.306,2.441,0.0,0.0,0.82,15.567
2026-05-20 16:00:00,Hostel A,42.621,11.947,2.58,0.0,0.0,0.825,15.352
2026-05-20 17:00:00,Hostel A,40.39,14.825,2.385,0.0,0.0,0.855,18.065
2026-05-20 18:00:00,Hostel A,39.897,30.839,6.296,4.08,0.0,0.817,42.032
2026-05-20 19:00:00,Hostel A,36.296,27.733,6.815,4.08,0.0,0.875,39.502
2026-05-20 20:00:00,Hostel A,36.931,26.72,5.993,4.08,0.0,0.882,37.675
2026-05-20 21:00:00,Hostel A,35.476,27.359,6.486,4.08,0.0,0.859,38.784
2026-05-20 22:00:00,Hostel A,33.428,22.12,5.764,4.08,0.0,0.89,32.855
2026-05-20 23:00:00,Hostel A,33.166,18.314,6.994,4.08,0.0,0.896,30.284
2026-05-21 00:00:00,Hostel A,31.701,17.874,6.883,4.08,0.0,0.85,29.687
2026-05-21 01:00:00,Hostel A,28.545,5.752,6.461,4.08,0.0,0.818,17.111
2026-05-21 02:00:00,Hostel A,30.42,10.424,6.72,4.08,0.0,0.831,22.055
2026-05-21 03:00:00,Hostel A,29.072,8.583,5.86,4.08,0.0,0.869,19.393
2026-05-21 04:00:00,Hostel A,30.69,13.611,6.919,4.08,0.0,0.847,25.456
2026-05-21 05:00:00,Hostel A,29.522,8.703,6.733,4.08,10.701,0.872,31.089
2026-05-21 06:00:00,Hostel A,31.787,15.979,5.883,4.08,0.0,0.87,26.813
2026-05-21 07:00:00,Hostel A,32.717,17.032,7.112,0.0,0.0,0.864,25.009
2026-05-21 08:00:00,Hostel A,34.75,24.16,5.744,0.0,0.0,0.824,30.729
2026-05-21 09:00:00,Hostel A,36.125,11.931,2.722,0.0,0.0,0.836,15.488
2026-05-21 10:00:00,Hostel A,37.298,14.707,2.453,0.0,0.0,0.844,18.004
2026-05-21 11:00:00,Hostel A,37.464,12.589,2.775,0.0,0.0,0.884,16.248
2026-05-21 12:00:00,Hostel A,38.765,14.088,2.393,0.0,0.0,0.871,17.353
2026-05-21 13:00:00,Hostel A,40.612,13.756,2.4,0.0,0.0,0.868,17.024
2026-05-21 14:00:00,Hostel A,41.787,12.525,2.626,0.0,0.0,0.87,16.022
2026-05-21 15:00:00,Hostel A,41.392,12.221,2.936,0.0,0.0,0.855,16.012
2026-05-21 16:00:00,Hostel A,42.421,15.693,2.515,0.0,0.0,0.814,19.021
2026-05-21 17:00:00,Hostel A,40.917,12.002,2.712,0.0,0.0,0.828,15.543
2026-05-21 18:00:00,Hostel A,39.278,35.843,6.453,4.08,0.0,0.823,47.199
2026-05-21 19:00:00,Hostel A,38.722,28.457,6.915,4.08,0.0,0.816,40.267
2026-05-21 20:00:00,Hostel A,37.779,35.341,6.124,4.08,0.0,0.839,46.384
2026-05-21 21:00:00,Hostel A,36.325,24.871,6.504,4.08,0.0,0.881,36.336
2026-05-21 22:00:00,Hostel A,36.325,32.588,7.069,4.08,0.0,0.82,44.558
2026-05-21 23:00:00,Hostel A,32.331,18.279,6.187,4.08,0.0,0.82,29.366
2026-05-22 00:00:00,Hostel A,31.684,13.172,6.339,4.08,0.0,0.821,24.413
2026-05-22 01:00:00,Hostel A,31.23,28.231,6.981,6.238,0.0,0.834,42.285
2026-05-22 02:00:00,Hostel A,30.181,24.837,6.187,6.238,0.0,0.828,38.091
2026-05-22 03:00:00,Hostel A,29.499,22.032,6.256,6.238,0.0,0.811,35.338
2026-05-22 04:00:00,Hostel A,28.655,19.681,6.146,6.238,0.0,0.835,32.901
2026-05-22 05:00:00,Hostel A,30.293,25.624,6.868,6.238,0.0,0.9,39.63
2026-05-22 06:00:00,Hostel A,30.684,13.771,7.041,4.08,0.0,0.84,25.732
2026-05-22 07:00:00,Hostel A,31.273,13.416,6.613,0.0,0.0,0.829,20.858
2026-05-22 08:00:00,Hostel A,33.651,23.483,6.603,0.0,0.0,0.855,30.94
2026-05-22 09:00:00,Hostel A,34.953,9.173,2.581,0.0,0.0,0.831,12.585
2026-05-22 10:00:00,Hostel A,38.137,11.355,2.359,0.0,0.0,0.86,14.575
2026-05-22 11:00:00,Hostel A,39.601,13.859,2.454,0.0,0.0,0.846,17.16
2026-05-22 12:00:00,Hostel A,39.339,11.531,2.439,0.0,0.0,0.891,14.86
2026-05-22 13:00:00,Hostel A,40.936,12.332,2.42,0.0,0.0,0.894,15.646
2026-05-22 14:00:00,Hostel A,39.937,13.421,2.737,0.0,0.0,0.874,17.032
2026-05-22 15:00:00,Hostel A,41.506,12.378,2.432,0.0,0.0,0.829,15.64
2026-05-22 16:00:00,Hostel A,42.195,12.041,2.402,0.0,0.0,0.853,15.296
2026-05-22 17:00:00,Hostel A,42.021,14.348,2.577,0.0,0.0,0.837,17.762
2026-05-22 18:00:00,Hostel A,39.53,33.052,6.068,4.08,0.0,0.882,44.081
2026-05-22 19:00:00,Hostel A,40.052,36.411,5.92,4.08,0.0,0.813,47.224
2026-05-22 20:00:00,Hostel A,36.037,27.974,5.921,4.08,0.0,0.87,38.845
2026-05-22 21:00:00,Hostel A,34.752,23.575,6.078,4.08,0.0,0.839,34.572
2026-05-22 22:00:00,Hostel A,35.157,22.719,6.479,4.08,0.0,0.853,34.131
2026-05-22 23:00:00,Hostel A,34.671,25.915,6.795,4.08,0.0,0.839,37.629
2026-05-23 00:00:00,Hostel A,32.251,12.855,5.89,3.468,0.0,0.843,23.056
2026-05-23 01:00:00,Hostel A,30.764,9.972,5.767,3.468,0.0,0.871,20.078
2026-05-23 02:00:00,Hostel A,28.009,5.185,5.618,3.468,0.0,0.864,15.134
2026-05-23 03:00:00,Hostel A,27.978,4.942,5.957,3.468,0.0,0.832,15.199
2026-05-23 04:00:00,Hostel A,30.334,10.378,5.486,3.468,0.0,0.814,20.146
2026-05-23 05:00:00,Hostel A,30.446,8.572,5.624,3.468,0.0,0.887,18.551
2026-05-23 06:00:00,Hostel A,30.652,9.303,5.355,3.468,0.0,0.854,18.98
2026-05-23 07:00:00,Hostel A,33.066,16.271,5.253,0.0,0.0,0.866,22.39
2026-05-23 08:00:00,Hostel A,34.562,21.433,5.258,0.0,0.0,0.854,27.545
2026-05-23 09:00:00,Hostel A,36.944,10.247,2.073,0.0,0.0,0.866,13.186
2026-05-23 10:00:00,Hostel A,37.69,9.196,2.397,0.0,0.0,0.866,12.46
2026-05-23 11:00:00,Hostel A,40.228,10.111,2.027,0.0,0.0,0.811,12.95
2026-05-23 12:00:00,Hostel A,40.251,11.736,2.336,0.0,0.0,0.858,14.93
2026-05-23 13:00:00,Hostel A,41.081,12.159,2.431,0.0,0.0,0.855,15.446
2026-05-23 14:00:00,Hostel A,42.86,9.506,2.248,0.0,0.0,0.819,12.572
2026-05-23 15:00:00,Hostel A,41.022,9.545,2.034,0.0,0.0,0.877,12.457
2026-05-23 16:00:00,Hostel A,44.61,10.421,2.213,0.0,0.0,0.831,13.465
2026-05-23 17:00:00,Hostel A,41.571,9.707,2.171,0.0,0.0,0.815,12.692
2026-05-23 18:00:00,Hostel A,40.623,28.045,6.051,3.468,0.0,0.882,38.446
2026-05-23 19:00:00,Hostel A,39.525,23.965,5.694,3.468,0.0,0.888,34.015
2026-05-23 20:00:00,Hostel A,39.43,29.081,5.731,3.468,0.0,0.832,39.112
2026-05-23 21:00:00,Hostel A,36.793,27.287,5.481,3.468,0.0,0.872,37.108
2026-05-23 22:00:00,Hostel A,32.842,18.374,5.716,3.468,0.0,0.81,28.368
2026-05-23 23:00:00,Hostel A,34.403,22.416,5.732,3.468,0.0,0.875,32.491
2026-05-24 00:00:00,Hostel A,31.416,11.476,4.936,3.468,0.0,0.852,20.732
2026-05-24 01:00:00,Hostel A,30.911,9.431,5.125,3.468,0.0,0.881,18.906
2026-05-24 02:00:00,Hostel A,28.925,6.331,4.871,3.468,0.0,0.845,15.515
2026-05-24 03:00:00,Hostel A,30.526,11.191,5.474,3.468,0.0,0.842,20.974
2026-05-24 04:00:00,Hostel A,29.553,6.911,5.918,3.468,0.0,0.886,17.183
2026-05-24 05:00:00,Hostel A,30.904,10.735,5.595,3.468,0.0,0.813,20.611
2026-05-24 06:00:00,Hostel A,31.473,11.706,5.462,3.468,0.0,0.827,21.463
2026-05-24 07:00:00,Hostel A,34.925,18.518,5.979,0.0,0.0,0.847,25.344
2026-05-24 08:00:00,Hostel A,36.429,25.766,5.064,0.0,0.0,0.864,31.694
2026-05-24 09:00:00,Hostel A,36.047,10.062,2.036,0.0,0.0,0.81,12.909
2026-05-24 10:00:00,Hostel A,37.617,11.154,2.458,0.0,0.0,0.862,14.474
2026-05-24 11:00:00,Hostel A,38.627,13.029,2.45,0.0,0.0,0.844,16.324
2026-05-24 12:00:00,Hostel A,41.349,9.785,2.341,0.0,0.0,0.867,12.993
2026-05-24 13:00:00,Hostel A,40.867,9.972,2.122,0.0,0.0,0.892,12.986
2026-05-24 14:00:00,Hostel A,41.374,10.911,2.484,0.0,0.0,0.85,14.245
2026-05-24 15:00:00,Hostel A,42.979,12.005,2.382,0.0,0.0,0.86,15.247
2026-05-24 16:00:00,Hostel A,41.257,11.717,2.336,0.0,0.0,0.852,14.905
2026-05-24 17:00:00,Hostel A,41.158,9.669,2.111,0.0,0.0,0.821,12.6
2026-05-24 18:00:00,Hostel A,38.661,32.107,5.478,3.468,0.0,0.881,41.934
2026-05-24 19:00:00,Hostel A,39.704,25.734,5.854,3.468,0.0,0.89,35.946
2026-05-24 20:00:00,Hostel A,39.494,26.26,5.899,3.468,0.0,0.883,36.51
2026-05-24 21:00:00,Hostel A,36.721,25.768,5.537,3.468,0.0,0.895,35.668
2026-05-24 22:00:00,Hostel A,35.909,26.405,5.49,3.468,0.0,0.852,36.215
2026-05-24 23:00:00,Hostel A,32.154,14.986,5.702,3.468,0.0,0.869,25.025
2026-05-25 00:00:00,Hostel A,31.994,18.846,6.466,4.08,0.0,0.825,30.217
2026-05-25 01:00:00,Hostel A,29.861,9.307,6.308,4.08,0.0,0.898,20.593
2026-05-25 02:00:00,Hostel A,29.977,11.226,5.834,4.08,0.0,0.862,22.002
2026-05-25 03:00:00,Hostel A,30.772,14.431,5.892,4.08,0.0,0.834,25.236
2026-05-25 04:00:00,Hostel A,30.306,11.704,6.798,4.08,0.0,0.882,23.465
2026-05-25 05:00:00,Hostel A,29.391,8.741,5.747,4.08,10.739,0.863,30.17
2026-05-25 06:00:00,Hostel A,30.442,14.095,5.787,4.08,0.0,0.895,24.857
2026-05-25 07:00:00,Hostel A,31.619,13.295,7.004,0.0,0.0,0.879,21.178
2026-05-25 08:00:00,Hostel A,34.939,23.457,6.717,0.0,0.0,0.889,31.063
2026-05-25 09:00:00,Hostel A,38.064,15.152,2.354,0.0,0.0,0.859,18.365
2026-05-25 10:00:00,Hostel A,38.915,15.28,2.535,0.0,0.0,0.857,18.672
2026-05-25 11:00:00,Hostel A,37.104,14.488,2.801,0.0,0.0,0.878,18.167
2026-05-25 12:00:00,Hostel A,41.664,15.206,2.598,0.0,0.0,0.819,18.623
2026-05-25 13:00:00,Hostel A,42.133,11.266,2.628,0.0,0.0,0.815,14.708
2026-05-25 14:00:00,Hostel A,40.25,15.418,2.622,0.0,0.0,0.899,18.938
2026-05-25 15:00:00,Hostel A,41.697,13.048,2.471,0.0,0.0,0.892,16.411
2026-05-25 16:00:00,Hostel A,42.891,14.104,2.776,0.0,0.0,0.896,17.776
2026-05-25 17:00:00,Hostel A,41.747,12.888,2.413,0.0,0.0,0.816,16.116
2026-05-25 18:00:00,Hostel A,38.934,36.112,6.436,4.08,0.0,0.834,47.462
2026-05-25 19:00:00,Hostel A,39.611,33.384,5.955,4.08,0.0,0.891,44.31
2026-05-25 20:00:00,Hostel A,35.415,28.621,5.778,4.08,0.0,0.818,39.297
2026-05-25 21:00:00,Hostel A,35.777,23.627,5.917,4.08,0.0,0.851,34.474
2026-05-25 22:00:00,Hostel A,35.585,23.082,6.953,4.08,0.0,0.841,34.956
2026-05-25 23:00:00,Hostel A,33.018,18.615,5.964,4.08,0.0,0.889,29.548
2026-05-26 00:00:00,Hostel A,31.258,11.757,6.11,4.08,0.0,0.857,22.803
2026-05-26 01:00:00,Hostel A,31.693,16.475,5.909,4.08,0.0,0.836,27.3
2026-05-26 02:00:00,Hostel A,31.179,13.022,6.762,4.08,0.0,0.857,24.722
2026-05-26 03:00:00,Hostel A,31.31,14.678,6.348,4.08,0.0,0.82,25.926
2026-05-26 04:00:00,Hostel A,31.079,11.672,7.06,4.08,0.0,0.876,23.687
2026-05-26 05:00:00,Hostel A,31.885,14.092,6.661,4.08,0.0,0.866,25.698
2026-05-26 06:00:00,Hostel A,32.49,18.347,6.471,4.08,0.0,0.864,29.762
2026-05-26 07:00:00,Hostel A,33.266,18.335,6.65,0.0,0.0,0.849,25.834
2026-05-26 08:00:00,Hostel A,34.537,20.8,5.77,0.0,0.0,0.836,27.406
2026-05-26 09:00:00,Hostel A,35.763,9.849,2.911,0.0,0.0,0.816,13.576
2026-05-26 10:00:00,Hostel A,36.341,10.375,2.914,0.0,0.0,0.895,14.185
2026-05-26 11:00:00,Hostel A,38.045,13.968,2.514,0.0,0.0,0.847,17.33
2026-05-26 12:00:00,Hostel A,39.961,11.817,2.721,0.0,0.0,0.855,15.393
2026-05-26 13:00:00,Hostel A,41.438,12.739,2.471,0.0,0.0,0.844,16.053
2026-05-26 14:00:00,Hostel A,43.236,14.275,2.674,0.0,0.0,0.899,17.848
2026-05-26 15:00:00,Hostel A,41.958,13.452,2.805,0.0,0.0,0.882,17.139
2026-05-26 16:00:00,Hostel A,42.799,13.847,2.905,0.0,0.0,0.819,17.57
2026-05-26 17:00:00,Hostel A,42.275,12.211,2.551,0.0,0.0,0.865,15.627
2026-05-26 18:00:00,Hostel A,40.011,37.478,6.702,4.08,0.0,0.854,49.114
2026-05-26 19:00:00,Hostel A,39.595,31.524,6.735,4.08,0.0,0.881,43.221
2026-05-26 20:00:00,Hostel A,37.309,28.337,6.028,4.08,0.0,0.9,39.345
2026-05-26 21:00:00,Hostel A,37.322,35.053,6.61,4.08,0.0,0.877,46.621
2026-05-26 22:00:00,Hostel A,35.083,25.958,6.648,4.08,0.0,0.888,37.574
2026-05-26 23:00:00,Hostel A,31.81,16.373,6.803,4.08,0.0,0.855,28.112
2026-05-27 00:00:00,Hostel A,31.919,18.225,7.14,4.08,0.0,0.844,30.289
2026-05-27 01:00:00,Hostel A,32.452,14.757,5.769,4.08,0.0,0.868,25.474
2026-05-27 02:00:00,Hostel A,30.023,12.2,6.001,4.08,0.0,0.877,23.158
2026-05-27 03:00:00,Hostel A,30.448,12.807,5.919,4.08,0.0,0.83,23.637
2026-05-27 04:00:00,Hostel A,30.75,12.234,5.933,4.08,0.0,0.855,23.102
2026-05-27 05:00:00,Hostel A,29.767,9.329,6.361,4.08,11.885,0.82,32.475
2026-05-27 06:00:00,Hostel A,32.268,14.614,6.967,4.08,0.0,0.829,26.49
2026-05-27 07:00:00,Hostel A,31.606,17.554,6.353,0.0,0.0,0.889,24.796
2026-05-27 08:00:00,Hostel A,33.821,18.513,6.667,0.0,0.0,0.823,26.003
2026-05-27 09:00:00,Hostel A,37.076,11.307,2.573,0.0,0.0,0.883,14.764
2026-05-27 10:00:00,Hostel A,37.91,14.183,2.54,0.0,0.0,0.844,17.566
2026-05-27 11:00:00,Hostel A,38.696,14.38,2.843,0.0,0.0,0.87,18.093
2026-05-27 12:00:00,Hostel A,40.689,11.785,2.737,0.0,0.0,0.892,15.414
2026-05-27 13:00:00,Hostel A,41.136,14.872,2.558,0.0,0.0,0.88,18.31
2026-05-27 14:00:00,Hostel A,41.808,13.436,2.89,0.0,0.0,0.884,17.21
2026-05-27 15:00:00,Hostel A,42.657,15.034,2.645,0.0,0.0,0.834,18.513
2026-05-27 16:00:00,Hostel A,41.068,11.437,2.463,0.0,0.0,0.843,14.743
2026-05-27 17:00:00,Hostel A,41.236,11.227,2.636,0.0,0.0,0.876,14.739
2026-05-27 18:00:00,Hostel A,39.93,34.084,6.675,4.08,0.0,0.88,45.72
2026-05-27 19:00:00,Hostel A,37.414,27.106,6.236,4.08,0.0,0.881,38.303
2026-05-27 20:00:00,Hostel A,36.632,29.061,6.917,4.08,0.0,0.877,40.935
2026-05-27 21:00:00,Hostel A,37.568,25.968,6.473,4.08,0.0,0.831,37.352
2026-05-27 22:00:00,Hostel A,34.832,26.293,6.38,4.08,0.0,0.836,37.589
2026-05-27 23:00:00,Hostel A,31.676,17.548,6.938,4.08,0.0,0.895,29.461
2026-05-28 00:00:00,Hostel A,30.217,12.792,6.373,4.08,0.0,0.86,24.105
2026-05-28 01:00:00,Hostel A,30.692,14.768,6.304,4.08,0.0,0.878,26.03
2026-05-28 02:00:00,Hostel A,31.766,17.844,5.86,4.08,0.0,0.864,28.648
2026-05-28 03:00:00,Hostel A,29.813,10.127,6.23,4.08,0.0,0.893,21.33
2026-05-28 04:00:00,Hostel A,31.511,14.397,6.279,4.08,0.0,0.888,25.644
2026-05-28 05:00:00,Hostel A,31.156,15.922,5.97,4.08,0.0,0.834,26.806
2026-05-28 06:00:00,Hostel A,32.229,19.419,6.551,4.08,0.0,0.89,30.94
2026-05-28 07:00:00,Hostel A,31.664,17.908,5.917,0.0,0.0,0.837,24.662
2026-05-28 08:00:00,Hostel A,35.385,27.834,6.031,0.0,0.0,0.85,34.715
2026-05-28 09:00:00,Hostel A,35.665,9.648,2.682,0.0,0.0,0.887,13.217
2026-05-28 10:00:00,Hostel A,38.416,15.49,2.51,0.0,0.0,0.839,18.839
2026-05-28 11:00:00,Hostel A,38.186,15.5,2.728,0.0,0.0,0.836,19.065
2026-05-28 12:00:00,Hostel A,40.42,14.172,2.758,0.0,0.0,0.87,17.801
2026-05-28 13:00:00,Hostel A,41.548,15.076,2.529,0.0,0.0,0.9,18.505
2026-05-28 14:00:00,Hostel A,41.642,13.677,2.403,0.0,0.0,0.822,16.902
2026-05-28 15:00:00,Hostel A,42.405,15.486,2.64,0.0,0.0,0.873,18.999
2026-05-28 16:00:00,Hostel A,41.529,11.469,2.407,0.0,0.0,0.857,14.733
2026-05-28 17:00:00,Hostel A,40.547,15.107,2.655,0.0,0.0,0.847,18.609
2026-05-28 18:00:00,Hostel A,41.848,27.412,6.749,4.08,0.0,0.877,39.118
2026-05-28 19:00:00,Hostel A,40.049,30.666,6.598,4.08,0.0,0.86,42.204
2026-05-28 20:00:00,Hostel A,36.792,25.476,6.352,4.08,0.0,0.882,36.79
2026-05-28 21:00:00,Hostel A,36.568,28.423,7.063,4.08,0.0,0.877,40.443
2026-05-28 22:00:00,Hostel A,33.704,18.901,5.857,4.08,0.0,0.899,29.737
2026-05-28 23:00:00,Hostel A,31.815,18.27,6.969,4.08,0.0,0.883,30.201
2026-05-29 00:00:00,Hostel A,32.791,18.785,6.855,4.08,0.0,0.816,30.536
2026-05-29 01:00:00,Hostel A,29.1,9.577,6.311,4.08,0.0,0.88,20.849
2026-05-29 02:00:00,Hostel A,31.131,12.814,5.93,4.08,0.0,0.868,23.692
2026-05-29 03:00:00,Hostel A,29.747,8.454,5.935,4.08,0.0,0.818,19.287
2026-05-29 04:00:00,Hostel A,29.993,11.871,7.028,4.08,0.0,0.864,23.844
2026-05-29 05:00:00,Hostel A,31.214,15.135,6.046,4.08,0.0,0.878,26.138
2026-05-29 06:00:00,Hostel A,32.339,17.449,6.96,4.08,0.0,0.828,29.317
2026-05-29 07:00:00,Hostel A,32.174,18.588,6.431,0.0,0.0,0.849,25.868
2026-05-29 08:00:00,Hostel A,35.165,27.811,6.371,0.0,0.0,0.859,35.042
2026-05-29 09:00:00,Hostel A,36.113,11.633,2.716,0.0,0.0,0.847,15.196
2026-05-29 10:00:00,Hostel A,36.297,13.376,2.478,0.0,0.0,0.889,16.744
2026-05-29 11:00:00,Hostel A,38.83,14.426,2.604,0.0,0.0,0.825,17.855
2026-05-29 12:00:00,Hostel A,41.624,14.223,2.904,0.0,0.0,0.879,18.007
2026-05-29 13:00:00,Hostel A,42.873,12.733,2.492,0.0,0.0,0.88,16.105
2026-05-29 14:00:00,Hostel A,42.513,11.036,2.894,0.0,0.0,0.85,14.78
2026-05-29 15:00:00,Hostel A,40.81,12.163,2.937,0.0,0.0,0.859,15.959
2026-05-29 16:00:00,Hostel A,42.286,14.635,2.383,0.0,0.0,0.824,17.841
2026-05-29 17:00:00,Hostel A,42.047,14.379,2.664,0.0,0.0,0.828,17.871
2026-05-29 18:00:00,Hostel A,40.968,30.573,5.957,4.08,0.0,0.858,41.469
2026-05-29 19:00:00,Hostel A,39.785,33.954,6.6,4.08,0.0,0.83,45.464
2026-05-29 20:00:00,Hostel A,37.916,28.813,7.125,4.08,0.0,0.883,40.901
2026-05-29 21:00:00,Hostel A,35.928,24.654,6.993,4.08,0.0,0.865,36.592
2026-05-29 22:00:00,Hostel A,33.839,24.592,7.033,4.08,0.0,0.815,36.519
2026-05-29 23:00:00,Hostel A,31.102,13.4,6.017,4.08,0.0,0.842,24.339
2026-05-30 00:00:00,Hostel A,32.097,12.777,5.513,3.468,0.0,0.887,22.646
2026-05-30 01:00:00,Hostel A,30.99,24.983,5.14,5.705,0.0,0.835,36.664
2026-05-30 02:00:00,Hostel A,30.762,24.073,5.947,5.705,0.0,0.875,36.601
2026-05-30 03:00:00,Hostel A,28.662,20.172,5.087,5.705,0.0,0.818,31.783
2026-05-30 04:00:00,Hostel A,30.849,26.534,5.042,5.705,0.0,0.894,38.175
2026-05-30 05:00:00,Hostel A,32.858,29.85,4.87,5.705,0.0,0.85,41.276
2026-05-30 06:00:00,Hostel A,31.836,13.872,5.076,3.468,0.0,0.854,23.27
2026-05-30 07:00:00,Hostel A,32.938,15.216,5.086,0.0,0.0,0.861,21.163
2026-05-30 08:00:00,Hostel A,34.756,20.625,4.949,0.0,0.0,0.843,26.417
2026-05-30 09:00:00,Hostel A,38.032,10.654,2.433,0.0,0.0,0.875,13.962
2026-05-30 10:00:00,Hostel A,36.529,8.227,2.389,0.0,0.0,0.811,11.427
2026-05-30 11:00:00,Hostel A,39.203,12.85,2.126,0.0,0.0,0.825,15.801
2026-05-30 12:00:00,Hostel A,39.443,11.096,2.391,0.0,0.0,0.827,14.314
2026-05-30 13:00:00,Hostel A,40.649,11.348,2.21,0.0,0.0,0.867,14.425
2026-05-30 14:00:00,Hostel A,41.746,9.707,2.387,0.0,0.0,0.89,12.984
2026-05-30 15:00:00,Hostel A,43.347,12.733,2.161,0.0,0.0,0.816,15.71
2026-05-30 16:00:00,Hostel A,43.597,10.055,2.281,0.0,0.0,0.887,13.224
2026-05-30 17:00:00,Hostel A,41.644,11.02,2.19,0.0,0.0,0.884,14.094
2026-05-30 18:00:00,Hostel A,39.866,30.954,5.083,3.468,0.0,0.817,40.322
2026-05-30 19:00:00,Hostel A,41.493,27.224,5.566,3.468,0.0,0.823,37.081
2026-05-30 20:00:00,Hostel A,37.125,29.52,5.767,3.468,0.0,0.842,39.596
2026-05-30 21:00:00,Hostel A,35.429,19.487,5.769,3.468,0.0,0.82,29.544
2026-05-30 22:00:00,Hostel A,32.672,16.533,5.288,3.468,0.0,0.878,26.167
2026-05-30 23:00:00,Hostel A,34.396,22.598,5.485,3.468,0.0,0.855,32.406
2026-05-31 00:00:00,Hostel A,32.726,15.76,5.782,3.468,0.0,0.847,25.857
2026-05-31 01:00:00,Hostel A,33.222,17.759,4.921,3.468,0.0,0.875,27.024
2026-05-31 02:00:00,Hostel A,28.815,6.238,4.942,3.468,0.0,0.836,15.485
2026-05-31 03:00:00,Hostel A,31.458,13.685,5.312,3.468,0.0,0.888,23.353
2026-05-31 04:00:00,Hostel A,30.275,11.265,5.126,3.468,0.0,0.869,20.728
2026-05-31 05:00:00,Hostel A,31.61,13.845,5.31,3.468,0.0,0.841,23.465
2026-05-31 06:00:00,Hostel A,30.11,10.92,4.969,3.468,0.0,0.859,20.216
2026-05-31 07:00:00,Hostel A,34.468,20.112,5.574,0.0,0.0,0.833,26.519
2026-05-31 08:00:00,Hostel A,35.234,21.844,5.671,0.0,0.0,0.899,28.413
2026-05-31 09:00:00,Hostel A,35.961,8.795,2.395,0.0,0.0,0.849,12.039
2026-05-31 10:00:00,Hostel A,38.198,12.221,2.324,0.0,0.0,0.891,15.436
2026-05-31 11:00:00,Hostel A,38.235,12.913,2.197,0.0,0.0,0.898,16.009
2026-05-31 12:00:00,Hostel A,39.663,11.967,2.466,0.0,0.0,0.858,15.292
2026-05-31 13:00:00,Hostel A,40.733,10.307,2.362,0.0,0.0,0.876,13.545
2026-05-31 14:00:00,Hostel A,39.943,11.557,2.263,0.0,0.0,0.862,14.681
2026-05-31 15:00:00,Hostel A,42.862,12.407,2.103,0.0,0.0,0.818,15.328
2026-05-31 16:00:00,Hostel A,42.987,13.144,2.324,0.0,0.0,0.896,16.363
2026-05-31 17:00:00,Hostel A,40.495,10.0,2.295,0.0,0.0,0.851,13.146
2026-05-31 18:00:00,Hostel A,40.591,24.002,5.685,3.468,0.0,0.89,34.045
2026-05-31 19:00:00,Hostel A,38.734,26.786,5.803,3.468,0.0,0.869,36.927
2026-05-31 20:00:00,Hostel A,37.881,23.746,5.966,3.468,0.0,0.819,34.0
2026-05-31 21:00:00,Hostel A,35.372,25.244,6.007,3.468,0.0,0.848,35.567
2026-05-31 22:00:00,Hostel A,33.564,16.954,5.62,3.468,0.0,0.828,26.869
2026-05-31 23:00:00,Hostel A,34.052,18.764,6.028,3.468,0.0,0.825,29.085
2026-06-01 00:00:00,Hostel A,34.693,21.285,7.014,4.08,0.0,0.874,33.253
2026-06-01 01:00:00,Hostel A,35.826,26.144,5.716,4.08,0.0,0.813,36.753
2026-06-01 02:00:00,Hostel A,33.251,23.006,6.623,4.08,0.0,0.897,34.605
2026-06-01 03:00:00,Hostel A,32.074,16.391,5.967,4.08,0.0,0.85,27.288
2026-06-01 04:00:00,Hostel A,34.431,18.884,6.134,4.08,0.0,0.854,29.951
2026-06-01 05:00:00,Hostel A,34.435,20.776,6.137,4.08,0.0,0.837,31.83
2026-06-01 06:00:00,Hostel A,35.484,30.036,6.402,4.08,0.0,0.818,41.335
2026-06-01 07:00:00,Hostel A,37.191,35.553,5.728,0.0,0.0,0.863,42.144
2026-06-01 08:00:00,Hostel A,36.794,26.257,6.049,0.0,0.0,0.841,33.147
2026-06-01 09:00:00,Hostel A,38.873,13.932,2.369,0.0,0.0,0.866,17.167
2026-06-01 10:00:00,Hostel A,40.381,11.388,2.735,0.0,0.0,0.86,14.983
2026-06-01 11:00:00,Hostel A,40.709,13.753,2.875,0.0,0.0,0.83,17.458
2026-06-01 12:00:00,Hostel A,42.979,11.62,2.939,0.0,0.0,0.852,15.41
2026-06-01 13:00:00,Hostel A,45.533,14.893,2.616,0.0,0.0,0.838,18.347
2026-06-01 14:00:00,Hostel A,45.033,15.464,2.505,0.0,0.0,0.832,18.801
2026-06-01 15:00:00,Hostel A,43.654,11.842,2.854,0.0,0.0,0.879,15.575
2026-06-01 16:00:00,Hostel A,43.24,13.211,2.419,0.0,0.0,0.811,16.441
2026-06-01 17:00:00,Hostel A,45.861,11.507,2.925,0.0,0.0,0.834,15.266
2026-06-01 18:00:00,Hostel A,43.152,30.667,6.733,4.08,0.0,0.858,42.337
2026-06-01 19:00:00,Hostel A,41.353,27.522,6.432,4.08,0.0,0.853,38.886
2026-06-01 20:00:00,Hostel A,40.279,29.811,5.85,4.08,0.0,0.895,40.635
2026-06-01 21:00:00,Hostel A,37.523,36.621,5.738,4.08,0.0,0.886,47.325
2026-06-01 22:00:00,Hostel A,38.87,27.287,6.49,4.08,0.0,0.878,38.734
2026-06-01 23:00:00,Hostel A,35.607,29.327,6.303,4.08,0.0,0.856,40.566
2026-06-02 00:00:00,Hostel A,36.125,23.341,6.915,4.08,0.0,0.849,35.185
2026-06-02 01:00:00,Hostel A,33.855,21.501,6.629,4.08,0.0,0.813,33.024
2026-06-02 02:00:00,Hostel A,34.634,22.997,6.329,4.08,0.0,0.884,34.29
2026-06-02 03:00:00,Hostel A,33.257,22.656,6.035,4.08,0.0,0.849,33.619
2026-06-02 04:00:00,Hostel A,34.058,19.512,6.398,4.08,0.0,0.839,30.829
2026-06-02 05:00:00,Hostel A,34.523,20.481,5.945,4.08,0.0,0.865,31.371
2026-06-02 06:00:00,Hostel A,35.381,27.647,6.664,4.08,0.0,0.878,39.269
2026-06-02 07:00:00,Hostel A,36.348,30.27,6.577,0.0,0.0,0.857,37.704
2026-06-02 08:00:00,Hostel A,37.214,32.52,6.869,0.0,0.0,0.823,40.212
2026-06-02 09:00:00,Hostel A,40.915,11.148,2.616,0.0,0.0,0.893,14.658
2026-06-02 10:00:00,Hostel A,39.646,12.253,2.516,0.0,0.0,0.82,15.589
2026-06-02 11:00:00,Hostel A,42.004,14.994,2.844,0.0,0.0,0.897,18.735
2026-06-02 12:00:00,Hostel A,43.258,13.864,2.758,0.0,0.0,0.85,17.472
2026-06-02 13:00:00,Hostel A,44.599,13.87,2.768,0.0,0.0,0.895,17.533
2026-06-02 14:00:00,Hostel A,44.366,12.423,2.663,0.0,0.0,0.892,15.978
2026-06-02 15:00:00,Hostel A,45.315,12.254,2.867,0.0,0.0,0.847,15.968
2026-06-02 16:00:00,Hostel A,44.627,15.497,2.486,0.0,0.0,0.882,18.865
2026-06-02 17:00:00,Hostel A,42.614,14.464,2.588,0.0,0.0,0.818,17.87
2026-06-02 18:00:00,Hostel A,43.252,28.231,6.849,4.08,0.0,0.817,39.977
2026-06-02 19:00:00,Hostel A,40.899,37.535,5.902,4.08,0.0,0.842,48.359
2026-06-02 20:00:00,Hostel A,38.819,33.458,6.866,4.08,0.0,0.865,45.269
2026-06-02 21:00:00,Hostel A,39.137,30.6,6.216,4.08,0.0,0.811,41.707
2026-06-02 22:00:00,Hostel A,37.935,31.162,5.891,4.08,0.0,0.856,41.99
2026-06-02 23:00:00,Hostel A,36.527,30.79,5.825,4.08,0.0,0.898,41.593
2026-06-03 00:00:00,Hostel A,35.325,24.16,6.916,4.08,0.0,0.887,36.044
2026-06-03 01:00:00,Hostel A,31.871,16.35,6.824,4.08,0.0,0.831,28.084
2026-06-03 02:00:00,Hostel A,31.843,17.008,6.123,4.08,0.0,0.858,28.069
2026-06-03 03:00:00,Hostel A,34.974,21.699,5.878,4.08,0.0,0.825,32.482
2026-06-03 04:00:00,Hostel A,32.157,19.298,6.065,4.08,0.0,0.834,30.277
2026-06-03 05:00:00,Hostel A,34.415,21.641,6.016,4.08,0.0,0.893,32.63
2026-06-03 06:00:00,Hostel A,34.07,21.244,6.759,4.08,0.0,0.9,32.982
2026-06-03 07:00:00,Hostel A,36.08,29.223,6.02,0.0,0.0,0.832,36.075
2026-06-03 08:00:00,Hostel A,36.814,30.424,6.021,0.0,0.0,0.829,37.273
2026-06-03 09:00:00,Hostel A,39.562,13.105,2.371,0.0,0.0,0.845,16.32
2026-06-03 10:00:00,Hostel A,40.69,14.095,2.703,0.0,0.0,0.85,17.648
2026-06-03 11:00:00,Hostel A,41.552,15.291,2.757,0.0,0.0,0.818,18.866
2026-06-03 12:00:00,Hostel A,42.192,14.806,2.736,0.0,0.0,0.823,18.366
2026-06-03 13:00:00,Hostel A,44.464,14.92,2.686,0.0,0.0,0.848,18.454
2026-06-03 14:00:00,Hostel A,43.583,12.246,2.92,0.0,0.0,0.831,15.997
2026-06-03 15:00:00,Hostel A,45.427,13.007,2.63,0.0,0.0,0.886,16.523
2026-06-03 16:00:00,Hostel A,47.422,13.642,2.858,0.0,0.0,0.878,17.377
2026-06-03 17:00:00,Hostel A,45.546,11.234,2.732,0.0,0.0,0.858,14.824
2026-06-03 18:00:00,Hostel A,43.961,35.608,5.832,4.08,0.0,0.849,46.369
2026-06-03 19:00:00,Hostel A,41.914,30.487,6.869,4.08,0.0,0.885,42.32
2026-06-03 20:00:00,Hostel A,38.614,30.018,6.547,4.08,0.0,0.825,41.469
2026-06-03 21:00:00,Hostel A,37.678,28.951,6.645,4.08,0.0,0.89,40.566
2026-06-03 22:00:00,Hostel A,38.73,30.027,5.969,4.08,0.0,0.814,40.891
2026-06-03 23:00:00,Hostel A,35.21,23.527,6.337,4.08,0.0,0.893,34.837
2026-06-04 00:00:00,Hostel A,34.058,22.64,6.969,4.08,0.0,0.822,34.512
2026-06-04 01:00:00,Hostel A,33.638,21.305,6.02,4.08,0.0,0.883,32.288
2026-06-04 02:00:00,Hostel A,32.142,15.207,5.712,4.08,0.0,0.812,25.811
2026-06-04 03:00:00,Hostel A,31.773,14.021,6.08,4.08,0.0,0.883,25.064
2026-06-04 04:00:00,Hostel A,33.154,21.615,6.408,4.08,0.0,0.863,32.966
2026-06-04 05:00:00,Hostel A,32.912,16.036,6.885,4.08,0.0,0.812,27.813
2026-06-04 06:00:00,Hostel A,34.016,21.818,6.631,4.08,0.0,0.88,33.408
2026-06-04 07:00:00,Hostel A,35.219,25.158,7.024,0.0,0.0,0.819,33.002
2026-06-04 08:00:00,Hostel A,37.969,33.278,6.363,0.0,0.0,0.859,40.499
2026-06-04 09:00:00,Hostel A,38.768,15.21,2.582,0.0,0.0,0.84,18.631
2026-06-04 10:00:00,Hostel A,40.374,13.973,2.488,0.0,0.0,0.878,17.339
2026-06-04 11:00:00,Hostel A,42.597,15.625,2.48,0.0,0.0,0.887,18.992
2026-06-04 12:00:00,Hostel A,43.101,15.142,2.785,0.0,0.0,0.852,18.779
2026-06-04 13:00:00,Hostel A,43.918,12.04,2.399,0.0,0.0,0.878,15.317
2026-06-04 14:00:00,Hostel A,45.266,12.165,2.495,0.0,0.0,0.892,15.552
2026-06-04 15:00:00,Hostel A,45.668,12.654,2.873,0.0,0.0,0.872,16.399
2026-06-04 16:00:00,Hostel A,44.648,12.875,2.691,0.0,0.0,0.839,16.405
2026-06-04 17:00:00,Hostel A,44.277,13.638,2.379,0.0,0.0,0.852,16.869
2026-06-04 18:00:00,Hostel A,42.461,29.443,6.718,4.08,0.0,0.831,41.071
2026-06-04 19:00:00,Hostel A,41.139,29.326,6.436,4.08,0.0,0.851,40.693
2026-06-04 20:00:00,Hostel A,41.322,31.151,6.932,4.08,0.0,0.832,42.996
2026-06-04 21:00:00,Hostel A,39.445,34.486,6.687,4.08,0.0,0.883,46.136
2026-06-04 22:00:00,Hostel A,37.902,34.389,5.718,4.08,0.0,0.865,45.052
2026-06-04 23:00:00,Hostel A,36.281,32.535,6.006,4.08,0.0,0.867,43.488
2026-06-05 00:00:00,Hostel A,34.804,21.347,6.08,4.08,0.0,0.82,32.327
2026-06-05 01:00:00,Hostel A,34.5,22.16,6.715,4.08,0.0,0.81,33.764
2026-06-05 02:00:00,Hostel A,34.14,25.67,6.439,4.08,0.0,0.881,37.07
2026-06-05 03:00:00,Hostel A,33.911,22.872,6.779,4.08,0.0,0.859,34.59
2026-06-05 04:00:00,Hostel A,33.104,19.873,6.444,4.08,0.0,0.894,31.292
2026-06-05 05:00:00,Hostel A,35.191,25.25,6.18,4.08,0.0,0.858,36.368
2026-06-05 06:00:00,Hostel A,34.986,20.698,5.86,4.08,0.0,0.829,31.468
2026-06-05 07:00:00,Hostel A,36.632,32.807,6.001,0.0,0.0,0.873,39.681
2026-06-05 08:00:00,Hostel A,37.729,33.186,6.284,0.0,0.0,0.873,40.344
2026-06-05 09:00:00,Hostel A,39.247,13.726,2.676,0.0,0.0,0.816,17.218
2026-06-05 10:00:00,Hostel A,39.817,13.574,2.904,0.0,0.0,0.872,17.35
2026-06-05 11:00:00,Hostel A,42.701,12.877,2.493,0.0,0.0,0.829,16.199
2026-06-05 12:00:00,Hostel A,46.088,12.228,2.744,0.0,0.0,0.833,15.805
2026-06-05 13:00:00,Hostel A,43.821,14.594,2.442,0.0,0.0,0.813,17.848
2026-06-05 14:00:00,Hostel A,44.867,13.433,2.772,0.0,0.0,0.866,17.071
2026-06-05 15:00:00,Hostel A,44.554,11.185,2.359,0.0,0.0,0.876,14.42
2026-06-05 16:00:00,Hostel A,44.308,12.911,2.738,0.0,0.0,0.831,16.479
2026-06-05 17:00:00,Hostel A,45.741,15.413,2.448,0.0,0.0,0.881,18.742
2026-06-05 18:00:00,Hostel A,42.57,31.065,5.97,4.08,0.0,0.879,41.994
2026-06-05 19:00:00,Hostel A,41.526,31.517,6.51,4.08,0.0,0.847,42.954
2026-06-05 20:00:00,Hostel A,38.965,33.935,6.248,4.08,0.0,0.816,45.079
2026-06-05 21:00:00,Hostel A,38.242,35.974,6.385,4.08,0.0,0.835,47.274
2026-06-05 22:00:00,Hostel A,35.739,27.955,6.153,4.08,0.0,0.825,39.013
2026-06-05 23:00:00,Hostel A,36.632,32.364,7.074,4.08,0.0,0.896,44.414
2026-06-06 00:00:00,Hostel A,37.557,22.989,5.208,3.468,0.0,0.884,32.549
2026-06-06 01:00:00,Hostel A,33.437,19.694,5.513,3.468,0.0,0.817,29.492
2026-06-06 02:00:00,Hostel A,31.538,14.571,5.892,3.468,0.0,0.856,24.788
2026-06-06 03:00:00,Hostel A,33.9,18.316,5.661,3.468,0.0,0.834,28.28
2026-06-06 04:00:00,Hostel A,32.478,15.574,5.247,3.468,0.0,0.813,25.102
2026-06-06 05:00:00,Hostel A,35.103,18.839,5.526,3.468,0.0,0.839,28.672
2026-06-06 06:00:00,Hostel A,34.475,19.16,4.956,3.468,0.0,0.821,28.405
2026-06-06 07:00:00,Hostel A,35.368,19.311,5.518,0.0,0.0,0.83,25.658
2026-06-06 08:00:00,Hostel A,37.269,21.574,5.379,0.0,0.0,0.839,27.792
2026-06-06 09:00:00,Hostel A,39.758,13.311,2.378,0.0,0.0,0.847,16.536
2026-06-06 10:00:00,Hostel A,40.325,10.412,2.423,0.0,0.0,0.852,13.687
2026-06-06 11:00:00,Hostel A,41.503,11.753,2.099,0.0,0.0,0.857,14.709
2026-06-06 12:00:00,Hostel A,43.044,10.577,2.04,0.0,0.0,0.843,13.46
2026-06-06 13:00:00,Hostel A,42.924,10.86,2.194,0.0,0.0,0.855,13.909
2026-06-06 14:00:00,Hostel A,45.193,10.969,2.266,0.0,0.0,0.848,14.083
2026-06-06 15:00:00,Hostel A,43.213,10.717,2.188,0.0,0.0,0.897,13.801
2026-06-06 16:00:00,Hostel A,44.351,11.931,2.313,0.0,0.0,0.816,15.061
2026-06-06 17:00:00,Hostel A,44.956,13.231,2.252,0.0,0.0,0.863,16.345
2026-06-06 18:00:00,Hostel A,43.546,26.94,5.992,3.468,0.0,0.827,37.227
2026-06-06 19:00:00,Hostel A,42.59,32.252,5.352,3.468,0.0,0.844,41.916
2026-06-06 20:00:00,Hostel A,40.488,29.272,4.955,3.468,0.0,0.859,38.555
2026-06-06 21:00:00,Hostel A,40.17,28.681,5.222,3.468,0.0,0.878,38.249
2026-06-06 22:00:00,Hostel A,38.372,25.071,5.591,3.468,0.0,0.898,35.028
2026-06-06 23:00:00,Hostel A,36.446,20.346,5.166,3.468,0.0,0.854,29.834
2026-06-07 00:00:00,Hostel A,35.685,25.074,5.182,3.468,0.0,0.833,34.557
2026-06-07 01:00:00,Hostel A,34.554,32.693,5.267,6.418,0.0,0.881,45.259
2026-06-07 02:00:00,Hostel A,32.765,27.587,5.761,6.418,0.0,0.83,40.596
2026-06-07 03:00:00,Hostel A,31.656,26.938,5.996,6.418,0.0,0.856,40.208
2026-06-07 04:00:00,Hostel A,33.625,28.864,5.28,6.418,0.0,0.886,41.449
2026-06-07 05:00:00,Hostel A,34.35,33.633,5.092,6.418,0.0,0.846,45.99
2026-06-07 06:00:00,Hostel A,35.848,21.302,5.366,3.468,0.0,0.86,30.996
2026-06-07 07:00:00,Hostel A,35.064,23.974,5.282,0.0,0.0,0.821,30.077
2026-06-07 08:00:00,Hostel A,36.541,22.287,6.057,0.0,0.0,0.815,29.159
2026-06-07 09:00:00,Hostel A,39.46,9.924,2.231,0.0,0.0,0.899,13.054
2026-06-07 10:00:00,Hostel A,40.482,12.175,2.339,0.0,0.0,0.826,15.34
2026-06-07 11:00:00,Hostel A,40.114,10.025,2.456,0.0,0.0,0.84,13.321
2026-06-07 12:00:00,Hostel A,43.618,13.184,2.314,0.0,0.0,0.855,16.353
2026-06-07 13:00:00,Hostel A,42.344,12.004,2.124,0.0,0.0,0.844,14.972
2026-06-07 14:00:00,Hostel A,43.85,10.298,2.303,0.0,0.0,0.819,13.42
2026-06-07 15:00:00,Hostel A,46.352,10.21,2.2,0.0,0.0,0.828,13.238
2026-06-07 16:00:00,Hostel A,46.62,13.082,2.21,0.0,0.0,0.854,16.146
2026-06-07 17:00:00,Hostel A,42.98,11.813,2.489,0.0,0.0,0.849,15.151
2026-06-07 18:00:00,Hostel A,42.913,31.476,5.193,3.468,0.0,0.882,41.019
2026-06-07 19:00:00,Hostel A,42.043,23.834,5.424,3.468,0.0,0.838,33.564
2026-06-07 20:00:00,Hostel A,42.334,31.785,5.049,3.468,0.0,0.895,41.197
2026-06-07 21:00:00,Hostel A,38.507,27.831,5.072,3.468,0.0,0.835,37.207
2026-06-07 22:00:00,Hostel A,36.97,26.766,5.588,3.468,0.0,0.84,36.661
2026-06-07 23:00:00,Hostel A,37.549,25.403,5.767,3.468,0.0,0.895,35.533
2026-06-08 00:00:00,Hostel A,34.383,19.178,6.621,4.08,0.0,0.886,30.764
2026-06-08 01:00:00,Hostel A,34.526,26.834,6.182,4.08,0.0,0.839,37.935
2026-06-08 02:00:00,Hostel A,31.727,18.226,5.797,4.08,0.0,0.846,28.949
2026-06-08 03:00:00,Hostel A,32.829,17.617,6.384,4.08,0.0,0.886,28.967
2026-06-08 04:00:00,Hostel A,31.545,17.377,6.432,4.08,0.0,0.818,28.706
2026-06-08 05:00:00,Hostel A,32.748,16.14,6.812,4.08,0.0,0.837,27.869
2026-06-08 06:00:00,Hostel A,35.597,22.832,6.626,4.08,0.0,0.858,34.396
2026-06-08 07:00:00,Hostel A,35.95,22.897,6.956,0.0,0.0,0.885,30.738
2026-06-08 08:00:00,Hostel A,37.128,28.993,6.83,0.0,0.0,0.861,36.684
2026-06-08 09:00:00,Hostel A,38.251,11.272,2.567,0.0,0.0,0.854,14.693
2026-06-08 10:00:00,Hostel A,40.332,12.89,2.724,0.0,0.0,0.897,16.51
2026-06-08 11:00:00,Hostel A,42.301,11.679,2.791,0.0,0.0,0.82,15.291
2026-06-08 12:00:00,Hostel A,44.226,14.477,2.915,0.0,0.0,0.88,18.272
2026-06-08 13:00:00,Hostel A,41.571,14.963,2.6,0.0,0.0,0.821,18.384
2026-06-08 14:00:00,Hostel A,43.964,14.275,2.733,0.0,0.0,0.876,17.884
2026-06-08 15:00:00,Hostel A,45.159,11.972,2.583,0.0,0.0,0.859,15.414
2026-06-08 16:00:00,Hostel A,44.697,14.648,2.786,0.0,0.0,0.834,18.268
2026-06-08 17:00:00,Hostel A,44.6,12.204,2.888,0.0,0.0,0.859,15.951
2026-06-08 18:00:00,Hostel A,43.51,35.49,7.025,4.08,0.0,0.889,47.484
2026-06-08 19:00:00,Hostel A,41.695,33.286,5.936,4.08,0.0,0.852,44.155
2026-06-08 20:00:00,Hostel A,40.026,30.983,6.003,4.08,0.0,0.811,41.877
2026-06-08 21:00:00,Hostel A,38.754,27.733,6.79,4.08,0.0,0.815,39.418
2026-06-08 22:00:00,Hostel A,38.596,36.271,6.613,4.08,0.0,0.867,47.831
2026-06-08 23:00:00,Hostel A,35.268,29.007,7.004,4.08,0.0,0.871,40.962
2026-06-09 00:00:00,Hostel A,34.695,24.936,6.16,4.08,0.0,0.846,36.023
2026-06-09 01:00:00,Hostel A,33.987,25.188,6.923,4.08,0.0,0.832,37.023
2026-06-09 02:00:00,Hostel A,34.765,27.386,6.688,4.08,0.0,0.874,39.028
2026-06-09 03:00:00,Hostel A,32.7,16.195,5.991,4.08,0.0,0.837,27.104
2026-06-09 04:00:00,Hostel A,34.163,23.922,5.893,4.08,0.0,0.817,34.711
2026-06-09 05:00:00,Hostel A,35.036,23.179,6.715,4.08,0.0,0.847,34.822
2026-06-09 06:00:00,Hostel A,34.694,23.45,5.938,4.08,0.0,0.859,34.327
2026-06-09 07:00:00,Hostel A,35.789,23.312,6.846,0.0,0.0,0.897,31.055
2026-06-09 08:00:00,Hostel A,37.118,35.171,6.508,0.0,0.0,0.863,42.541
2026-06-09 09:00:00,Hostel A,38.744,14.456,2.632,0.0,0.0,0.829,17.917
2026-06-09 10:00:00,Hostel A,41.407,12.286,2.514,0.0,0.0,0.885,15.685
2026-06-09 11:00:00,Hostel A,42.231,12.78,2.931,0.0,0.0,0.836,16.547
2026-06-09 12:00:00,Hostel A,43.478,13.021,2.777,0.0,0.0,0.896,16.694
2026-06-09 13:00:00,Hostel A,43.071,14.557,2.81,0.0,0.0,0.839,18.206
2026-06-09 14:00:00,Hostel A,43.828,15.399,2.804,0.0,0.0,0.892,19.095
2026-06-09 15:00:00,Hostel A,47.143,12.544,2.695,0.0,0.0,0.889,16.128
2026-06-09 16:00:00,Hostel A,44.618,13.258,2.905,0.0,0.0,0.888,17.05
2026-06-09 17:00:00,Hostel A,43.421,13.828,2.695,0.0,0.0,0.814,17.337
2026-06-09 18:00:00,Hostel A,44.674,31.289,6.455,4.08,0.0,0.886,42.71
2026-06-09 19:00:00,Hostel A,42.282,32.56,6.103,4.08,0.0,0.875,43.618
2026-06-09 20:00:00,Hostel A,41.131,27.988,6.114,4.08,0.0,0.84,39.022
2026-06-09 21:00:00,Hostel A,38.862,28.699,6.764,4.08,0.0,0.854,40.397
2026-06-09 22:00:00,Hostel A,37.128,29.099,6.19,4.08,0.0,0.868,40.236
2026-06-09 23:00:00,Hostel A,35.83,30.535,6.753,4.08,0.0,0.895,42.262
2026-06-10 00:00:00,Hostel A,33.375,18.918,7.072,4.08,0.0,0.88,30.951
2026-06-10 01:00:00,Hostel A,33.716,28.372,6.339,6.901,0.0,0.849,42.461
2026-06-10 02:00:00,Hostel A,33.5,31.376,5.851,6.901,0.0,0.868,44.997
2026-06-10 03:00:00,Hostel A,34.85,37.093,6.664,6.901,0.0,0.827,51.485
2026-06-10 04:00:00,Hostel A,33.29,28.78,5.726,6.901,0.0,0.848,42.256
2026-06-10 05:00:00,Hostel A,31.47,21.562,6.836,6.901,0.0,0.881,36.18
2026-06-10 06:00:00,Hostel A,34.663,25.031,6.463,4.08,0.0,0.865,36.438
2026-06-10 07:00:00,Hostel A,38.74,31.538,6.411,0.0,0.0,0.88,38.83
2026-06-10 08:00:00,Hostel A,38.313,34.505,6.525,0.0,0.0,0.856,41.886
2026-06-10 09:00:00,Hostel A,38.189,12.337,2.656,0.0,0.0,0.844,15.837
2026-06-10 10:00:00,Hostel A,41.144,11.036,2.542,0.0,0.0,0.877,14.456
2026-06-10 11:00:00,Hostel A,41.258,12.653,2.518,0.0,0.0,0.818,15.989
2026-06-10 12:00:00,Hostel A,41.889,14.355,2.596,0.0,0.0,0.898,17.849
2026-06-10 13:00:00,Hostel A,43.848,12.882,2.878,0.0,0.0,0.895,16.656
2026-06-10 14:00:00,Hostel A,44.887,12.061,2.432,0.0,0.0,0.889,15.381
2026-06-10 15:00:00,Hostel A,43.128,13.217,2.543,0.0,0.0,0.89,16.65
2026-06-10 16:00:00,Hostel A,43.646,14.58,2.465,0.0,0.0,0.856,17.901
2026-06-10 17:00:00,Hostel A,44.206,11.589,2.603,0.0,0.0,0.855,15.047
2026-06-10 18:00:00,Hostel A,42.834,34.713,5.903,4.08,0.0,0.884,45.579
2026-06-10 19:00:00,Hostel A,42.395,34.433,6.798,4.08,0.0,0.835,46.147
2026-06-10 20:00:00,Hostel A,39.338,31.029,5.86,4.08,0.0,0.886,41.855
2026-06-10 21:00:00,Hostel A,39.714,37.91,6.662,4.08,0.0,0.828,49.48
2026-06-10 22:00:00,Hostel A,36.263,31.681,6.094,4.08,0.0,0.889,42.744
2026-06-10 23:00:00,Hostel A,37.643,29.498,6.386,4.08,0.0,0.859,40.823
2026-06-11 00:00:00,Hostel A,33.042,15.921,5.998,4.08,0.0,0.886,26.884
2026-06-11 01:00:00,Hostel A,32.711,29.09,6.755,7.555,0.0,0.854,44.254
2026-06-11 02:00:00,Hostel A,33.622,30.635,7.066,7.555,0.0,0.865,46.121
2026-06-11 03:00:00,Hostel A,34.664,36.003,6.029,7.555,0.0,0.893,50.48
2026-06-11 04:00:00,Hostel A,33.519,35.521,7.073,7.555,0.0,0.848,50.997
2026-06-11 05:00:00,Hostel A,34.367,37.768,6.176,7.555,0.0,0.83,52.33
2026-06-11 06:00:00,Hostel A,34.775,22.145,6.509,4.08,0.0,0.818,33.552
2026-06-11 07:00:00,Hostel A,34.974,23.7,6.714,0.0,0.0,0.863,31.277
2026-06-11 08:00:00,Hostel A,36.957,24.831,5.997,0.0,0.0,0.865,31.692
2026-06-11 09:00:00,Hostel A,37.788,13.356,2.614,0.0,0.0,0.866,16.835
2026-06-11 10:00:00,Hostel A,39.274,11.324,2.392,0.0,0.0,0.813,14.53
2026-06-11 11:00:00,Hostel A,42.402,15.46,2.762,0.0,0.0,0.812,19.034
2026-06-11 12:00:00,Hostel A,42.119,15.121,2.597,0.0,0.0,0.891,18.609
2026-06-11 13:00:00,Hostel A,44.516,12.037,2.876,0.0,0.0,0.873,15.786
2026-06-11 14:00:00,Hostel A,43.494,14.33,2.513,0.0,0.0,0.82,17.663
2026-06-11 15:00:00,Hostel A,45.296,13.709,2.895,0.0,0.0,0.817,17.421
2026-06-11 16:00:00,Hostel A,44.307,14.811,2.435,0.0,0.0,0.825,18.071
2026-06-11 17:00:00,Hostel A,45.603,13.272,2.709,0.0,0.0,0.883,16.864
2026-06-11 18:00:00,Hostel A,43.566,28.976,6.152,4.08,0.0,0.875,40.082
2026-06-11 19:00:00,Hostel A,43.236,34.117,5.972,4.08,0.0,0.867,45.036
2026-06-11 20:00:00,Hostel A,39.797,27.696,5.846,4.08,0.0,0.868,38.49
2026-06-11 21:00:00,Hostel A,39.056,33.483,6.648,4.08,0.0,0.887,45.099
2026-06-11 22:00:00,Hostel A,36.466,25.481,6.045,4.08,0.0,0.84,36.446
2026-06-11 23:00:00,Hostel A,35.586,27.668,6.53,4.08,0.0,0.839,39.117
2026-06-12 00:00:00,Hostel A,34.495,25.682,7.111,4.08,0.0,0.848,37.721
2026-06-12 01:00:00,Hostel A,33.078,16.534,6.163,4.08,0.0,0.899,27.676
2026-06-12 02:00:00,Hostel A,31.989,15.655,5.762,4.08,0.0,0.86,26.357
2026-06-12 03:00:00,Hostel A,31.586,16.383,5.916,4.08,0.0,0.859,27.239
2026-06-12 04:00:00,Hostel A,30.865,11.616,5.882,4.08,0.0,0.883,22.461
2026-06-12 05:00:00,Hostel A,32.748,18.711,6.374,4.08,0.0,0.826,29.99
2026-06-12 06:00:00,Hostel A,35.385,26.969,6.775,4.08,0.0,0.846,38.671
2026-06-12 07:00:00,Hostel A,34.402,21.596,6.135,0.0,0.0,0.868,28.599
2026-06-12 08:00:00,Hostel A,36.079,30.507,5.92,0.0,0.0,0.899,37.327
2026-06-12 09:00:00,Hostel A,40.791,13.438,2.729,0.0,0.0,0.824,16.991
2026-06-12 10:00:00,Hostel A,39.916,13.988,2.529,0.0,0.0,0.851,17.367
2026-06-12 11:00:00,Hostel A,42.321,11.691,2.69,0.0,0.0,0.892,15.272
2026-06-12 12:00:00,Hostel A,43.885,11.134,2.901,0.0,0.0,0.875,14.911
2026-06-12 13:00:00,Hostel A,44.859,11.265,2.523,0.0,0.0,0.865,14.653
2026-06-12 14:00:00,Hostel A,43.273,15.296,2.653,0.0,0.0,0.833,18.783
2026-06-12 15:00:00,Hostel A,44.769,15.195,2.826,0.0,0.0,0.827,18.849
2026-06-12 16:00:00,Hostel A,43.177,14.841,2.759,0.0,0.0,0.844,18.443
2026-06-12 17:00:00,Hostel A,46.642,11.968,2.794,0.0,0.0,0.833,15.595
2026-06-12 18:00:00,Hostel A,41.648,32.805,6.815,4.08,0.0,0.883,44.583
2026-06-12 19:00:00,Hostel A,40.952,35.91,6.483,4.08,0.0,0.875,47.348
2026-06-12 20:00:00,Hostel A,39.512,34.517,6.477,4.08,0.0,0.885,45.959
2026-06-12 21:00:00,Hostel A,37.503,26.938,6.739,4.08,0.0,0.825,38.582
2026-06-12 22:00:00,Hostel A,38.8,37.051,6.708,4.08,0.0,0.838,48.677
2026-06-12 23:00:00,Hostel A,38.422,28.619,6.669,4.08,0.0,0.879,40.247
2026-06-13 00:00:00,Hostel A,34.282,16.863,5.319,3.468,0.0,0.825,26.475
2026-06-13 01:00:00,Hostel A,32.483,17.044,5.861,3.468,0.0,0.823,27.196
2026-06-13 02:00:00,Hostel A,30.968,11.378,5.142,3.468,0.0,0.844,20.832
2026-06-13 03:00:00,Hostel A,32.756,14.861,5.044,3.468,0.0,0.827,24.2
2026-06-13 04:00:00,Hostel A,32.888,16.163,5.274,3.468,0.0,0.817,25.723
2026-06-13 05:00:00,Hostel A,33.153,19.271,5.163,3.468,0.0,0.838,28.74
2026-06-13 06:00:00,Hostel A,34.979,17.902,5.66,3.468,0.0,0.889,27.919
2026-06-13 07:00:00,Hostel A,36.395,26.111,5.136,0.0,0.0,0.815,32.062
2026-06-13 08:00:00,Hostel A,37.77,25.521,5.652,0.0,0.0,0.861,32.034
2026-06-13 09:00:00,Hostel A,38.684,9.841,2.256,0.0,0.0,0.861,12.958
2026-06-13 10:00:00,Hostel A,39.451,11.066,2.075,0.0,0.0,0.858,13.999
2026-06-13 11:00:00,Hostel A,42.666,11.575,2.128,0.0,0.0,0.855,14.559
2026-06-13 12:00:00,Hostel A,43.255,10.198,2.26,0.0,0.0,0.812,13.27
2026-06-13 13:00:00,Hostel A,45.085,10.999,2.366,0.0,0.0,0.814,14.179
2026-06-13 14:00:00,Hostel A,45.586,11.924,2.198,0.0,0.0,0.856,14.979
2026-06-13 15:00:00,Hostel A,43.578,11.686,2.116,0.0,0.0,0.897,14.699
2026-06-13 16:00:00,Hostel A,43.361,12.276,2.147,0.0,0.0,0.847,15.269
2026-06-13 17:00:00,Hostel A,43.441,12.73,2.047,0.0,0.0,0.853,15.63
2026-06-13 18:00:00,Hostel A,42.186,26.749,4.886,3.468,0.0,0.898,36.002
2026-06-13 19:00:00,Hostel A,42.755,26.884,6.036,3.468,0.0,0.88,37.269
2026-06-13 20:00:00,Hostel A,40.904,27.603,4.972,3.468,0.0,0.879,36.923
2026-06-13 21:00:00,Hostel A,40.099,28.283,5.007,3.468,0.0,0.855,37.613
2026-06-13 22:00:00,Hostel A,37.844,23.505,5.912,3.468,0.0,0.891,33.776
2026-06-13 23:00:00,Hostel A,36.209,21.956,5.661,3.468,0.0,0.862,31.946
2026-06-14 00:00:00,Hostel A,35.957,20.275,5.385,3.468,0.0,0.869,29.997
2026-06-14 01:00:00,Hostel A,34.274,18.286,5.643,3.468,0.0,0.881,28.278
2026-06-14 02:00:00,Hostel A,33.273,19.547,5.99,3.468,0.0,0.847,29.851
2026-06-14 03:00:00,Hostel A,34.48,20.1,4.976,3.468,0.0,0.896,29.44
2026-06-14 04:00:00,Hostel A,33.32,16.437,5.151,3.468,0.0,0.899,25.955
2026-06-14 05:00:00,Hostel A,33.5,17.673,5.899,3.468,0.0,0.863,27.903
2026-06-14 06:00:00,Hostel A,33.92,19.327,5.803,3.468,0.0,0.83,29.428
2026-06-14 07:00:00,Hostel A,36.703,24.083,6.062,0.0,0.0,0.88,31.025
2026-06-14 08:00:00,Hostel A,38.684,27.126,5.236,0.0,0.0,0.839,33.201
2026-06-14 09:00:00,Hostel A,38.949,12.188,2.471,0.0,0.0,0.862,15.522
2026-06-14 10:00:00,Hostel A,41.861,9.616,2.171,0.0,0.0,0.818,12.604
2026-06-14 11:00:00,Hostel A,40.03,11.54,2.357,0.0,0.0,0.883,14.78
2026-06-14 12:00:00,Hostel A,43.187,11.569,2.44,0.0,0.0,0.896,14.906
2026-06-14 13:00:00,Hostel A,44.156,12.411,2.085,0.0,0.0,0.818,15.314
2026-06-14 14:00:00,Hostel A,44.069,13.318,2.102,0.0,0.0,0.876,16.296
2026-06-14 15:00:00,Hostel A,47.384,12.567,2.29,0.0,0.0,0.887,15.744
2026-06-14 16:00:00,Hostel A,44.729,11.395,2.421,0.0,0.0,0.82,14.635
2026-06-14 17:00:00,Hostel A,43.788,10.052,2.039,0.0,0.0,0.832,12.923
2026-06-14 18:00:00,Hostel A,43.269,28.497,5.888,3.468,0.0,0.845,38.698
2026-06-14 19:00:00,Hostel A,39.997,30.896,5.272,3.468,0.0,0.885,40.521
2026-06-14 20:00:00,Hostel A,39.793,31.853,5.348,3.468,0.0,0.854,41.524
2026-06-14 21:00:00,Hostel A,39.983,30.809,5.268,3.468,0.0,0.822,40.367
2026-06-14 22:00:00,Hostel A,36.818,22.179,5.962,3.468,0.0,0.833,32.442
2026-06-14 23:00:00,Hostel A,35.171,22.705,5.014,3.468,0.0,0.852,32.039
2026-06-15 00:00:00,Hostel A,36.067,30.935,6.532,4.08,0.0,0.814,42.36
2026-06-15 01:00:00,Hostel A,35.144,26.358,5.923,4.08,0.0,0.867,37.228
2026-06-15 02:00:00,Hostel A,33.721,22.292,7.038,4.08,0.0,0.812,34.222
2026-06-15 03:00:00,Hostel A,32.545,17.734,6.851,4.08,0.0,0.88,29.545
2026-06-15 04:00:00,Hostel A,32.965,19.783,6.046,4.08,0.0,0.876,30.785
2026-06-15 05:00:00,Hostel A,33.0,17.589,6.137,4.08,0.0,0.888,28.694
2026-06-15 06:00:00,Hostel A,33.763,17.98,6.257,4.08,0.0,0.824,29.141
2026-06-15 07:00:00,Hostel A,34.956,27.071,6.291,0.0,0.0,0.864,34.226
2026-06-15 08:00:00,Hostel A,36.829,33.929,6.879,0.0,0.0,0.88,41.688
2026-06-15 09:00:00,Hostel A,37.965,15.03,2.684,0.0,0.0,0.856,18.57
2026-06-15 10:00:00,Hostel A,38.989,12.603,2.604,0.0,0.0,0.822,16.028
2026-06-15 11:00:00,Hostel A,42.219,11.467,2.775,0.0,0.0,0.819,15.061
2026-06-15 12:00:00,Hostel A,43.477,12.349,2.621,0.0,0.0,0.865,15.834
2026-06-15 13:00:00,Hostel A,45.897,15.007,2.427,0.0,0.0,0.855,18.29
2026-06-15 14:00:00,Hostel A,44.127,14.124,2.415,0.0,0.0,0.894,17.433
2026-06-15 15:00:00,Hostel A,45.296,15.593,2.544,0.0,0.0,0.885,19.021
2026-06-15 16:00:00,Hostel A,45.108,12.644,2.706,0.0,0.0,0.875,16.226
2026-06-15 17:00:00,Hostel A,43.942,13.631,2.431,0.0,0.0,0.898,16.96
2026-06-15 18:00:00,Hostel A,43.987,35.841,6.498,4.08,0.0,0.873,47.291
2026-06-15 19:00:00,Hostel A,42.775,29.46,6.097,4.08,0.0,0.818,40.455
2026-06-15 20:00:00,Hostel A,40.88,37.838,6.705,4.08,0.0,0.817,49.44
2026-06-15 21:00:00,Hostel A,38.744,33.573,5.752,4.08,0.0,0.883,44.289
2026-06-15 22:00:00,Hostel A,37.09,24.827,6.382,4.08,0.0,0.842,36.132
2026-06-15 23:00:00,Hostel A,34.632,19.468,5.787,4.08,0.0,0.893,30.228
2026-06-16 00:00:00,Hostel A,33.951,24.45,6.184,4.08,0.0,0.821,35.534
2026-06-16 01:00:00,Hostel A,33.182,20.456,5.734,4.08,0.0,0.828,31.098
2026-06-16 02:00:00,Hostel A,32.08,18.004,6.382,4.08,0.0,0.88,29.345
2026-06-16 03:00:00,Hostel A,33.44,22.178,6.807,4.08,0.0,0.886,33.952
2026-06-16 04:00:00,Hostel A,34.401,22.123,5.855,4.08,0.0,0.888,32.946
2026-06-16 05:00:00,Hostel A,32.896,20.652,6.762,4.08,0.0,0.819,32.313
2026-06-16 06:00:00,Hostel A,35.041,28.278,6.546,4.08,0.0,0.844,39.748
2026-06-16 07:00:00,Hostel A,34.966,21.481,6.433,0.0,0.0,0.868,28.782
2026-06-16 08:00:00,Hostel A,37.142,33.003,6.568,0.0,0.0,0.893,40.463
2026-06-16 09:00:00,Hostel A,38.31,12.479,2.55,0.0,0.0,0.832,15.86
2026-06-16 10:00:00,Hostel A,41.155,12.544,2.77,0.0,0.0,0.864,16.178
2026-06-16 11:00:00,Hostel A,41.321,12.975,2.81,0.0,0.0,0.823,16.609
2026-06-16 12:00:00,Hostel A,44.254,15.106,2.81,0.0,0.0,0.877,18.793
2026-06-16 13:00:00,Hostel A,43.95,11.129,2.51,0.0,0.0,0.821,14.461
2026-06-16 14:00:00,Hostel A,44.146,13.075,2.736,0.0,0.0,0.9,16.712
2026-06-16 15:00:00,Hostel A,43.747,14.238,2.439,0.0,0.0,0.818,17.496
2026-06-16 16:00:00,Hostel A,45.049,11.547,2.643,0.0,0.0,0.872,15.062
2026-06-16 17:00:00,Hostel A,45.091,14.768,2.354,0.0,0.0,0.88,18.002
2026-06-16 18:00:00,Hostel A,43.516,37.583,5.988,4.08,0.0,0.833,48.485
2026-06-16 19:00:00,Hostel A,44.239,27.818,6.614,4.08,0.0,0.833,39.346
2026-06-16 20:00:00,Hostel A,41.983,28.53,6.961,4.08,0.0,0.864,40.434
2026-06-16 21:00:00,Hostel A,38.692,37.953,5.782,4.08,0.0,0.867,48.682
2026-06-16 22:00:00,Hostel A,37.129,26.937,6.51,4.08,0.0,0.875,38.402
2026-06-16 23:00:00,Hostel A,36.47,24.151,6.621,4.08,0.0,0.862,35.714
2026-06-17 00:00:00,Hostel A,33.919,24.881,7.043,4.08,0.0,0.826,36.83
2026-06-17 01:00:00,Hostel A,34.97,27.671,6.648,4.08,0.0,0.893,39.292
2026-06-17 02:00:00,Hostel A,33.566,21.626,5.859,4.08,0.0,0.825,32.39
2026-06-17 03:00:00,Hostel A,33.256,20.017,5.922,4.08,0.0,0.861,30.88
2026-06-17 04:00:00,Hostel A,33.891,24.544,6.62,4.08,0.0,0.893,36.137
2026-06-17 05:00:00,Hostel A,35.527,27.228,6.02,4.08,0.0,0.892,38.22
2026-06-17 06:00:00,Hostel A,34.928,25.542,7.038,4.08,0.0,0.825,37.485
2026-06-17 07:00:00,Hostel A,35.887,30.037,7.027,0.0,0.0,0.831,37.895
2026-06-17 08:00:00,Hostel A,38.956,34.271,7.067,0.0,0.0,0.864,42.202
2026-06-17 09:00:00,Hostel A,39.968,13.405,2.524,0.0,0.0,0.84,16.769
2026-06-17 10:00:00,Hostel A,40.232,12.866,2.774,0.0,0.0,0.876,16.516
2026-06-17 11:00:00,Hostel A,42.005,13.402,2.742,0.0,0.0,0.857,17.001
2026-06-17 12:00:00,Hostel A,43.438,13.494,2.373,0.0,0.0,0.834,16.701
2026-06-17 13:00:00,Hostel A,44.558,12.73,2.508,0.0,0.0,0.847,16.085
2026-06-17 14:00:00,Hostel A,43.439,13.142,2.474,0.0,0.0,0.872,16.488
2026-06-17 15:00:00,Hostel A,43.458,14.814,2.57,0.0,0.0,0.881,18.265
2026-06-17 16:00:00,Hostel A,43.908,12.993,2.912,0.0,0.0,0.843,16.749
2026-06-17 17:00:00,Hostel A,43.231,11.146,2.849,0.0,0.0,0.819,14.814
2026-06-17 18:00:00,Hostel A,42.599,30.023,6.131,4.08,0.0,0.842,41.075
2026-06-17 19:00:00,Hostel A,42.635,29.434,6.469,4.08,0.0,0.867,40.85
2026-06-17 20:00:00,Hostel A,40.384,35.881,5.987,4.08,0.0,0.878,46.826
2026-06-17 21:00:00,Hostel A,39.196,31.931,6.108,4.08,0.0,0.889,43.008
2026-06-17 22:00:00,Hostel A,36.223,25.55,5.805,4.08,0.0,0.897,36.331
2026-06-17 23:00:00,Hostel A,35.538,28.677,6.63,4.08,0.0,0.858,40.244
2026-06-18 00:00:00,Hostel A,35.345,21.022,6.65,4.08,0.0,0.889,32.641
2026-06-18 01:00:00,Hostel A,34.399,20.139,6.909,4.08,0.0,0.834,31.962
2026-06-18 02:00:00,Hostel A,32.48,19.582,6.957,4.08,0.0,0.86,31.479
2026-06-18 03:00:00,Hostel A,33.162,19.751,5.941,4.08,0.0,0.859,30.63
2026-06-18 04:00:00,Hostel A,35.403,27.938,6.773,4.08,0.0,0.879,39.67
2026-06-18 05:00:00,Hostel A,33.786,23.614,5.904,4.08,0.0,0.88,34.478
2026-06-18 06:00:00,Hostel A,34.064,25.257,6.246,4.08,0.0,0.836,36.418
2026-06-18 07:00:00,Hostel A,35.826,22.521,6.448,0.0,0.0,0.89,29.859
2026-06-18 08:00:00,Hostel A,37.539,34.566,5.783,0.0,0.0,0.89,41.239
2026-06-18 09:00:00,Hostel A,38.849,14.374,2.444,0.0,0.0,0.895,17.713
2026-06-18 10:00:00,Hostel A,40.522,12.003,2.511,0.0,0.0,0.851,15.366
2026-06-18 11:00:00,Hostel A,40.557,15.427,2.427,0.0,0.0,0.899,18.753
2026-06-18 12:00:00,Hostel A,42.28,12.935,2.901,0.0,0.0,0.881,16.717
2026-06-18 13:00:00,Hostel A,44.047,15.219,2.522,0.0,0.0,0.869,18.609
2026-06-18 14:00:00,Hostel A,44.63,13.884,2.647,0.0,0.0,0.849,17.38
2026-06-18 15:00:00,Hostel A,44.434,13.514,2.938,0.0,0.0,0.886,17.338
2026-06-18 16:00:00,Hostel A,44.619,11.779,2.685,0.0,0.0,0.879,15.343
2026-06-18 17:00:00,Hostel A,44.257,15.345,2.594,0.0,0.0,0.863,18.802
2026-06-18 18:00:00,Hostel A,44.132,33.163,7.04,4.08,0.0,0.9,45.182
2026-06-18 19:00:00,Hostel A,41.901,26.845,6.03,4.08,0.0,0.832,37.787
2026-06-18 20:00:00,Hostel A,40.952,26.985,5.968,4.08,0.0,0.868,37.901
2026-06-18 21:00:00,Hostel A,38.458,35.698,6.477,4.08,0.0,0.839,47.094
2026-06-18 22:00:00,Hostel A,38.019,28.633,6.322,4.08,0.0,0.851,39.887
2026-06-18 23:00:00,Hostel A,36.376,29.091,6.85,4.08,0.0,0.841,40.862
2026-06-19 00:00:00,Hostel A,35.623,27.739,5.772,4.08,0.0,0.84,38.431
2026-06-19 01:00:00,Hostel A,34.517,34.275,6.594,6.691,0.0,0.844,48.404
2026-06-19 02:00:00,Hostel A,33.793,34.627,6.727,6.691,0.0,0.815,48.86
2026-06-19 03:00:00,Hostel A,32.902,29.98,7.1,6.691,0.0,0.814,44.585
2026-06-19 04:00:00,Hostel A,33.449,36.358,5.92,6.691,0.0,0.875,49.845
2026-06-19 05:00:00,Hostel A,34.867,40.075,6.064,6.691,0.0,0.838,53.667
2026-06-19 06:00:00,Hostel A,34.105,20.317,7.044,4.08,0.0,0.812,32.253
2026-06-19 07:00:00,Hostel A,35.372,25.649,6.613,0.0,0.0,0.817,33.079
2026-06-19 08:00:00,Hostel A,37.629,31.513,5.766,0.0,0.0,0.828,38.107
2026-06-19 09:00:00,Hostel A,39.415,15.561,2.397,0.0,0.0,0.814,18.773
2026-06-19 10:00:00,Hostel A,39.729,12.887,2.814,0.0,0.0,0.895,16.596
2026-06-19 11:00:00,Hostel A,41.925,13.682,2.686,0.0,0.0,0.861,17.228
2026-06-19 12:00:00,Hostel A,43.149,15.413,2.684,0.0,0.0,0.845,18.943
2026-06-19 13:00:00,Hostel A,41.981,11.794,2.869,0.0,0.0,0.858,15.522
2026-06-19 14:00:00,Hostel A,44.576,13.626,2.494,0.0,0.0,0.82,16.94
2026-06-19 15:00:00,Hostel A,44.843,11.524,2.446,0.0,0.0,0.873,14.844
2026-06-19 16:00:00,Hostel A,44.635,13.943,2.713,0.0,0.0,0.897,17.553
2026-06-19 17:00:00,Hostel A,45.612,12.753,2.871,0.0,0.0,0.822,16.445
2026-06-19 18:00:00,Hostel A,42.027,37.879,6.091,4.08,0.0,0.824,48.873
2026-06-19 19:00:00,Hostel A,41.175,31.542,6.685,4.08,0.0,0.867,43.173
2026-06-19 20:00:00,Hostel A,37.941,28.198,5.93,4.08,0.0,0.824,39.031
2026-06-19 21:00:00,Hostel A,38.519,36.345,5.957,4.08,0.0,0.821,47.204
2026-06-19 22:00:00,Hostel A,37.051,33.333,6.999,4.08,0.0,0.87,45.283
2026-06-19 23:00:00,Hostel A,35.49,27.48,5.88,4.08,0.0,0.866,38.306
2026-06-20 00:00:00,Hostel A,35.865,24.714,4.885,3.468,0.0,0.83,33.896
2026-06-20 01:00:00,Hostel A,34.664,18.297,5.796,3.468,0.0,0.884,28.445
2026-06-20 02:00:00,Hostel A,33.282,17.612,5.295,3.468,0.0,0.819,27.194
2026-06-20 03:00:00,Hostel A,32.629,12.778,5.337,3.468,0.0,0.84,22.423
2026-06-20 04:00:00,Hostel A,34.231,16.927,5.826,3.468,0.0,0.876,27.098
2026-06-20 05:00:00,Hostel A,33.784,20.662,5.074,3.468,0.0,0.865,30.068
2026-06-20 06:00:00,Hostel A,33.939,19.827,5.645,3.468,0.0,0.864,29.804
2026-06-20 07:00:00,Hostel A,34.284,17.264,5.236,0.0,0.0,0.872,23.371
2026-06-20 08:00:00,Hostel A,37.006,21.87,4.982,0.0,0.0,0.868,27.719
2026-06-20 09:00:00,Hostel A,39.755,13.182,2.343,0.0,0.0,0.889,16.414
2026-06-20 10:00:00,Hostel A,42.829,9.822,2.158,0.0,0.0,0.861,12.841
2026-06-20 11:00:00,Hostel A,42.062,10.404,2.432,0.0,0.0,0.846,13.682
2026-06-20 12:00:00,Hostel A,42.477,10.105,2.459,0.0,0.0,0.879,13.442
2026-06-20 13:00:00,Hostel A,43.011,9.401,2.424,0.0,0.0,0.833,12.658
2026-06-20 14:00:00,Hostel A,45.348,10.633,2.16,0.0,0.0,0.878,13.672
2026-06-20 15:00:00,Hostel A,43.235,13.284,2.117,0.0,0.0,0.835,16.236
2026-06-20 16:00:00,Hostel A,45.346,10.744,2.445,0.0,0.0,0.853,14.043
2026-06-20 17:00:00,Hostel A,45.014,11.397,2.226,0.0,0.0,0.877,14.499
2026-06-20 18:00:00,Hostel A,43.679,30.034,5.714,3.468,0.0,0.866,40.083
2026-06-20 19:00:00,Hostel A,41.78,28.134,5.859,3.468,0.0,0.818,38.279
2026-06-20 20:00:00,Hostel A,41.118,30.012,5.192,3.468,0.0,0.85,39.522
2026-06-20 21:00:00,Hostel A,39.171,29.212,5.0,3.468,0.0,0.883,38.563
2026-06-20 22:00:00,Hostel A,36.669,25.512,5.614,3.468,0.0,0.9,35.493
2026-06-20 23:00:00,Hostel A,37.85,28.733,5.572,3.468,0.0,0.852,38.624
2026-06-21 00:00:00,Hostel A,34.406,21.402,5.183,3.468,0.0,0.818,30.871
2026-06-21 01:00:00,Hostel A,34.58,21.224,5.565,3.468,0.0,0.843,31.1
2026-06-21 02:00:00,Hostel A,30.786,12.157,5.815,3.468,0.0,0.854,22.293
2026-06-21 03:00:00,Hostel A,34.276,16.676,5.28,3.468,0.0,0.817,26.241
2026-06-21 04:00:00,Hostel A,34.673,21.227,5.149,3.468,0.0,0.888,30.732
2026-06-21 05:00:00,Hostel A,33.834,19.55,5.735,3.468,0.0,0.858,29.612
2026-06-21 06:00:00,Hostel A,35.316,19.94,5.809,3.468,0.0,0.847,30.065
2026-06-21 07:00:00,Hostel A,36.559,27.531,6.014,0.0,0.0,0.846,34.39
2026-06-21 08:00:00,Hostel A,36.804,23.167,5.034,0.0,0.0,0.813,29.014
2026-06-21 09:00:00,Hostel A,39.547,10.351,2.444,0.0,0.0,0.857,13.651
2026-06-21 10:00:00,Hostel A,39.744,12.854,2.382,0.0,0.0,0.853,16.088
2026-06-21 11:00:00,Hostel A,41.391,10.363,2.35,0.0,0.0,0.841,13.554
2026-06-21 12:00:00,Hostel A,44.37,11.04,2.156,0.0,0.0,0.869,14.065
2026-06-21 13:00:00,Hostel A,45.171,10.849,2.01,0.0,0.0,0.847,13.706
2026-06-21 14:00:00,Hostel A,44.089,12.978,2.253,0.0,0.0,0.861,16.092
2026-06-21 15:00:00,Hostel A,44.266,11.2,2.142,0.0,0.0,0.89,14.231
2026-06-21 16:00:00,Hostel A,44.15,12.16,2.144,0.0,0.0,0.843,15.147
2026-06-21 17:00:00,Hostel A,44.929,12.56,2.463,0.0,0.0,0.846,15.869
2026-06-21 18:00:00,Hostel A,42.243,28.883,5.041,3.468,0.0,0.888,38.28
2026-06-21 19:00:00,Hostel A,42.357,31.963,5.989,3.468,0.0,0.842,42.263
2026-06-21 20:00:00,Hostel A,41.3,30.586,5.467,3.468,0.0,0.85,40.37
2026-06-21 21:00:00,Hostel A,38.912,26.662,5.873,3.468,0.0,0.882,36.885
2026-06-21 22:00:00,Hostel A,38.457,32.033,5.199,3.468,0.0,0.863,41.563
2026-06-21 23:00:00,Hostel A,35.696,22.523,5.625,3.468,0.0,0.894,32.509
2026-06-22 00:00:00,Hostel A,34.544,19.247,6.507,4.08,0.0,0.852,30.686
2026-06-22 01:00:00,Hostel A,32.827,16.929,7.032,4.08,0.0,0.853,28.894
2026-06-22 02:00:00,Hostel A,34.222,23.232,5.968,4.08,0.0,0.814,34.094
2026-06-22 03:00:00,Hostel A,32.233,14.843,6.004,4.08,0.0,0.828,25.755
2026-06-22 04:00:00,Hostel A,33.554,21.074,7.067,4.08,0.0,0.859,33.08
2026-06-22 05:00:00,Hostel A,33.733,19.927,5.852,4.08,0.0,0.827,30.686
2026-06-22 06:00:00,Hostel A,33.705,21.128,6.618,4.08,0.0,0.851,32.677
2026-06-22 07:00:00,Hostel A,35.391,20.97,5.798,0.0,0.0,0.835,27.604
2026-06-22 08:00:00,Hostel A,38.83,36.511,5.822,0.0,0.0,0.812,43.144
2026-06-22 09:00:00,Hostel A,39.202,12.735,2.703,0.0,0.0,0.853,16.291
2026-06-22 10:00:00,Hostel A,39.544,11.687,2.676,0.0,0.0,0.868,15.232
2026-06-22 11:00:00,Hostel A,42.305,13.094,2.689,0.0,0.0,0.84,16.624
2026-06-22 12:00:00,Hostel A,43.097,13.322,2.631,0.0,0.0,0.88,16.833
2026-06-22 13:00:00,Hostel A,47.65,14.037,2.789,0.0,0.0,0.823,17.648
2026-06-22 14:00:00,Hostel A,45.081,13.504,2.935,0.0,0.0,0.818,17.257
2026-06-22 15:00:00,Hostel A,44.619,11.231,2.514,0.0,0.0,0.894,14.639
2026-06-22 16:00:00,Hostel A,46.216,15.143,2.542,0.0,0.0,0.893,18.578
2026-06-22 17:00:00,Hostel A,42.355,13.182,2.542,0.0,0.0,0.847,16.571
2026-06-22 18:00:00,Hostel A,43.337,27.658,6.802,4.08,0.0,0.848,39.388
2026-06-22 19:00:00,Hostel A,43.994,35.643,6.209,4.08,0.0,0.887,46.819
2026-06-22 20:00:00,Hostel A,40.437,34.35,6.678,4.08,0.0,0.858,45.966
2026-06-22 21:00:00,Hostel A,37.267,32.136,6.349,4.08,0.0,0.821,43.385
2026-06-22 22:00:00,Hostel A,37.051,29.169,6.58,4.08,0.0,0.82,40.65
2026-06-22 23:00:00,Hostel A,37.455,30.054,6.896,4.08,0.0,0.822,41.852
2026-06-23 00:00:00,Hostel A,35.133,25.063,6.446,4.08,0.0,0.88,36.47
2026-06-23 01:00:00,Hostel A,32.965,25.074,6.391,7.687,0.0,0.864,40.015
2026-06-23 02:00:00,Hostel A,32.519,25.606,6.093,7.687,0.0,0.837,40.223
2026-06-23 03:00:00,Hostel A,32.44,29.65,6.449,7.687,0.0,0.825,44.61
2026-06-23 04:00:00,Hostel A,33.566,30.868,6.087,7.687,0.0,0.821,45.463
2026-06-23 05:00:00,Hostel A,35.142,33.257,6.917,7.687,0.0,0.877,48.737
2026-06-23 06:00:00,Hostel A,35.81,23.974,6.267,4.08,0.0,0.89,35.211
2026-06-23 07:00:00,Hostel A,36.456,30.781,5.896,0.0,0.0,0.858,37.535
2026-06-23 08:00:00,Hostel A,36.115,25.088,6.055,0.0,0.0,0.88,32.022
2026-06-23 09:00:00,Hostel A,37.672,11.47,2.666,0.0,0.0,0.835,14.972
2026-06-23 10:00:00,Hostel A,41.086,11.755,2.891,0.0,0.0,0.863,15.509
2026-06-23 11:00:00,Hostel A,40.655,14.471,2.529,0.0,0.0,0.849,17.849
2026-06-23 12:00:00,Hostel A,43.017,14.062,2.507,0.0,0.0,0.818,17.388
2026-06-23 13:00:00,Hostel A,44.5,11.355,2.591,0.0,0.0,0.854,14.8
2026-06-23 14:00:00,Hostel A,43.658,11.569,2.921,0.0,0.0,0.886,15.376
2026-06-23 15:00:00,Hostel A,43.976,14.02,2.849,0.0,0.0,0.815,17.684
2026-06-23 16:00:00,Hostel A,44.701,13.724,2.44,0.0,0.0,0.853,17.016
2026-06-23 17:00:00,Hostel A,44.7,14.266,2.713,0.0,0.0,0.889,17.868
2026-06-23 18:00:00,Hostel A,44.304,28.818,6.843,4.08,0.0,0.881,40.622
2026-06-23 19:00:00,Hostel A,42.607,35.113,6.809,4.08,0.0,0.854,46.856
2026-06-23 20:00:00,Hostel A,40.627,37.517,6.41,4.08,0.0,0.825,48.832
2026-06-23 21:00:00,Hostel A,38.254,33.672,6.757,4.08,0.0,0.886,45.395
2026-06-23 22:00:00,Hostel A,36.376,25.098,6.545,4.08,0.0,0.824,36.547
2026-06-23 23:00:00,Hostel A,35.489,27.339,6.0,4.08,0.0,0.835,38.253
2026-06-24 00:00:00,Hostel A,35.167,23.462,5.792,4.08,0.0,0.821,34.155
2026-06-24 01:00:00,Hostel A,34.14,18.547,6.24,4.08,0.0,0.851,29.718
2026-06-24 02:00:00,Hostel A,31.105,12.865,5.8,4.08,0.0,0.867,23.612
2026-06-24 03:00:00,Hostel A,32.214,19.247,6.276,4.08,0.0,0.884,30.488
2026-06-24 04:00:00,Hostel A,34.409,22.068,6.896,4.08,0.0,0.852,33.896
2026-06-24 05:00:00,Hostel A,33.883,24.107,6.918,4.08,0.0,0.897,36.002
2026-06-24 06:00:00,Hostel A,33.34,19.949,5.761,4.08,0.0,0.864,30.653
2026-06-24 07:00:00,Hostel A,38.356,32.707,5.811,0.0,0.0,0.864,39.383
2026-06-24 08:00:00,Hostel A,37.418,25.534,6.669,0.0,0.0,0.826,33.028
2026-06-24 09:00:00,Hostel A,39.384,14.035,2.646,0.0,0.0,0.827,17.508
2026-06-24 10:00:00,Hostel A,40.952,11.534,2.44,0.0,0.0,0.862,14.836
2026-06-24 11:00:00,Hostel A,41.632,13.287,2.826,0.0,0.0,0.875,16.988
2026-06-24 12:00:00,Hostel A,42.515,12.255,2.479,0.0,0.0,0.828,15.563
2026-06-24 13:00:00,Hostel A,46.318,12.879,2.398,0.0,0.0,0.854,16.131
2026-06-24 14:00:00,Hostel A,45.799,13.563,2.793,0.0,0.0,0.842,17.197
2026-06-24 15:00:00,Hostel A,45.822,11.093,2.71,0.0,0.0,0.849,14.652
2026-06-24 16:00:00,Hostel A,45.372,12.37,2.584,0.0,0.0,0.83,15.784
2026-06-24 17:00:00,Hostel A,43.193,15.701,2.759,0.0,0.0,0.823,19.283
2026-06-24 18:00:00,Hostel A,44.52,27.434,7.013,4.08,0.0,0.839,39.366
2026-06-24 19:00:00,Hostel A,41.157,30.44,5.761,4.08,0.0,0.888,41.169
2026-06-24 20:00:00,Hostel A,40.836,30.463,6.608,4.08,0.0,0.882,42.034
2026-06-24 21:00:00,Hostel A,37.361,29.47,6.024,4.08,0.0,0.819,40.393
2026-06-24 22:00:00,Hostel A,35.406,27.147,6.389,4.08,0.0,0.818,38.434
2026-06-24 23:00:00,Hostel A,36.318,25.467,6.317,4.08,0.0,0.854,36.719
2026-06-25 00:00:00,Hostel A,33.948,21.233,6.269,4.08,0.0,0.835,32.417
2026-06-25 01:00:00,Hostel A,31.815,16.56,5.984,4.08,0.0,0.884,27.508
2026-06-25 02:00:00,Hostel A,33.745,19.668,6.858,4.08,0.0,0.854,31.46
2026-06-25 03:00:00,Hostel A,35.12,28.623,6.254,4.08,0.0,0.887,39.844
2026-06-25 04:00:00,Hostel A,34.594,27.226,6.979,4.08,0.0,0.82,39.105
2026-06-25 05:00:00,Hostel A,33.547,17.702,6.218,4.08,0.0,0.897,28.898
2026-06-25 06:00:00,Hostel A,34.766,22.442,6.911,4.08,0.0,0.879,34.312
2026-06-25 07:00:00,Hostel A,36.888,26.458,6.489,0.0,0.0,0.876,33.824
2026-06-25 08:00:00,Hostel A,38.569,28.918,6.263,0.0,0.0,0.895,36.076
2026-06-25 09:00:00,Hostel A,38.656,13.345,2.766,0.0,0.0,0.852,16.963
2026-06-25 10:00:00,Hostel A,40.587,13.689,2.815,0.0,0.0,0.823,17.327
2026-06-25 11:00:00,Hostel A,42.301,13.036,2.636,0.0,0.0,0.855,16.527
2026-06-25 12:00:00,Hostel A,43.797,12.313,2.602,0.0,0.0,0.883,15.798
2026-06-25 13:00:00,Hostel A,44.063,12.341,2.692,0.0,0.0,0.887,15.92
2026-06-25 14:00:00,Hostel A,44.675,15.713,2.696,0.0,0.0,0.854,19.263
2026-06-25 15:00:00,Hostel A,46.38,15.389,2.602,0.0,0.0,0.876,18.867
2026-06-25 16:00:00,Hostel A,46.005,11.384,2.798,0.0,0.0,0.832,15.013
2026-06-25 17:00:00,Hostel A,44.674,14.127,2.587,0.0,0.0,0.831,17.545
2026-06-25 18:00:00,Hostel A,44.962,32.018,6.359,4.08,0.0,0.863,43.319
2026-06-25 19:00:00,Hostel A,41.614,34.679,6.576,4.08,0.0,0.848,46.183
2026-06-25 20:00:00,Hostel A,42.176,33.625,7.121,4.08,0.0,0.824,45.651
2026-06-25 21:00:00,Hostel A,39.543,36.979,6.084,4.08,0.0,0.879,48.022
2026-06-25 22:00:00,Hostel A,40.718,27.544,6.043,4.08,0.0,0.858,38.525
2026-06-25 23:00:00,Hostel A,34.808,22.596,5.965,4.08,0.0,0.857,33.498
2026-06-26 00:00:00,Hostel A,34.068,25.605,6.697,4.08,0.0,0.827,37.208
2026-06-26 01:00:00,Hostel A,34.223,19.78,6.353,4.08,0.0,0.832,31.045
2026-06-26 02:00:00,Hostel A,33.602,17.887,6.267,4.08,0.0,0.872,29.106
2026-06-26 03:00:00,Hostel A,34.95,26.209,6.003,4.08,0.0,0.887,37.179
2026-06-26 04:00:00,Hostel A,32.536,19.443,6.985,4.08,0.0,0.826,31.333
2026-06-26 05:00:00,Hostel A,34.709,25.03,6.345,4.08,0.0,0.883,36.338
2026-06-26 06:00:00,Hostel A,35.92,29.496,6.58,4.08,0.0,0.881,41.037
2026-06-26 07:00:00,Hostel A,36.705,30.986,5.873,0.0,0.0,0.883,37.742
2026-06-26 08:00:00,Hostel A,36.486,24.759,5.866,0.0,0.0,0.862,31.487
2026-06-26 09:00:00,Hostel A,40.408,13.899,2.392,0.0,0.0,0.842,17.132
2026-06-26 10:00:00,Hostel A,41.782,14.696,2.568,0.0,0.0,0.879,18.143
2026-06-26 11:00:00,Hostel A,42.6,15.115,2.63,0.0,0.0,0.853,18.598
2026-06-26 12:00:00,Hostel A,43.447,12.188,2.496,0.0,0.0,0.83,15.514
2026-06-26 13:00:00,Hostel A,44.422,11.627,2.558,0.0,0.0,0.846,15.031
2026-06-26 14:00:00,Hostel A,44.717,14.716,2.356,0.0,0.0,0.851,17.923
2026-06-26 15:00:00,Hostel A,45.641,12.237,2.558,0.0,0.0,0.855,15.651
2026-06-26 16:00:00,Hostel A,44.827,11.176,2.422,0.0,0.0,0.891,14.489
2026-06-26 17:00:00,Hostel A,43.348,14.924,2.427,0.0,0.0,0.847,18.199
2026-06-26 18:00:00,Hostel A,42.194,32.581,5.718,4.08,0.0,0.836,43.215
2026-06-26 19:00:00,Hostel A,41.248,30.523,6.706,4.08,0.0,0.897,42.206
2026-06-26 20:00:00,Hostel A,40.775,26.906,7.042,4.08,0.0,0.832,38.86
2026-06-26 21:00:00,Hostel A,38.973,27.18,6.6,4.08,0.0,0.811,38.671
2026-06-26 22:00:00,Hostel A,37.662,34.861,5.849,4.08,0.0,0.886,45.677
2026-06-26 23:00:00,Hostel A,36.501,28.347,7.125,4.08,0.0,0.896,40.448
2026-06-27 00:00:00,Hostel A,34.13,16.409,6.039,3.468,0.0,0.871,26.787
2026-06-27 01:00:00,Hostel A,35.27,20.281,5.424,3.468,0.0,0.847,30.02
2026-06-27 02:00:00,Hostel A,32.937,14.088,4.986,3.468,0.0,0.859,23.401
2026-06-27 03:00:00,Hostel A,32.567,13.056,5.73,3.468,0.0,0.885,23.139
2026-06-27 04:00:00,Hostel A,33.687,16.305,6.022,3.468,0.0,0.89,26.685
2026-06-27 05:00:00,Hostel A,31.967,13.983,5.8,3.468,0.0,0.819,24.07
2026-06-27 06:00:00,Hostel A,33.967,16.469,5.613,3.468,0.0,0.888,26.438
2026-06-27 07:00:00,Hostel A,36.981,23.894,5.597,0.0,0.0,0.866,30.356
2026-06-27 08:00:00,Hostel A,35.71,22.187,6.042,0.0,0.0,0.813,29.042
2026-06-27 09:00:00,Hostel A,40.118,11.058,2.036,0.0,0.0,0.82,13.914
2026-06-27 10:00:00,Hostel A,42.064,9.888,2.074,0.0,0.0,0.814,12.776
2026-06-27 11:00:00,Hostel A,41.631,9.527,2.414,0.0,0.0,0.895,12.837
2026-06-27 12:00:00,Hostel A,43.534,9.514,2.072,0.0,0.0,0.848,12.434
2026-06-27 13:00:00,Hostel A,45.315,10.778,2.191,0.0,0.0,0.874,13.843
2026-06-27 14:00:00,Hostel A,44.329,12.258,2.14,0.0,0.0,0.81,15.208
2026-06-27 15:00:00,Hostel A,45.868,9.898,2.121,0.0,0.0,0.881,12.901
2026-06-27 16:00:00,Hostel A,44.124,12.532,2.012,0.0,0.0,0.853,15.397
2026-06-27 17:00:00,Hostel A,43.719,12.246,2.282,0.0,0.0,0.893,15.421
2026-06-27 18:00:00,Hostel A,42.443,22.797,5.342,3.468,0.0,0.857,32.464
2026-06-27 19:00:00,Hostel A,42.343,23.02,5.525,3.468,0.0,0.881,32.893
2026-06-27 20:00:00,Hostel A,41.711,24.661,5.225,3.468,0.0,0.867,34.221
2026-06-27 21:00:00,Hostel A,38.816,23.306,5.998,3.468,0.0,0.857,33.629
2026-06-27 22:00:00,Hostel A,36.176,23.694,5.573,3.468,0.0,0.895,33.63
2026-06-27 23:00:00,Hostel A,34.917,17.199,6.022,3.468,0.0,0.855,27.544
2026-06-28 00:00:00,Hostel A,35.152,23.328,5.28,3.468,0.0,0.89,32.966
2026-06-28 01:00:00,Hostel A,35.648,22.164,4.858,3.468,0.0,0.813,31.303
2026-06-28 02:00:00,Hostel A,33.598,18.906,5.804,3.468,0.0,0.869,29.047
2026-06-28 03:00:00,Hostel A,32.613,16.577,5.859,3.468,0.0,0.892,26.797
2026-06-28 04:00:00,Hostel A,33.971,18.4,4.926,3.468,0.0,0.891,27.685
2026-06-28 05:00:00,Hostel A,33.564,20.036,5.614,3.468,0.0,0.854,29.972
2026-06-28 06:00:00,Hostel A,34.379,22.636,5.658,3.468,0.0,0.852,32.614
2026-06-28 07:00:00,Hostel A,35.042,19.788,5.032,0.0,0.0,0.883,25.703
2026-06-28 08:00:00,Hostel A,38.856,23.986,5.526,0.0,0.0,0.84,30.352
2026-06-28 09:00:00,Hostel A,36.461,9.441,2.121,0.0,0.0,0.894,12.456
2026-06-28 10:00:00,Hostel A,41.351,10.268,2.007,0.0,0.0,0.833,13.108
2026-06-28 11:00:00,Hostel A,41.536,11.504,2.432,0.0,0.0,0.817,14.753
2026-06-28 12:00:00,Hostel A,42.832,10.891,2.245,0.0,0.0,0.879,14.015
2026-06-28 13:00:00,Hostel A,45.888,11.301,2.39,0.0,0.0,0.846,14.537
2026-06-28 14:00:00,Hostel A,44.081,12.436,2.361,0.0,0.0,0.842,15.639
2026-06-28 15:00:00,Hostel A,44.32,10.472,2.496,0.0,0.0,0.839,13.807
2026-06-28 16:00:00,Hostel A,44.665,11.53,2.218,0.0,0.0,0.898,14.646
2026-06-28 17:00:00,Hostel A,44.61,10.717,2.213,0.0,0.0,0.861,13.792
2026-06-28 18:00:00,Hostel A,42.801,30.415,5.197,3.468,0.0,0.899,39.98
2026-06-28 19:00:00,Hostel A,40.426,28.997,5.614,3.468,0.0,0.841,38.92
2026-06-28 20:00:00,Hostel A,39.687,22.842,5.445,3.468,0.0,0.847,32.602
2026-06-28 21:00:00,Hostel A,40.281,29.197,5.74,3.468,0.0,0.829,39.234
2026-06-28 22:00:00,Hostel A,37.522,23.446,5.288,3.468,0.0,0.849,33.05
2026-06-28 23:00:00,Hostel A,36.451,25.975,5.014,3.468,0.0,0.816,35.273
2026-06-29 00:00:00,Hostel A,34.496,23.566,6.944,4.08,0.0,0.81,35.399
2026-06-29 01:00:00,Hostel A,33.144,18.684,6.894,4.08,0.0,0.851,30.509
2026-06-29 02:00:00,Hostel A,34.882,25.713,6.213,4.08,0.0,0.877,36.883
2026-06-29 03:00:00,Hostel A,32.812,20.779,6.698,4.08,0.0,0.849,32.406
2026-06-29 04:00:00,Hostel A,32.761,20.12,6.415,4.08,0.0,0.857,31.472
2026-06-29 05:00:00,Hostel A,34.9,24.5,6.799,4.08,0.0,0.85,36.228
2026-06-29 06:00:00,Hostel A,34.035,23.481,6.269,4.08,0.0,0.857,34.687
2026-06-29 07:00:00,Hostel A,35.405,24.708,6.477,0.0,0.0,0.88,32.065
2026-06-29 08:00:00,Hostel A,37.457,34.209,5.795,0.0,0.0,0.882,40.886
2026-06-29 09:00:00,Hostel A,39.0,14.942,2.455,0.0,0.0,0.885,18.283
2026-06-29 10:00:00,Hostel A,40.813,11.674,2.812,0.0,0.0,0.829,15.315
2026-06-29 11:00:00,Hostel A,44.092,12.15,2.576,0.0,0.0,0.851,15.577
2026-06-29 12:00:00,Hostel A,43.579,12.301,2.373,0.0,0.0,0.885,15.558
2026-06-29 13:00:00,Hostel A,41.818,11.81,2.451,0.0,0.0,0.895,15.155
2026-06-29 14:00:00,Hostel A,45.122,12.88,2.594,0.0,0.0,0.859,16.333
2026-06-29 15:00:00,Hostel A,45.038,11.937,2.774,0.0,0.0,0.854,15.566
2026-06-29 16:00:00,Hostel A,44.839,13.839,2.566,0.0,0.0,0.879,17.283
2026-06-29 17:00:00,Hostel A,44.442,11.505,2.79,0.0,0.0,0.899,15.195
2026-06-29 18:00:00,Hostel A,43.214,29.872,6.937,4.08,0.0,0.848,41.738
2026-06-29 19:00:00,Hostel A,41.947,34.412,6.199,4.08,0.0,0.825,45.516
2026-06-29 20:00:00,Hostel A,41.166,31.348,6.855,4.08,0.0,0.885,43.168
2026-06-29 21:00:00,Hostel A,38.458,31.611,5.893,4.08,0.0,0.874,42.458
2026-06-29 22:00:00,Hostel A,36.499,31.438,6.305,4.08,0.0,0.823,42.646
2026-06-29 23:00:00,Hostel A,39.024,38.072,5.851,4.08,0.0,0.839,48.843
2026-06-30 00:00:00,Hostel A,34.042,22.288,5.787,4.08,0.0,0.86,33.015
2026-06-30 01:00:00,Hostel A,33.904,18.233,5.804,4.08,0.0,0.876,28.993
2026-06-30 02:00:00,Hostel A,31.709,13.299,5.862,4.08,0.0,0.88,24.121
2026-06-30 03:00:00,Hostel A,33.116,22.469,6.905,4.08,0.0,0.824,34.279
2026-06-30 04:00:00,Hostel A,32.271,18.066,6.488,4.08,0.0,0.83,29.464
2026-06-30 05:00:00,Hostel A,33.361,21.722,7.065,4.08,0.0,0.877,33.744
2026-06-30 06:00:00,Hostel A,35.802,28.206,6.48,4.08,0.0,0.82,39.587
2026-06-30 07:00:00,Hostel A,36.472,25.164,6.61,0.0,0.0,0.855,32.629
2026-06-30 08:00:00,Hostel A,38.015,31.92,5.975,0.0,0.0,0.859,38.755
2026-06-30 09:00:00,Hostel A,37.229,13.845,2.67,0.0,0.0,0.841,17.355
2026-06-30 10:00:00,Hostel A,42.39,15.119,2.579,0.0,0.0,0.882,18.579
2026-06-30 11:00:00,Hostel A,40.808,12.146,2.9,0.0,0.0,0.815,15.861
2026-06-30 12:00:00,Hostel A,44.771,13.841,2.901,0.0,0.0,0.88,17.622
2026-06-30 13:00:00,Hostel A,45.218,11.767,2.469,0.0,0.0,0.868,15.104
2026-06-30 14:00:00,Hostel A,45.373,15.553,2.717,0.0,0.0,0.856,19.125
2026-06-30 15:00:00,Hostel A,44.145,12.217,2.727,0.0,0.0,0.889,15.832
2026-06-30 16:00:00,Hostel A,44.947,14.458,2.683,0.0,0.0,0.828,17.969
2026-06-30 17:00:00,Hostel A,43.725,12.117,2.425,0.0,0.0,0.882,15.424
2026-06-30 18:00:00,Hostel A,43.272,33.844,6.646,4.08,0.0,0.827,45.397
2026-06-30 19:00:00,Hostel A,41.75,34.34,6.853,4.08,0.0,0.899,46.172
2026-06-30 20:00:00,Hostel A,38.514,30.544,6.205,4.08,0.0,0.813,41.642
2026-06-30 21:00:00,Hostel A,40.122,36.171,6.447,4.08,0.0,0.86,47.558
2026-06-30 22:00:00,Hostel A,37.366,34.983,5.878,4.08,0.0,0.825,45.766
2026-06-30 23:00:00,Hostel A,35.515,29.011,7.041,4.08,0.0,0.847,40.979
2026-01-01 00:00:00,Hostel B,19.167,0.0,8.51,5.1,0.0,1.112,14.722
2026-01-01 01:00:00,Hostel B,19.7,15.401,8.085,8.036,0.0,1.049,32.571
2026-01-01 02:00:00,Hostel B,15.752,15.401,8.199,8.036,0.0,1.014,32.651
2026-01-01 03:00:00,Hostel B,18.735,15.401,7.827,8.036,0.0,1.111,32.376
2026-01-01 04:00:00,Hostel B,17.491,15.401,8.409,8.036,0.0,1.02,32.866
2026-01-01 05:00:00,Hostel B,18.089,15.401,7.203,8.036,12.102,1.039,43.781
2026-01-01 06:00:00,Hostel B,21.715,0.0,8.017,5.1,13.052,1.074,27.242
2026-01-01 07:00:00,Hostel B,20.469,0.0,7.902,0.0,12.857,1.104,21.864
2026-01-01 08:00:00,Hostel B,23.403,0.0,8.472,0.0,12.255,1.1,21.828
2026-01-01 09:00:00,Hostel B,24.279,0.0,3.135,0.0,0.0,1.089,4.225
2026-01-01 10:00:00,Hostel B,25.936,0.0,3.112,0.0,0.0,1.106,4.218
2026-01-01 11:00:00,Hostel B,26.749,1.146,3.175,0.0,0.0,1.09,5.41
2026-01-01 12:00:00,Hostel B,27.94,2.982,3.293,0.0,0.0,1.084,7.359
2026-01-01 13:00:00,Hostel B,30.724,5.516,3.094,0.0,0.0,1.031,9.642
2026-01-01 14:00:00,Hostel B,30.726,6.063,3.443,0.0,0.0,1.062,10.568
2026-01-01 15:00:00,Hostel B,29.5,4.416,3.184,0.0,0.0,1.063,8.663
2026-01-01 16:00:00,Hostel B,28.75,4.103,3.25,0.0,0.0,1.015,8.368
2026-01-01 17:00:00,Hostel B,28.612,3.878,3.35,0.0,0.0,1.058,8.286
2026-01-01 18:00:00,Hostel B,29.224,10.137,7.813,5.1,0.0,1.038,24.088
2026-01-01 19:00:00,Hostel B,28.179,8.143,8.392,5.1,0.0,1.023,22.657
2026-01-01 20:00:00,Hostel B,26.108,0.341,8.311,5.1,0.0,1.074,14.826
2026-01-01 21:00:00,Hostel B,22.383,0.0,8.491,5.1,0.0,1.039,14.63
2026-01-01 22:00:00,Hostel B,23.201,0.0,8.074,5.1,0.0,1.034,14.207
2026-01-01 23:00:00,Hostel B,22.304,0.0,7.796,5.1,0.0,1.101,13.997
2026-01-02 00:00:00,Hostel B,19.931,0.0,7.499,5.1,0.0,1.104,13.703
2026-01-02 01:00:00,Hostel B,20.784,17.326,7.92,8.936,0.0,1.087,35.268
2026-01-02 02:00:00,Hostel B,16.883,17.326,8.698,8.936,0.0,1.034,35.994
2026-01-02 03:00:00,Hostel B,18.685,17.326,7.356,8.936,0.0,1.084,34.701
2026-01-02 04:00:00,Hostel B,17.184,17.326,7.524,8.936,0.0,1.093,34.879
2026-01-02 05:00:00,Hostel B,19.862,17.326,8.327,8.936,19.262,1.039,54.89
2026-01-02 06:00:00,Hostel B,20.37,0.0,8.166,5.1,16.603,1.027,30.897
2026-01-02 07:00:00,Hostel B,22.801,0.0,8.775,0.0,15.203,1.061,25.039
2026-01-02 08:00:00,Hostel B,22.947,0.0,7.192,0.0,19.604,1.06,27.857
2026-01-02 09:00:00,Hostel B,23.596,0.0,3.586,0.0,0.0,1.03,4.615
2026-01-02 10:00:00,Hostel B,25.062,0.0,3.473,0.0,0.0,1.034,4.507
2026-01-02 11:00:00,Hostel B,26.75,0.974,3.51,0.0,0.0,1.069,5.553
2026-01-02 12:00:00,Hostel B,27.732,2.596,3.218,0.0,0.0,1.072,6.886
2026-01-02 13:00:00,Hostel B,30.543,5.983,3.166,0.0,0.0,1.073,10.222
2026-01-02 14:00:00,Hostel B,31.071,7.874,2.951,0.0,0.0,1.123,11.947
2026-01-02 15:00:00,Hostel B,28.503,3.446,3.519,0.0,0.0,1.017,7.982
2026-01-02 16:00:00,Hostel B,29.834,5.59,3.059,0.0,0.0,1.101,9.75
2026-01-02 17:00:00,Hostel B,29.259,5.263,3.106,0.0,0.0,1.052,9.421
2026-01-02 18:00:00,Hostel B,27.461,4.855,7.634,5.1,0.0,1.097,18.686
2026-01-02 19:00:00,Hostel B,27.438,4.304,8.692,5.1,0.0,1.095,19.192
2026-01-02 20:00:00,Hostel B,27.014,3.494,7.654,5.1,0.0,1.082,17.33
2026-01-02 21:00:00,Hostel B,24.892,0.0,7.9,5.1,0.0,1.084,14.083
2026-01-02 22:00:00,Hostel B,23.794,0.0,8.474,5.1,0.0,1.087,14.661
2026-01-02 23:00:00,Hostel B,20.282,0.0,8.733,5.1,0.0,1.097,14.929
2026-01-03 00:00:00,Hostel B,19.794,0.0,7.269,4.335,0.0,1.027,12.632
2026-01-03 01:00:00,Hostel B,18.038,15.983,6.881,6.831,0.0,1.053,30.748
2026-01-03 02:00:00,Hostel B,18.444,15.983,6.072,6.831,0.0,1.107,29.993
2026-01-03 03:00:00,Hostel B,18.329,15.983,6.308,6.831,0.0,1.074,30.196
2026-01-03 04:00:00,Hostel B,19.164,15.983,6.454,6.831,0.0,1.028,30.295
2026-01-03 05:00:00,Hostel B,20.117,15.983,6.697,6.831,17.398,1.121,48.029
2026-01-03 06:00:00,Hostel B,20.446,0.0,6.619,4.335,13.876,1.124,25.953
2026-01-03 07:00:00,Hostel B,20.14,0.0,6.849,0.0,12.605,1.07,20.525
2026-01-03 08:00:00,Hostel B,21.095,0.0,6.694,0.0,16.747,1.072,24.514
2026-01-03 09:00:00,Hostel B,24.52,0.0,2.953,0.0,0.0,1.045,3.998
2026-01-03 10:00:00,Hostel B,27.053,1.126,2.532,0.0,0.0,1.071,4.729
2026-01-03 11:00:00,Hostel B,26.975,1.098,3.12,0.0,0.0,1.121,5.34
2026-01-03 12:00:00,Hostel B,26.715,0.746,3.026,0.0,0.0,1.041,4.812
2026-01-03 13:00:00,Hostel B,31.281,5.234,2.708,0.0,0.0,1.047,8.989
2026-01-03 14:00:00,Hostel B,30.285,4.73,2.747,0.0,0.0,1.113,8.591
2026-01-03 15:00:00,Hostel B,30.171,4.661,3.101,0.0,0.0,1.056,8.818
2026-01-03 16:00:00,Hostel B,28.628,3.457,3.084,0.0,0.0,1.122,7.662
2026-01-03 17:00:00,Hostel B,29.212,3.721,2.745,0.0,0.0,1.052,7.518
2026-01-03 18:00:00,Hostel B,28.93,9.138,6.159,4.335,0.0,1.013,20.645
2026-01-03 19:00:00,Hostel B,27.503,4.687,7.568,4.335,0.0,1.12,17.71
2026-01-03 20:00:00,Hostel B,24.873,0.0,7.061,4.335,0.0,1.039,12.435
2026-01-03 21:00:00,Hostel B,23.943,0.0,7.12,4.335,0.0,1.091,12.546
2026-01-03 22:00:00,Hostel B,21.831,0.0,6.486,4.335,0.0,1.018,11.838
2026-01-03 23:00:00,Hostel B,22.664,0.0,7.311,4.335,0.0,1.097,12.743
2026-01-04 00:00:00,Hostel B,20.652,0.0,6.915,4.335,0.0,1.037,12.287
2026-01-04 01:00:00,Hostel B,18.28,0.0,6.782,4.335,0.0,1.103,12.22
2026-01-04 02:00:00,Hostel B,17.036,0.0,7.194,4.335,0.0,1.121,12.65
2026-01-04 03:00:00,Hostel B,18.278,0.0,6.633,4.335,0.0,1.018,11.986
2026-01-04 04:00:00,Hostel B,17.712,0.0,6.721,4.335,0.0,1.054,12.109
2026-01-04 05:00:00,Hostel B,18.386,0.0,7.059,4.335,12.642,1.093,25.128
2026-01-04 06:00:00,Hostel B,18.622,0.0,7.039,4.335,14.297,1.125,26.796
2026-01-04 07:00:00,Hostel B,19.989,0.0,7.543,0.0,14.615,1.053,23.211
2026-01-04 08:00:00,Hostel B,22.61,0.0,6.923,0.0,16.599,1.124,24.647
2026-01-04 09:00:00,Hostel B,23.733,0.0,2.7,0.0,0.0,1.114,3.813
2026-01-04 10:00:00,Hostel B,28.049,2.619,2.679,0.0,0.0,1.093,6.391
2026-01-04 11:00:00,Hostel B,27.594,1.875,2.833,0.0,0.0,1.055,5.763
2026-01-04 12:00:00,Hostel B,27.091,1.277,2.574,0.0,0.0,1.073,4.924
2026-01-04 13:00:00,Hostel B,27.661,2.088,2.866,0.0,0.0,1.094,6.048
2026-01-04 14:00:00,Hostel B,30.194,4.687,2.743,0.0,0.0,1.09,8.52
2026-01-04 15:00:00,Hostel B,29.603,5.025,2.719,0.0,0.0,1.045,8.788
2026-01-04 16:00:00,Hostel B,31.127,6.688,2.619,0.0,0.0,1.075,10.382
2026-01-04 17:00:00,Hostel B,29.478,4.328,2.809,0.0,0.0,1.106,8.243
2026-01-04 18:00:00,Hostel B,26.26,0.798,6.126,4.335,0.0,1.066,12.325
2026-01-04 19:00:00,Hostel B,25.981,0.0,6.99,4.335,0.0,1.076,12.401
2026-01-04 20:00:00,Hostel B,24.878,0.0,6.502,4.335,0.0,1.049,11.887
2026-01-04 21:00:00,Hostel B,24.442,0.0,7.442,4.335,0.0,1.031,12.808
2026-01-04 22:00:00,Hostel B,21.394,0.0,6.868,4.335,0.0,1.02,12.223
2026-01-04 23:00:00,Hostel B,21.153,0.0,7.253,4.335,0.0,1.058,12.647
2026-01-05 00:00:00,Hostel B,18.421,0.0,8.659,5.1,0.0,1.084,14.843
2026-01-05 01:00:00,Hostel B,18.81,11.09,8.709,8.978,0.0,1.098,29.876
2026-01-05 02:00:00,Hostel B,18.574,11.09,8.694,8.978,0.0,1.022,29.785
2026-01-05 03:00:00,Hostel B,19.462,11.09,7.542,8.978,0.0,1.048,28.659
2026-01-05 04:00:00,Hostel B,18.45,11.09,7.681,8.978,0.0,1.103,28.854
2026-01-05 05:00:00,Hostel B,17.987,11.09,8.404,8.978,18.098,1.025,47.596
2026-01-05 06:00:00,Hostel B,21.25,0.0,8.1,5.1,16.83,1.124,31.154
2026-01-05 07:00:00,Hostel B,20.817,0.0,8.228,0.0,13.716,1.084,23.027
2026-01-05 08:00:00,Hostel B,23.221,0.0,8.35,0.0,15.695,1.118,25.163
2026-01-05 09:00:00,Hostel B,23.387,0.0,3.024,0.0,0.0,1.095,4.119
2026-01-05 10:00:00,Hostel B,25.644,0.0,3.064,0.0,0.0,1.121,4.185
2026-01-05 11:00:00,Hostel B,26.199,0.301,3.409,0.0,0.0,1.087,4.798
2026-01-05 12:00:00,Hostel B,28.565,3.707,3.4,0.0,0.0,1.043,8.149
2026-01-05 13:00:00,Hostel B,30.0,5.371,3.541,0.0,0.0,1.103,10.014
2026-01-05 14:00:00,Hostel B,29.301,5.396,3.45,0.0,0.0,1.038,9.884
2026-01-05 15:00:00,Hostel B,29.449,5.455,3.093,0.0,0.0,1.076,9.623
2026-01-05 16:00:00,Hostel B,30.152,6.446,2.992,0.0,0.0,1.054,10.492
2026-01-05 17:00:00,Hostel B,28.371,2.992,3.227,0.0,0.0,1.102,7.321
2026-01-05 18:00:00,Hostel B,26.725,2.128,7.803,5.1,0.0,1.098,16.129
2026-01-05 19:00:00,Hostel B,27.353,4.062,8.51,5.1,0.0,1.11,18.781
2026-01-05 20:00:00,Hostel B,25.445,0.0,8.339,5.1,0.0,1.04,14.479
2026-01-05 21:00:00,Hostel B,23.871,0.0,8.697,5.1,0.0,1.125,14.922
2026-01-05 22:00:00,Hostel B,22.968,0.0,8.04,5.1,0.0,1.103,14.243
2026-01-05 23:00:00,Hostel B,21.661,0.0,7.655,5.1,0.0,1.056,13.811
2026-01-06 00:00:00,Hostel B,19.596,0.0,8.04,5.1,0.0,1.027,14.167
2026-01-06 01:00:00,Hostel B,17.681,0.0,7.525,5.1,0.0,1.052,13.676
2026-01-06 02:00:00,Hostel B,17.566,0.0,7.248,5.1,0.0,1.024,13.372
2026-01-06 03:00:00,Hostel B,18.585,0.0,8.032,5.1,0.0,1.082,14.214
2026-01-06 04:00:00,Hostel B,18.341,0.0,7.878,5.1,0.0,1.025,14.003
2026-01-06 05:00:00,Hostel B,18.254,0.0,7.198,5.1,12.989,1.061,26.347
2026-01-06 06:00:00,Hostel B,18.973,0.0,8.427,5.1,15.27,1.088,29.885
2026-01-06 07:00:00,Hostel B,21.618,0.0,8.29,0.0,16.699,1.063,26.052
2026-01-06 08:00:00,Hostel B,22.225,0.0,7.272,0.0,14.034,1.112,22.417
2026-01-06 09:00:00,Hostel B,24.753,0.0,3.462,0.0,0.0,1.04,4.501
2026-01-06 10:00:00,Hostel B,26.432,0.662,3.001,0.0,0.0,1.071,4.735
2026-01-06 11:00:00,Hostel B,26.687,0.827,3.32,0.0,0.0,1.115,5.263
2026-01-06 12:00:00,Hostel B,29.192,4.35,3.397,0.0,0.0,1.052,8.8
2026-01-06 13:00:00,Hostel B,29.335,5.237,3.307,0.0,0.0,1.066,9.609
2026-01-06 14:00:00,Hostel B,30.063,6.077,3.489,0.0,0.0,1.117,10.684
2026-01-06 15:00:00,Hostel B,27.811,2.217,3.223,0.0,0.0,1.069,6.509
2026-01-06 16:00:00,Hostel B,28.825,4.294,3.097,0.0,0.0,1.11,8.5
2026-01-06 17:00:00,Hostel B,28.279,3.367,3.298,0.0,0.0,1.118,7.782
2026-01-06 18:00:00,Hostel B,27.924,5.975,7.751,5.1,0.0,1.041,19.867
2026-01-06 19:00:00,Hostel B,27.114,3.566,7.41,5.1,0.0,1.101,17.177
2026-01-06 20:00:00,Hostel B,25.708,0.0,7.981,5.1,0.0,1.086,14.167
2026-01-06 21:00:00,Hostel B,24.286,0.0,7.5,5.1,0.0,1.124,13.723
2026-01-06 22:00:00,Hostel B,21.762,0.0,7.979,5.1,0.0,1.078,14.158
2026-01-06 23:00:00,Hostel B,21.691,0.0,8.198,5.1,0.0,1.102,14.399
2026-01-07 00:00:00,Hostel B,21.567,0.0,8.536,5.1,0.0,1.051,14.688
2026-01-07 01:00:00,Hostel B,18.451,16.683,8.663,7.68,0.0,1.081,34.107
2026-01-07 02:00:00,Hostel B,17.541,16.683,8.333,7.68,0.0,1.1,33.796
2026-01-07 03:00:00,Hostel B,17.315,16.683,8.735,7.68,0.0,1.121,34.219
2026-01-07 04:00:00,Hostel B,18.29,16.683,8.136,7.68,0.0,1.041,33.54
2026-01-07 05:00:00,Hostel B,18.278,16.683,8.408,7.68,13.046,1.021,46.839
2026-01-07 06:00:00,Hostel B,18.027,0.0,8.515,5.1,14.34,1.122,29.078
2026-01-07 07:00:00,Hostel B,19.543,0.0,8.612,0.0,16.285,1.08,25.978
2026-01-07 08:00:00,Hostel B,23.467,0.0,8.482,0.0,14.114,1.014,23.611
2026-01-07 09:00:00,Hostel B,25.282,0.0,3.603,0.0,0.0,1.071,4.674
2026-01-07 10:00:00,Hostel B,27.153,1.571,3.288,0.0,0.0,1.118,5.976
2026-01-07 11:00:00,Hostel B,27.226,1.456,3.641,0.0,0.0,1.123,6.221
2026-01-07 12:00:00,Hostel B,27.252,1.913,3.234,0.0,0.0,1.049,6.196
2026-01-07 13:00:00,Hostel B,28.758,3.319,2.992,0.0,0.0,1.1,7.411
2026-01-07 14:00:00,Hostel B,28.304,3.028,3.074,0.0,0.0,1.064,7.166
2026-01-07 15:00:00,Hostel B,28.47,3.555,3.35,0.0,0.0,1.057,7.962
2026-01-07 16:00:00,Hostel B,30.051,5.711,2.951,0.0,0.0,1.098,9.76
2026-01-07 17:00:00,Hostel B,29.735,5.932,3.056,0.0,0.0,1.043,10.03
2026-01-07 18:00:00,Hostel B,30.201,15.025,7.808,5.1,0.0,1.06,28.993
2026-01-07 19:00:00,Hostel B,26.917,3.422,8.254,5.1,0.0,1.04,17.817
2026-01-07 20:00:00,Hostel B,24.195,0.0,7.436,5.1,0.0,1.029,13.564
2026-01-07 21:00:00,Hostel B,23.878,0.0,8.166,5.1,0.0,1.055,14.321
2026-01-07 22:00:00,Hostel B,22.165,0.0,8.324,5.1,0.0,1.12,14.544
2026-01-07 23:00:00,Hostel B,20.509,0.0,8.503,5.1,0.0,1.06,14.663
2026-01-08 00:00:00,Hostel B,20.101,0.0,8.319,5.1,0.0,1.089,14.508
2026-01-08 01:00:00,Hostel B,17.589,12.961,7.586,8.515,0.0,1.045,30.107
2026-01-08 02:00:00,Hostel B,18.335,12.961,8.92,8.515,0.0,1.11,31.506
2026-01-08 03:00:00,Hostel B,18.652,12.961,8.726,8.515,0.0,1.083,31.284
2026-01-08 04:00:00,Hostel B,19.624,12.961,7.807,8.515,0.0,1.119,30.402
2026-01-08 05:00:00,Hostel B,19.114,12.961,7.192,8.515,17.391,1.049,47.108
2026-01-08 06:00:00,Hostel B,20.8,0.0,8.084,5.1,16.383,1.073,30.64
2026-01-08 07:00:00,Hostel B,20.556,0.0,8.684,0.0,12.313,1.034,22.031
2026-01-08 08:00:00,Hostel B,22.143,0.0,8.607,0.0,16.109,1.028,25.744
2026-01-08 09:00:00,Hostel B,25.348,0.0,3.6,0.0,0.0,1.078,4.678
2026-01-08 10:00:00,Hostel B,24.181,0.0,3.653,0.0,0.0,1.103,4.755
2026-01-08 11:00:00,Hostel B,26.597,0.784,3.464,0.0,0.0,1.035,5.283
2026-01-08 12:00:00,Hostel B,29.371,4.289,3.059,0.0,0.0,1.092,8.44
2026-01-08 13:00:00,Hostel B,28.985,4.356,2.967,0.0,0.0,1.088,8.411
2026-01-08 14:00:00,Hostel B,29.51,5.346,3.051,0.0,0.0,1.067,9.464
2026-01-08 15:00:00,Hostel B,29.735,5.608,3.088,0.0,0.0,1.099,9.794
2026-01-08 16:00:00,Hostel B,29.913,6.309,2.985,0.0,0.0,1.079,10.373
2026-01-08 17:00:00,Hostel B,30.282,5.144,3.273,0.0,0.0,1.119,9.536
2026-01-08 18:00:00,Hostel B,29.167,10.879,8.539,5.1,0.0,1.098,25.617
2026-01-08 19:00:00,Hostel B,27.011,3.173,7.148,5.1,0.0,1.112,16.532
2026-01-08 20:00:00,Hostel B,26.645,2.43,8.574,5.1,0.0,1.053,17.158
2026-01-08 21:00:00,Hostel B,24.342,0.0,8.792,5.1,0.0,1.104,14.995
2026-01-08 22:00:00,Hostel B,23.306,0.0,7.411,5.1,0.0,1.124,13.635
2026-01-08 23:00:00,Hostel B,19.972,0.0,7.178,5.1,0.0,1.031,13.309
2026-01-09 00:00:00,Hostel B,21.496,0.0,7.996,5.1,0.0,1.07,14.166
2026-01-09 01:00:00,Hostel B,19.024,0.0,8.69,5.1,0.0,1.11,14.9
2026-01-09 02:00:00,Hostel B,15.456,0.0,8.455,5.1,0.0,1.057,14.612
2026-01-09 03:00:00,Hostel B,19.66,0.0,7.202,5.1,0.0,1.07,13.372
2026-01-09 04:00:00,Hostel B,18.209,0.0,8.342,5.1,0.0,1.097,14.538
2026-01-09 05:00:00,Hostel B,18.408,0.0,8.6,5.1,18.966,1.105,33.771
2026-01-09 06:00:00,Hostel B,19.152,0.0,7.624,5.1,15.188,1.035,28.946
2026-01-09 07:00:00,Hostel B,21.44,0.0,8.306,0.0,12.582,1.056,21.945
2026-01-09 08:00:00,Hostel B,21.559,0.0,8.022,0.0,15.663,1.057,24.741
2026-01-09 09:00:00,Hostel B,23.423,0.0,3.091,0.0,0.0,1.03,4.121
2026-01-09 10:00:00,Hostel B,25.0,0.0,3.603,0.0,0.0,1.023,4.625
2026-01-09 11:00:00,Hostel B,26.708,1.021,3.104,0.0,0.0,1.096,5.222
2026-01-09 12:00:00,Hostel B,27.727,2.177,3.558,0.0,0.0,1.108,6.843
2026-01-09 13:00:00,Hostel B,30.049,6.273,3.456,0.0,0.0,1.12,10.848
2026-01-09 14:00:00,Hostel B,30.067,4.674,3.102,0.0,0.0,1.12,8.897
2026-01-09 15:00:00,Hostel B,30.393,6.965,3.463,0.0,0.0,1.124,11.552
2026-01-09 16:00:00,Hostel B,30.406,6.835,2.959,0.0,0.0,1.022,10.816
2026-01-09 17:00:00,Hostel B,29.103,5.045,3.114,0.0,0.0,1.057,9.216
2026-01-09 18:00:00,Hostel B,27.222,3.461,7.649,5.1,0.0,1.022,17.232
2026-01-09 19:00:00,Hostel B,28.805,9.291,8.727,5.1,0.0,1.089,24.207
2026-01-09 20:00:00,Hostel B,26.48,1.437,8.774,5.1,0.0,1.122,16.433
2026-01-09 21:00:00,Hostel B,25.613,0.0,7.624,5.1,0.0,1.017,13.74
2026-01-09 22:00:00,Hostel B,23.482,0.0,7.987,5.1,0.0,1.072,14.159
2026-01-09 23:00:00,Hostel B,20.54,0.0,8.892,5.1,0.0,1.072,15.065
2026-01-10 00:00:00,Hostel B,17.409,0.0,7.079,4.335,0.0,1.031,12.445
2026-01-10 01:00:00,Hostel B,17.575,13.826,6.175,7.394,0.0,1.106,28.501
2026-01-10 02:00:00,Hostel B,18.841,13.826,6.663,7.394,0.0,1.057,28.94
2026-01-10 03:00:00,Hostel B,17.898,13.826,6.708,7.394,0.0,1.06,28.988
2026-01-10 04:00:00,Hostel B,17.785,13.826,6.534,7.394,0.0,1.121,28.875
2026-01-10 05:00:00,Hostel B,16.308,13.826,6.858,7.394,17.479,1.04,46.597
2026-01-10 06:00:00,Hostel B,19.744,0.0,7.186,4.335,14.935,1.056,27.511
2026-01-10 07:00:00,Hostel B,19.918,0.0,7.118,0.0,15.172,1.099,23.389
2026-01-10 08:00:00,Hostel B,21.723,0.0,6.602,0.0,12.306,1.066,19.975
2026-01-10 09:00:00,Hostel B,24.85,0.0,2.959,0.0,0.0,1.08,4.04
2026-01-10 10:00:00,Hostel B,24.524,0.0,2.833,0.0,0.0,1.066,3.899
2026-01-10 11:00:00,Hostel B,26.066,0.092,2.98,0.0,0.0,1.044,4.116
2026-01-10 12:00:00,Hostel B,28.428,2.427,2.57,0.0,0.0,1.031,6.028
2026-01-10 13:00:00,Hostel B,30.069,4.818,2.752,0.0,0.0,1.108,8.678
2026-01-10 14:00:00,Hostel B,29.393,4.466,2.746,0.0,0.0,1.043,8.255
2026-01-10 15:00:00,Hostel B,31.467,5.337,2.719,0.0,0.0,1.125,9.181
2026-01-10 16:00:00,Hostel B,28.517,3.031,2.935,0.0,0.0,1.014,6.98
2026-01-10 17:00:00,Hostel B,27.742,2.181,2.847,0.0,0.0,1.112,6.14
2026-01-10 18:00:00,Hostel B,26.703,1.804,6.654,4.335,0.0,1.119,13.913
2026-01-10 19:00:00,Hostel B,25.348,0.0,6.883,4.335,0.0,1.019,12.237
2026-01-10 20:00:00,Hostel B,25.889,0.0,7.138,4.335,0.0,1.083,12.556
2026-01-10 21:00:00,Hostel B,23.022,0.0,7.093,4.335,0.0,1.101,12.529
2026-01-10 22:00:00,Hostel B,21.037,0.0,7.223,4.335,0.0,1.082,12.64
2026-01-10 23:00:00,Hostel B,21.38,0.0,7.361,4.335,0.0,1.112,12.807
2026-01-11 00:00:00,Hostel B,20.581,0.0,7.191,4.335,0.0,1.027,12.553
2026-01-11 01:00:00,Hostel B,19.855,10.622,6.342,6.651,0.0,1.119,24.734
2026-01-11 02:00:00,Hostel B,19.08,10.622,7.353,6.651,0.0,1.074,25.701
2026-01-11 03:00:00,Hostel B,17.082,10.622,6.573,6.651,0.0,1.051,24.897
2026-01-11 04:00:00,Hostel B,18.481,10.622,7.079,6.651,0.0,1.072,25.424
2026-01-11 05:00:00,Hostel B,19.301,10.622,7.573,6.651,16.006,1.051,41.902
2026-01-11 06:00:00,Hostel B,19.282,0.0,6.516,4.335,12.185,1.064,24.1
2026-01-11 07:00:00,Hostel B,21.165,0.0,6.479,0.0,14.025,1.03,21.535
2026-01-11 08:00:00,Hostel B,21.195,0.0,6.345,0.0,18.71,1.108,26.163
2026-01-11 09:00:00,Hostel B,23.372,0.0,3.114,0.0,0.0,1.056,4.17
2026-01-11 10:00:00,Hostel B,25.925,0.0,2.766,0.0,0.0,1.065,3.831
2026-01-11 11:00:00,Hostel B,28.508,3.37,2.989,0.0,0.0,1.115,7.474
2026-01-11 12:00:00,Hostel B,29.394,4.184,2.53,0.0,0.0,1.115,7.828
2026-01-11 13:00:00,Hostel B,29.857,4.043,2.612,0.0,0.0,1.101,7.755
2026-01-11 14:00:00,Hostel B,29.875,4.886,2.538,0.0,0.0,1.016,8.44
2026-01-11 15:00:00,Hostel B,29.925,4.925,3.009,0.0,0.0,1.114,9.048
2026-01-11 16:00:00,Hostel B,28.348,2.87,2.566,0.0,0.0,1.034,6.47
2026-01-11 17:00:00,Hostel B,28.361,2.567,3.076,0.0,0.0,1.062,6.704
2026-01-11 18:00:00,Hostel B,27.44,4.73,7.076,4.335,0.0,1.114,17.255
2026-01-11 19:00:00,Hostel B,27.575,4.537,7.449,4.335,0.0,1.023,17.345
2026-01-11 20:00:00,Hostel B,26.498,1.331,6.689,4.335,0.0,1.027,13.382
2026-01-11 21:00:00,Hostel B,24.737,0.0,6.867,4.335,0.0,1.077,12.279
2026-01-11 22:00:00,Hostel B,23.63,0.0,6.111,4.335,0.0,1.065,11.511
2026-01-11 23:00:00,Hostel B,21.072,0.0,6.776,4.335,0.0,1.056,12.167
2026-01-12 00:00:00,Hostel B,18.774,0.0,8.194,5.1,0.0,1.104,14.398
2026-01-12 01:00:00,Hostel B,18.754,0.0,7.32,5.1,0.0,1.113,13.533
2026-01-12 02:00:00,Hostel B,17.48,0.0,8.892,5.1,0.0,1.124,15.116
2026-01-12 03:00:00,Hostel B,18.658,0.0,7.148,5.1,0.0,1.026,13.274
2026-01-12 04:00:00,Hostel B,17.845,0.0,7.617,5.1,0.0,1.089,13.806
2026-01-12 05:00:00,Hostel B,18.705,0.0,8.239,5.1,12.546,1.111,26.996
2026-01-12 06:00:00,Hostel B,20.451,0.0,8.028,5.1,15.399,1.04,29.567
2026-01-12 07:00:00,Hostel B,20.259,0.0,7.567,0.0,16.553,1.067,25.187
2026-01-12 08:00:00,Hostel B,23.411,0.0,8.901,0.0,16.812,1.013,26.727
2026-01-12 09:00:00,Hostel B,22.652,0.0,3.079,0.0,0.0,1.028,4.106
2026-01-12 10:00:00,Hostel B,25.859,0.0,3.358,0.0,0.0,1.027,4.384
2026-01-12 11:00:00,Hostel B,26.909,1.059,3.025,0.0,0.0,1.092,5.176
2026-01-12 12:00:00,Hostel B,29.07,4.185,2.981,0.0,0.0,1.083,8.249
2026-01-12 13:00:00,Hostel B,27.822,2.173,3.299,0.0,0.0,1.017,6.488
2026-01-12 14:00:00,Hostel B,28.265,3.116,3.531,0.0,0.0,1.08,7.727
2026-01-12 15:00:00,Hostel B,30.75,6.893,3.331,0.0,0.0,1.02,11.244
2026-01-12 16:00:00,Hostel B,29.405,5.245,3.156,0.0,0.0,1.035,9.436
2026-01-12 17:00:00,Hostel B,29.105,4.407,2.952,0.0,0.0,1.114,8.473
2026-01-12 18:00:00,Hostel B,27.583,5.133,8.819,5.1,0.0,1.063,20.114
2026-01-12 19:00:00,Hostel B,27.913,5.94,7.518,5.1,0.0,1.1,19.658
2026-01-12 20:00:00,Hostel B,25.852,0.0,8.166,5.1,0.0,1.048,14.313
2026-01-12 21:00:00,Hostel B,24.241,0.0,7.168,5.1,0.0,1.025,13.293
2026-01-12 22:00:00,Hostel B,21.277,0.0,7.314,5.1,0.0,1.112,13.526
2026-01-12 23:00:00,Hostel B,21.502,0.0,7.444,5.1,0.0,1.031,13.575
2026-01-13 00:00:00,Hostel B,18.765,0.0,7.34,5.1,0.0,1.052,13.492
2026-01-13 01:00:00,Hostel B,18.145,0.0,8.087,5.1,0.0,1.091,14.279
2026-01-13 02:00:00,Hostel B,16.839,0.0,7.849,5.1,0.0,1.079,14.028
2026-01-13 03:00:00,Hostel B,17.843,0.0,8.57,5.1,0.0,1.117,14.787
2026-01-13 04:00:00,Hostel B,19.269,0.0,7.347,5.1,0.0,1.124,13.571
2026-01-13 05:00:00,Hostel B,19.031,0.0,7.909,5.1,16.282,1.029,30.32
2026-01-13 06:00:00,Hostel B,19.316,0.0,7.904,5.1,19.34,1.038,33.382
2026-01-13 07:00:00,Hostel B,21.109,0.0,7.552,0.0,12.925,1.084,21.562
2026-01-13 08:00:00,Hostel B,22.551,0.0,7.311,0.0,13.518,1.029,21.858
2026-01-13 09:00:00,Hostel B,24.066,0.0,2.948,0.0,0.0,1.073,4.021
2026-01-13 10:00:00,Hostel B,25.73,0.0,2.954,0.0,0.0,1.054,4.008
2026-01-13 11:00:00,Hostel B,25.96,0.0,3.233,0.0,0.0,1.112,4.345
2026-01-13 12:00:00,Hostel B,28.349,3.344,2.98,0.0,0.0,1.116,7.44
2026-01-13 13:00:00,Hostel B,27.441,1.665,3.23,0.0,0.0,1.042,5.936
2026-01-13 14:00:00,Hostel B,30.371,5.068,3.261,0.0,0.0,1.023,9.353
2026-01-13 15:00:00,Hostel B,28.897,4.585,3.267,0.0,0.0,1.124,8.976
2026-01-13 16:00:00,Hostel B,30.973,6.168,3.081,0.0,0.0,1.029,10.278
2026-01-13 17:00:00,Hostel B,26.751,1.01,3.307,0.0,0.0,1.032,5.348
2026-01-13 18:00:00,Hostel B,29.917,11.41,7.84,5.1,0.0,1.041,25.391
2026-01-13 19:00:00,Hostel B,25.361,0.0,8.906,5.1,0.0,1.051,15.057
2026-01-13 20:00:00,Hostel B,24.353,0.0,7.221,5.1,0.0,1.029,13.35
2026-01-13 21:00:00,Hostel B,24.299,0.0,7.236,5.1,0.0,1.049,13.385
2026-01-13 22:00:00,Hostel B,23.066,0.0,8.612,5.1,0.0,1.015,14.727
2026-01-13 23:00:00,Hostel B,20.717,0.0,7.615,5.1,0.0,1.103,13.817
2026-01-14 00:00:00,Hostel B,20.65,0.0,7.468,5.1,0.0,1.042,13.61
2026-01-14 01:00:00,Hostel B,18.007,12.47,8.701,8.315,0.0,1.105,30.59
2026-01-14 02:00:00,Hostel B,17.805,12.47,8.091,8.315,0.0,1.085,29.961
2026-01-14 03:00:00,Hostel B,17.698,12.47,8.239,8.315,0.0,1.067,30.091
2026-01-14 04:00:00,Hostel B,17.666,12.47,7.154,8.315,0.0,1.122,29.061
2026-01-14 05:00:00,Hostel B,16.87,12.47,7.605,8.315,13.603,1.056,43.05
2026-01-14 06:00:00,Hostel B,19.733,0.0,7.603,5.1,12.321,1.033,26.057
2026-01-14 07:00:00,Hostel B,20.885,0.0,8.498,0.0,19.803,1.077,29.378
2026-01-14 08:00:00,Hostel B,23.525,0.0,7.828,0.0,12.045,1.028,20.902
2026-01-14 09:00:00,Hostel B,22.714,0.0,3.364,0.0,0.0,1.044,4.408
2026-01-14 10:00:00,Hostel B,24.914,0.0,3.625,0.0,0.0,1.115,4.74
2026-01-14 11:00:00,Hostel B,28.203,2.85,3.664,0.0,0.0,1.113,7.627
2026-01-14 12:00:00,Hostel B,28.536,3.012,3.034,0.0,0.0,1.065,7.111
2026-01-14 13:00:00,Hostel B,29.746,4.976,3.349,0.0,0.0,1.066,9.391
2026-01-14 14:00:00,Hostel B,30.249,6.704,3.454,0.0,0.0,1.076,11.234
2026-01-14 15:00:00,Hostel B,30.458,5.897,3.515,0.0,0.0,1.022,10.434
2026-01-14 16:00:00,Hostel B,31.617,7.536,3.616,0.0,0.0,1.041,12.194
2026-01-14 17:00:00,Hostel B,29.288,4.209,3.475,0.0,0.0,1.078,8.762
2026-01-14 18:00:00,Hostel B,27.231,4.055,8.372,5.1,0.0,1.049,18.575
2026-01-14 19:00:00,Hostel B,27.639,6.133,7.237,5.1,0.0,1.037,19.506
2026-01-14 20:00:00,Hostel B,24.986,0.0,8.113,5.1,0.0,1.085,14.298
2026-01-14 21:00:00,Hostel B,23.89,0.0,8.209,5.1,0.0,1.076,14.385
2026-01-14 22:00:00,Hostel B,22.817,0.0,8.383,5.1,0.0,1.049,14.533
2026-01-14 23:00:00,Hostel B,20.179,0.0,8.181,5.1,0.0,1.118,14.399
2026-01-15 00:00:00,Hostel B,19.247,0.0,7.871,5.1,0.0,1.1,14.071
2026-01-15 01:00:00,Hostel B,19.28,14.271,8.01,8.038,0.0,1.08,31.399
2026-01-15 02:00:00,Hostel B,17.656,14.271,8.867,8.038,0.0,1.036,32.212
2026-01-15 03:00:00,Hostel B,18.973,14.271,7.727,8.038,0.0,1.085,31.122
2026-01-15 04:00:00,Hostel B,17.218,14.271,8.54,8.038,0.0,1.09,31.94
2026-01-15 05:00:00,Hostel B,17.814,14.271,8.224,8.038,18.198,1.078,49.81
2026-01-15 06:00:00,Hostel B,21.663,0.0,7.932,5.1,16.603,1.084,30.719
2026-01-15 07:00:00,Hostel B,19.47,0.0,7.88,0.0,16.959,1.031,25.87
2026-01-15 08:00:00,Hostel B,22.42,0.0,8.099,0.0,16.166,1.05,25.315
2026-01-15 09:00:00,Hostel B,25.851,0.0,3.528,0.0,0.0,1.113,4.641
2026-01-15 10:00:00,Hostel B,25.524,0.0,3.03,0.0,0.0,1.028,4.058
2026-01-15 11:00:00,Hostel B,28.347,3.798,3.609,0.0,0.0,1.079,8.486
2026-01-15 12:00:00,Hostel B,28.895,4.335,3.509,0.0,0.0,1.113,8.957
2026-01-15 13:00:00,Hostel B,29.189,5.106,3.197,0.0,0.0,1.014,9.317
2026-01-15 14:00:00,Hostel B,29.665,5.756,2.947,0.0,0.0,1.121,9.825
2026-01-15 15:00:00,Hostel B,27.881,2.738,3.017,0.0,0.0,1.112,6.867
2026-01-15 16:00:00,Hostel B,29.476,4.95,3.046,0.0,0.0,1.093,9.089
2026-01-15 17:00:00,Hostel B,29.428,4.796,3.016,0.0,0.0,1.092,8.905
2026-01-15 18:00:00,Hostel B,28.474,8.94,7.323,5.1,0.0,1.11,22.474
2026-01-15 19:00:00,Hostel B,29.466,12.574,8.854,5.1,0.0,1.032,27.56
2026-01-15 20:00:00,Hostel B,25.834,0.0,8.315,5.1,0.0,1.091,14.507
2026-01-15 21:00:00,Hostel B,24.63,0.0,8.605,5.1,0.0,1.051,14.756
2026-01-15 22:00:00,Hostel B,23.612,0.0,8.145,5.1,0.0,1.111,14.356
2026-01-15 23:00:00,Hostel B,21.541,0.0,8.246,5.1,0.0,1.072,14.418
2026-01-16 00:00:00,Hostel B,19.671,0.0,8.713,5.1,0.0,1.099,14.911
2026-01-16 01:00:00,Hostel B,18.723,10.011,7.608,8.986,0.0,1.031,27.635
2026-01-16 02:00:00,Hostel B,17.854,10.011,8.38,8.986,0.0,1.04,28.416
2026-01-16 03:00:00,Hostel B,18.444,10.011,8.745,8.986,0.0,1.107,28.849
2026-01-16 04:00:00,Hostel B,18.034,10.011,8.811,8.986,0.0,1.057,28.865
2026-01-16 05:00:00,Hostel B,19.429,10.011,7.933,8.986,13.733,1.072,41.734
2026-01-16 06:00:00,Hostel B,18.748,0.0,8.669,5.1,13.706,1.094,28.569
2026-01-16 07:00:00,Hostel B,21.147,0.0,8.039,0.0,16.977,1.032,26.048
2026-01-16 08:00:00,Hostel B,23.999,0.0,7.6,0.0,17.671,1.047,26.318
2026-01-16 09:00:00,Hostel B,23.775,0.0,3.124,0.0,0.0,1.049,4.174
2026-01-16 10:00:00,Hostel B,27.396,1.783,3.272,0.0,0.0,1.116,6.171
2026-01-16 11:00:00,Hostel B,27.164,1.775,3.13,0.0,0.0,1.028,5.932
2026-01-16 12:00:00,Hostel B,28.186,3.369,2.962,0.0,0.0,1.054,7.385
2026-01-16 13:00:00,Hostel B,29.313,4.209,3.018,0.0,0.0,1.12,8.347
2026-01-16 14:00:00,Hostel B,29.484,5.493,3.564,0.0,0.0,1.106,10.163
2026-01-16 15:00:00,Hostel B,28.019,2.693,3.589,0.0,0.0,1.088,7.369
2026-01-16 16:00:00,Hostel B,30.676,7.206,3.582,0.0,0.0,1.074,11.862
2026-01-16 17:00:00,Hostel B,31.389,7.427,3.347,0.0,0.0,1.107,11.881
2026-01-16 18:00:00,Hostel B,28.723,9.914,8.809,5.1,0.0,1.119,24.943
2026-01-16 19:00:00,Hostel B,27.541,4.955,8.031,5.1,0.0,1.116,19.203
2026-01-16 20:00:00,Hostel B,25.37,0.0,7.966,5.1,0.0,1.084,14.15
2026-01-16 21:00:00,Hostel B,25.158,0.0,7.987,5.1,0.0,1.094,14.181
2026-01-16 22:00:00,Hostel B,22.408,0.0,7.594,5.1,0.0,1.1,13.793
2026-01-16 23:00:00,Hostel B,21.267,0.0,8.235,5.1,0.0,1.104,14.439
2026-01-17 00:00:00,Hostel B,18.192,0.0,6.75,4.335,0.0,1.095,12.18
2026-01-17 01:00:00,Hostel B,18.275,10.847,7.548,7.107,0.0,1.033,26.535
2026-01-17 02:00:00,Hostel B,18.572,10.847,6.33,7.107,0.0,1.098,25.382
2026-01-17 03:00:00,Hostel B,18.907,10.847,6.185,7.107,0.0,1.056,25.196
2026-01-17 04:00:00,Hostel B,19.139,10.847,6.602,7.107,0.0,1.035,25.591
2026-01-17 05:00:00,Hostel B,17.225,10.847,6.396,7.107,19.603,1.024,44.977
2026-01-17 06:00:00,Hostel B,18.28,0.0,7.574,4.335,18.305,1.04,31.254
2026-01-17 07:00:00,Hostel B,21.584,0.0,6.917,0.0,18.621,1.07,26.607
2026-01-17 08:00:00,Hostel B,21.7,0.0,6.615,0.0,14.393,1.04,22.048
2026-01-17 09:00:00,Hostel B,24.895,0.0,2.901,0.0,0.0,1.087,3.988
2026-01-17 10:00:00,Hostel B,23.923,0.0,2.782,0.0,0.0,1.121,3.903
2026-01-17 11:00:00,Hostel B,26.902,1.182,2.629,0.0,0.0,1.017,4.829
2026-01-17 12:00:00,Hostel B,28.208,2.256,2.745,0.0,0.0,1.027,6.029
2026-01-17 13:00:00,Hostel B,29.677,5.007,2.678,0.0,0.0,1.04,8.725
2026-01-17 14:00:00,Hostel B,28.764,3.669,2.897,0.0,0.0,1.103,7.67
2026-01-17 15:00:00,Hostel B,28.033,2.475,3.009,0.0,0.0,1.043,6.527
2026-01-17 16:00:00,Hostel B,29.967,5.496,2.663,0.0,0.0,1.034,9.193
2026-01-17 17:00:00,Hostel B,29.723,5.008,2.887,0.0,0.0,1.03,8.925
2026-01-17 18:00:00,Hostel B,29.25,8.44,7.144,4.335,0.0,1.029,20.949
2026-01-17 19:00:00,Hostel B,26.641,2.142,6.63,4.335,0.0,1.093,14.201
2026-01-17 20:00:00,Hostel B,26.329,0.927,6.809,4.335,0.0,1.092,13.163
2026-01-17 21:00:00,Hostel B,24.486,0.0,6.613,4.335,0.0,1.048,11.996
2026-01-17 22:00:00,Hostel B,23.769,0.0,6.635,4.335,0.0,1.063,12.033
2026-01-17 23:00:00,Hostel B,20.945,0.0,6.746,4.335,0.0,1.083,12.164
2026-01-18 00:00:00,Hostel B,18.027,0.0,6.517,4.335,0.0,1.122,11.974
2026-01-18 01:00:00,Hostel B,18.736,0.0,6.81,4.335,0.0,1.096,12.241
2026-01-18 02:00:00,Hostel B,18.293,0.0,7.21,4.335,0.0,1.103,12.648
2026-01-18 03:00:00,Hostel B,18.518,0.0,6.667,4.335,0.0,1.122,12.125
2026-01-18 04:00:00,Hostel B,16.672,0.0,7.503,4.335,0.0,1.055,12.894
2026-01-18 05:00:00,Hostel B,18.492,0.0,6.4,4.335,14.933,1.02,26.688
2026-01-18 06:00:00,Hostel B,20.625,0.0,6.751,4.335,18.301,1.097,30.484
2026-01-18 07:00:00,Hostel B,20.896,0.0,6.982,0.0,19.119,1.026,27.127
2026-01-18 08:00:00,Hostel B,22.141,0.0,6.893,0.0,13.886,1.062,21.841
2026-01-18 09:00:00,Hostel B,25.906,0.0,3.091,0.0,0.0,1.096,4.186
2026-01-18 10:00:00,Hostel B,24.483,0.0,2.702,0.0,0.0,1.075,3.777
2026-01-18 11:00:00,Hostel B,28.233,2.617,2.735,0.0,0.0,1.054,6.405
2026-01-18 12:00:00,Hostel B,29.264,4.177,2.871,0.0,0.0,1.07,8.118
2026-01-18 13:00:00,Hostel B,28.971,3.955,2.872,0.0,0.0,1.04,7.867
2026-01-18 14:00:00,Hostel B,29.763,3.857,2.991,0.0,0.0,1.021,7.869
2026-01-18 15:00:00,Hostel B,29.964,4.009,2.995,0.0,0.0,1.059,8.064
2026-01-18 16:00:00,Hostel B,29.978,5.03,2.506,0.0,0.0,1.019,8.555
2026-01-18 17:00:00,Hostel B,28.602,3.149,2.976,0.0,0.0,1.123,7.248
2026-01-18 18:00:00,Hostel B,27.814,5.554,7.158,4.335,0.0,1.063,18.11
2026-01-18 19:00:00,Hostel B,26.645,1.903,6.958,4.335,0.0,1.112,14.308
2026-01-18 20:00:00,Hostel B,25.23,0.0,6.55,4.335,0.0,1.12,12.005
2026-01-18 21:00:00,Hostel B,23.689,0.0,7.445,4.335,0.0,1.063,12.843
2026-01-18 22:00:00,Hostel B,20.206,0.0,7.189,4.335,0.0,1.06,12.584
2026-01-18 23:00:00,Hostel B,21.098,0.0,6.459,4.335,0.0,1.113,11.907
2026-01-19 00:00:00,Hostel B,19.23,0.0,7.685,5.1,0.0,1.016,13.801
2026-01-19 01:00:00,Hostel B,16.937,0.0,8.408,5.1,0.0,1.067,14.575
2026-01-19 02:00:00,Hostel B,17.854,0.0,8.778,5.1,0.0,1.043,14.921
2026-01-19 03:00:00,Hostel B,17.619,0.0,8.016,5.1,0.0,1.097,14.213
2026-01-19 04:00:00,Hostel B,19.48,0.0,8.709,5.1,0.0,1.107,14.916
2026-01-19 05:00:00,Hostel B,18.265,0.0,7.822,5.1,13.471,1.082,27.475
2026-01-19 06:00:00,Hostel B,20.425,0.0,7.845,5.1,15.207,1.058,29.21
2026-01-19 07:00:00,Hostel B,22.383,0.0,8.364,0.0,12.721,1.075,22.16
2026-01-19 08:00:00,Hostel B,21.819,0.0,7.23,0.0,12.034,1.077,20.341
2026-01-19 09:00:00,Hostel B,23.953,0.0,3.042,0.0,0.0,1.084,4.126
2026-01-19 10:00:00,Hostel B,27.282,1.498,3.475,0.0,0.0,1.116,6.09
2026-01-19 11:00:00,Hostel B,27.229,1.62,3.118,0.0,0.0,1.041,5.779
2026-01-19 12:00:00,Hostel B,28.616,3.853,3.069,0.0,0.0,1.035,7.957
2026-01-19 13:00:00,Hostel B,28.789,4.268,3.005,0.0,0.0,1.034,8.307
2026-01-19 14:00:00,Hostel B,30.483,6.455,3.105,0.0,0.0,1.091,10.651
2026-01-19 15:00:00,Hostel B,29.96,6.243,3.124,0.0,0.0,1.114,10.481
2026-01-19 16:00:00,Hostel B,27.963,3.048,3.191,0.0,0.0,1.049,7.288
2026-01-19 17:00:00,Hostel B,28.841,4.126,3.63,0.0,0.0,1.06,8.816
2026-01-19 18:00:00,Hostel B,27.059,3.396,8.291,5.1,0.0,1.121,17.908
2026-01-19 19:00:00,Hostel B,27.112,3.586,8.378,5.1,0.0,1.029,18.092
2026-01-19 20:00:00,Hostel B,24.636,0.0,7.377,5.1,0.0,1.111,13.588
2026-01-19 21:00:00,Hostel B,24.478,0.0,7.484,5.1,0.0,1.12,13.704
2026-01-19 22:00:00,Hostel B,22.492,0.0,8.744,5.1,0.0,1.102,14.947
2026-01-19 23:00:00,Hostel B,19.752,0.0,8.272,5.1,0.0,1.05,14.423
2026-01-20 00:00:00,Hostel B,19.265,0.0,8.585,5.1,0.0,1.086,14.771
2026-01-20 01:00:00,Hostel B,19.424,14.119,7.778,8.01,0.0,1.045,30.953
2026-01-20 02:00:00,Hostel B,19.352,14.119,8.17,8.01,0.0,1.026,31.326
2026-01-20 03:00:00,Hostel B,17.098,14.119,8.036,8.01,0.0,1.025,31.19
2026-01-20 04:00:00,Hostel B,17.107,14.119,7.507,8.01,0.0,1.014,30.65
2026-01-20 05:00:00,Hostel B,20.755,14.119,8.612,8.01,16.314,1.123,48.178
2026-01-20 06:00:00,Hostel B,19.748,0.0,7.736,5.1,19.12,1.086,33.042
2026-01-20 07:00:00,Hostel B,21.091,0.0,7.973,0.0,17.998,1.049,27.021
2026-01-20 08:00:00,Hostel B,21.708,0.0,7.377,0.0,17.846,1.078,26.301
2026-01-20 09:00:00,Hostel B,24.215,0.0,3.409,0.0,0.0,1.082,4.491
2026-01-20 10:00:00,Hostel B,27.268,1.856,3.521,0.0,0.0,1.033,6.411
2026-01-20 11:00:00,Hostel B,27.254,1.738,3.242,0.0,0.0,1.045,6.025
2026-01-20 12:00:00,Hostel B,29.308,4.805,3.659,0.0,0.0,1.074,9.538
2026-01-20 13:00:00,Hostel B,29.225,3.745,3.129,0.0,0.0,1.107,7.981
2026-01-20 14:00:00,Hostel B,28.77,3.542,3.582,0.0,0.0,1.027,8.151
2026-01-20 15:00:00,Hostel B,29.317,4.067,3.47,0.0,0.0,1.109,8.646
2026-01-20 16:00:00,Hostel B,28.678,3.62,3.622,0.0,0.0,1.081,8.323
2026-01-20 17:00:00,Hostel B,29.414,5.421,3.484,0.0,0.0,1.068,9.973
2026-01-20 18:00:00,Hostel B,29.467,10.447,8.023,5.1,0.0,1.029,24.599
2026-01-20 19:00:00,Hostel B,27.161,3.337,7.878,5.1,0.0,1.074,17.389
2026-01-20 20:00:00,Hostel B,25.245,0.0,8.62,5.1,0.0,1.052,14.773
2026-01-20 21:00:00,Hostel B,23.21,0.0,8.64,5.1,0.0,1.034,14.774
2026-01-20 22:00:00,Hostel B,22.803,0.0,8.191,5.1,0.0,1.111,14.403
2026-01-20 23:00:00,Hostel B,19.762,0.0,8.393,5.1,0.0,1.064,14.558
2026-01-21 00:00:00,Hostel B,18.623,0.0,7.966,5.1,0.0,1.021,14.088
2026-01-21 01:00:00,Hostel B,19.704,12.084,7.53,7.878,0.0,1.046,28.538
2026-01-21 02:00:00,Hostel B,17.927,12.084,7.229,7.878,0.0,1.033,28.224
2026-01-21 03:00:00,Hostel B,17.703,12.084,8.307,7.878,0.0,1.118,29.387
2026-01-21 04:00:00,Hostel B,18.035,12.084,8.335,7.878,0.0,1.04,29.336
2026-01-21 05:00:00,Hostel B,19.53,12.084,8.327,7.878,16.829,1.069,46.188
2026-01-21 06:00:00,Hostel B,19.923,0.0,8.144,5.1,16.286,1.096,30.626
2026-01-21 07:00:00,Hostel B,20.257,0.0,7.751,0.0,13.349,1.03,22.131
2026-01-21 08:00:00,Hostel B,21.74,0.0,7.572,0.0,17.452,1.062,26.086
2026-01-21 09:00:00,Hostel B,23.805,0.0,2.988,0.0,0.0,1.086,4.074
2026-01-21 10:00:00,Hostel B,25.855,0.0,3.049,0.0,0.0,1.112,4.161
2026-01-21 11:00:00,Hostel B,26.964,1.297,3.402,0.0,0.0,1.086,5.785
2026-01-21 12:00:00,Hostel B,28.118,2.738,3.505,0.0,0.0,1.022,7.264
2026-01-21 13:00:00,Hostel B,29.242,3.984,3.607,0.0,0.0,1.049,8.64
2026-01-21 14:00:00,Hostel B,29.759,4.381,3.002,0.0,0.0,1.052,8.435
2026-01-21 15:00:00,Hostel B,29.22,4.117,3.538,0.0,0.0,1.056,8.711
2026-01-21 16:00:00,Hostel B,30.903,6.829,3.379,0.0,0.0,1.118,11.326
2026-01-21 17:00:00,Hostel B,28.714,4.007,3.161,0.0,0.0,1.017,8.185
2026-01-21 18:00:00,Hostel B,28.372,8.694,8.436,5.1,0.0,1.046,23.276
2026-01-21 19:00:00,Hostel B,24.94,0.0,8.906,5.1,0.0,1.068,15.074
2026-01-21 20:00:00,Hostel B,25.338,0.0,7.817,5.1,0.0,1.022,13.939
2026-01-21 21:00:00,Hostel B,22.9,0.0,8.26,5.1,0.0,1.067,14.427
2026-01-21 22:00:00,Hostel B,21.468,0.0,7.606,5.1,0.0,1.025,13.73
2026-01-21 23:00:00,Hostel B,23.422,0.0,7.506,5.1,0.0,1.107,13.713
2026-01-22 00:00:00,Hostel B,20.007,0.0,7.406,5.1,0.0,1.043,13.549
2026-01-22 01:00:00,Hostel B,20.03,0.0,7.197,5.1,0.0,1.071,13.369
2026-01-22 02:00:00,Hostel B,19.06,0.0,8.432,5.1,0.0,1.082,14.614
2026-01-22 03:00:00,Hostel B,18.983,0.0,7.401,5.1,0.0,1.047,13.547
2026-01-22 04:00:00,Hostel B,18.005,0.0,8.347,5.1,0.0,1.052,14.499
2026-01-22 05:00:00,Hostel B,20.41,0.0,8.692,5.1,12.165,1.07,27.028
2026-01-22 06:00:00,Hostel B,20.604,0.0,8.651,5.1,14.837,1.103,29.692
2026-01-22 07:00:00,Hostel B,21.041,0.0,7.674,0.0,18.912,1.063,27.65
2026-01-22 08:00:00,Hostel B,22.71,0.0,7.362,0.0,12.296,1.068,20.725
2026-01-22 09:00:00,Hostel B,23.863,0.0,3.266,0.0,0.0,1.08,4.345
2026-01-22 10:00:00,Hostel B,25.605,0.0,3.073,0.0,0.0,1.06,4.134
2026-01-22 11:00:00,Hostel B,26.956,1.45,3.215,0.0,0.0,1.094,5.758
2026-01-22 12:00:00,Hostel B,28.624,3.272,3.358,0.0,0.0,1.013,7.644
2026-01-22 13:00:00,Hostel B,30.936,6.977,3.414,0.0,0.0,1.067,11.458
2026-01-22 14:00:00,Hostel B,28.59,3.76,3.1,0.0,0.0,1.116,7.977
2026-01-22 15:00:00,Hostel B,31.142,7.863,3.107,0.0,0.0,1.082,12.052
2026-01-22 16:00:00,Hostel B,29.427,4.771,3.576,0.0,0.0,1.067,9.415
2026-01-22 17:00:00,Hostel B,30.466,6.256,3.634,0.0,0.0,1.099,10.99
2026-01-22 18:00:00,Hostel B,27.909,7.597,8.287,5.1,0.0,1.057,22.04
2026-01-22 19:00:00,Hostel B,27.413,4.704,8.134,5.1,0.0,1.065,19.003
2026-01-22 20:00:00,Hostel B,25.394,0.0,8.315,5.1,0.0,1.034,14.449
2026-01-22 21:00:00,Hostel B,22.269,0.0,7.37,5.1,0.0,1.026,13.496
2026-01-22 22:00:00,Hostel B,24.186,0.0,8.741,5.1,0.0,1.015,14.857
2026-01-22 23:00:00,Hostel B,20.057,0.0,7.512,5.1,0.0,1.095,13.707
2026-01-23 00:00:00,Hostel B,19.841,0.0,8.335,5.1,0.0,1.065,14.501
2026-01-23 01:00:00,Hostel B,17.751,0.0,7.536,5.1,0.0,1.118,13.754
2026-01-23 02:00:00,Hostel B,16.867,0.0,8.4,5.1,0.0,1.032,14.532
2026-01-23 03:00:00,Hostel B,17.795,0.0,8.485,5.1,0.0,1.04,14.625
2026-01-23 04:00:00,Hostel B,17.611,0.0,8.463,5.1,0.0,1.084,14.647
2026-01-23 05:00:00,Hostel B,17.635,0.0,7.905,5.1,14.911,1.019,28.935
2026-01-23 06:00:00,Hostel B,19.722,0.0,8.224,5.1,12.767,1.069,27.16
2026-01-23 07:00:00,Hostel B,19.518,0.0,8.207,0.0,17.587,1.026,26.821
2026-01-23 08:00:00,Hostel B,22.573,0.0,8.426,0.0,17.977,1.031,27.434
2026-01-23 09:00:00,Hostel B,23.873,0.0,3.307,0.0,0.0,1.07,4.377
2026-01-23 10:00:00,Hostel B,23.073,0.0,3.313,0.0,0.0,1.077,4.389
2026-01-23 11:00:00,Hostel B,26.477,0.685,3.443,0.0,0.0,1.036,5.164
2026-01-23 12:00:00,Hostel B,28.711,4.173,3.065,0.0,0.0,1.043,8.282
2026-01-23 13:00:00,Hostel B,28.133,2.672,3.42,0.0,0.0,1.044,7.136
2026-01-23 14:00:00,Hostel B,30.307,6.682,3.049,0.0,0.0,1.028,10.759
2026-01-23 15:00:00,Hostel B,30.433,5.865,3.473,0.0,0.0,1.121,10.459
2026-01-23 16:00:00,Hostel B,28.778,3.342,3.226,0.0,0.0,1.09,7.658
2026-01-23 17:00:00,Hostel B,29.184,3.695,3.557,0.0,0.0,1.025,8.278
2026-01-23 18:00:00,Hostel B,29.068,8.677,7.298,5.1,0.0,1.053,22.128
2026-01-23 19:00:00,Hostel B,26.124,0.462,7.962,5.1,0.0,1.032,14.556
2026-01-23 20:00:00,Hostel B,25.347,0.0,7.438,5.1,0.0,1.039,13.577
2026-01-23 21:00:00,Hostel B,25.15,0.0,8.691,5.1,0.0,1.118,14.909
2026-01-23 22:00:00,Hostel B,21.589,0.0,7.364,5.1,0.0,1.028,13.491
2026-01-23 23:00:00,Hostel B,21.459,0.0,8.006,5.1,0.0,1.111,14.218
2026-01-24 00:00:00,Hostel B,18.678,0.0,6.229,4.335,0.0,1.107,11.671
2026-01-24 01:00:00,Hostel B,18.643,0.0,7.279,4.335,0.0,1.096,12.71
2026-01-24 02:00:00,Hostel B,18.651,0.0,6.497,4.335,0.0,1.068,11.9
2026-01-24 03:00:00,Hostel B,15.595,0.0,6.97,4.335,0.0,1.042,12.347
2026-01-24 04:00:00,Hostel B,17.67,0.0,6.327,4.335,0.0,1.106,11.768
2026-01-24 05:00:00,Hostel B,19.233,0.0,6.602,4.335,19.27,1.106,31.314
2026-01-24 06:00:00,Hostel B,19.983,0.0,6.242,4.335,13.617,1.072,25.265
2026-01-24 07:00:00,Hostel B,20.478,0.0,6.905,0.0,16.111,1.018,24.034
2026-01-24 08:00:00,Hostel B,21.343,0.0,6.074,0.0,16.276,1.034,23.385
2026-01-24 09:00:00,Hostel B,24.628,0.0,3.119,0.0,0.0,1.019,4.138
2026-01-24 10:00:00,Hostel B,25.231,0.0,2.759,0.0,0.0,1.033,3.792
2026-01-24 11:00:00,Hostel B,27.545,2.098,2.892,0.0,0.0,1.07,6.06
2026-01-24 12:00:00,Hostel B,28.623,2.783,2.678,0.0,0.0,1.109,6.57
2026-01-24 13:00:00,Hostel B,28.749,3.797,2.657,0.0,0.0,1.086,7.54
2026-01-24 14:00:00,Hostel B,30.868,5.807,3.028,0.0,0.0,1.08,9.915
2026-01-24 15:00:00,Hostel B,29.406,4.386,2.973,0.0,0.0,1.097,8.455
2026-01-24 16:00:00,Hostel B,30.986,5.531,2.901,0.0,0.0,1.084,9.516
2026-01-24 17:00:00,Hostel B,30.517,5.032,2.969,0.0,0.0,1.062,9.064
2026-01-24 18:00:00,Hostel B,29.293,9.009,6.335,4.335,0.0,1.104,20.783
2026-01-24 19:00:00,Hostel B,26.819,2.232,7.486,4.335,0.0,1.047,15.101
2026-01-24 20:00:00,Hostel B,28.1,5.112,6.759,4.335,0.0,1.117,17.323
2026-01-24 21:00:00,Hostel B,24.152,0.0,7.387,4.335,0.0,1.026,12.748
2026-01-24 22:00:00,Hostel B,22.688,0.0,7.186,4.335,0.0,1.084,12.605
2026-01-24 23:00:00,Hostel B,20.978,0.0,6.503,4.335,0.0,1.069,11.907
2026-01-25 00:00:00,Hostel B,18.628,0.0,6.933,4.335,0.0,1.06,12.328
2026-01-25 01:00:00,Hostel B,20.099,15.039,7.536,8.256,0.0,1.061,31.892
2026-01-25 02:00:00,Hostel B,17.632,15.039,6.125,8.256,0.0,1.017,30.438
2026-01-25 03:00:00,Hostel B,18.92,15.039,6.716,8.256,0.0,1.097,31.109
2026-01-25 04:00:00,Hostel B,19.364,15.039,7.011,8.256,0.0,1.052,31.358
2026-01-25 05:00:00,Hostel B,19.407,15.039,6.585,8.256,18.623,1.066,49.569
2026-01-25 06:00:00,Hostel B,19.065,0.0,6.551,4.335,16.901,1.108,28.895
2026-01-25 07:00:00,Hostel B,20.659,0.0,7.205,0.0,18.328,1.077,26.611
2026-01-25 08:00:00,Hostel B,19.77,0.0,7.459,0.0,15.2,1.108,23.768
2026-01-25 09:00:00,Hostel B,23.884,0.0,2.835,0.0,0.0,1.028,3.863
2026-01-25 10:00:00,Hostel B,26.356,0.433,3.091,0.0,0.0,1.044,4.569
2026-01-25 11:00:00,Hostel B,26.762,1.042,2.562,0.0,0.0,1.038,4.642
2026-01-25 12:00:00,Hostel B,27.653,1.847,2.641,0.0,0.0,1.112,5.601
2026-01-25 13:00:00,Hostel B,28.898,3.02,2.554,0.0,0.0,1.1,6.674
2026-01-25 14:00:00,Hostel B,31.011,5.162,2.771,0.0,0.0,1.106,9.04
2026-01-25 15:00:00,Hostel B,29.946,5.208,2.891,0.0,0.0,1.076,9.175
2026-01-25 16:00:00,Hostel B,31.653,7.546,2.624,0.0,0.0,1.037,11.207
2026-01-25 17:00:00,Hostel B,28.625,2.82,2.779,0.0,0.0,1.055,6.654
2026-01-25 18:00:00,Hostel B,28.46,6.974,7.107,4.335,0.0,1.074,19.491
2026-01-25 19:00:00,Hostel B,26.567,1.68,7.039,4.335,0.0,1.015,14.069
2026-01-25 20:00:00,Hostel B,27.627,4.088,7.024,4.335,0.0,1.084,16.531
2026-01-25 21:00:00,Hostel B,24.18,0.0,6.989,4.335,0.0,1.109,12.432
2026-01-25 22:00:00,Hostel B,24.575,0.0,7.566,4.335,0.0,1.049,12.95
2026-01-25 23:00:00,Hostel B,20.58,0.0,7.152,4.335,0.0,1.089,12.576
2026-01-26 00:00:00,Hostel B,21.285,0.0,8.76,5.1,0.0,1.067,14.927
2026-01-26 01:00:00,Hostel B,18.922,13.403,8.839,8.542,0.0,1.013,31.797
2026-01-26 02:00:00,Hostel B,19.041,13.403,8.675,8.542,0.0,1.044,31.664
2026-01-26 03:00:00,Hostel B,16.78,13.403,7.31,8.542,0.0,1.072,30.327
2026-01-26 04:00:00,Hostel B,18.553,13.403,8.085,8.542,0.0,1.094,31.124
2026-01-26 05:00:00,Hostel B,17.735,13.403,7.821,8.542,12.718,1.058,43.542
2026-01-26 06:00:00,Hostel B,20.014,0.0,7.313,5.1,19.67,1.033,33.117
2026-01-26 07:00:00,Hostel B,19.482,0.0,8.147,0.0,13.271,1.019,22.437
2026-01-26 08:00:00,Hostel B,22.353,0.0,7.52,0.0,14.736,1.093,23.349
2026-01-26 09:00:00,Hostel B,25.096,0.0,3.368,0.0,0.0,1.054,4.421
2026-01-26 10:00:00,Hostel B,26.1,0.151,3.541,0.0,0.0,1.085,4.777
2026-01-26 11:00:00,Hostel B,25.766,0.0,3.229,0.0,0.0,1.037,4.267
2026-01-26 12:00:00,Hostel B,26.344,0.452,3.638,0.0,0.0,1.097,5.187
2026-01-26 13:00:00,Hostel B,29.693,4.733,3.503,0.0,0.0,1.051,9.288
2026-01-26 14:00:00,Hostel B,31.377,7.316,3.531,0.0,0.0,1.018,11.866
2026-01-26 15:00:00,Hostel B,29.036,4.591,3.023,0.0,0.0,1.07,8.684
2026-01-26 16:00:00,Hostel B,31.893,7.329,3.632,0.0,0.0,1.095,12.056
2026-01-26 17:00:00,Hostel B,29.19,5.036,2.965,0.0,0.0,1.117,9.118
2026-01-26 18:00:00,Hostel B,26.284,0.879,8.646,5.1,0.0,1.122,15.747
2026-01-26 19:00:00,Hostel B,25.439,0.0,7.193,5.1,0.0,1.064,13.357
2026-01-26 20:00:00,Hostel B,26.323,0.961,7.43,5.1,0.0,1.081,14.572
2026-01-26 21:00:00,Hostel B,24.13,0.0,7.703,5.1,0.0,1.075,13.878
2026-01-26 22:00:00,Hostel B,23.929,0.0,8.457,5.1,0.0,1.073,14.629
2026-01-26 23:00:00,Hostel B,19.802,0.0,8.745,5.1,0.0,1.025,14.871
2026-01-27 00:00:00,Hostel B,19.876,0.0,8.33,5.1,0.0,1.088,14.518
2026-01-27 01:00:00,Hostel B,18.811,0.0,8.439,5.1,0.0,1.121,14.66
2026-01-27 02:00:00,Hostel B,18.061,0.0,7.657,5.1,0.0,1.027,13.784
2026-01-27 03:00:00,Hostel B,17.617,0.0,8.881,5.1,0.0,1.048,15.029
2026-01-27 04:00:00,Hostel B,17.842,0.0,7.868,5.1,0.0,1.021,13.989
2026-01-27 05:00:00,Hostel B,18.978,0.0,8.77,5.1,15.189,1.058,30.116
2026-01-27 06:00:00,Hostel B,20.06,0.0,8.531,5.1,14.879,1.067,29.577
2026-01-27 07:00:00,Hostel B,21.253,0.0,7.796,0.0,19.256,1.053,28.104
2026-01-27 08:00:00,Hostel B,23.653,0.0,7.752,0.0,14.883,1.066,23.701
2026-01-27 09:00:00,Hostel B,22.799,0.0,3.439,0.0,0.0,1.103,4.542
2026-01-27 10:00:00,Hostel B,23.741,0.0,3.631,0.0,0.0,1.037,4.668
2026-01-27 11:00:00,Hostel B,28.017,3.294,3.434,0.0,0.0,1.098,7.826
2026-01-27 12:00:00,Hostel B,27.299,1.848,3.57,0.0,0.0,1.102,6.52
2026-01-27 13:00:00,Hostel B,28.817,4.607,3.65,0.0,0.0,1.078,9.335
2026-01-27 14:00:00,Hostel B,29.183,4.646,3.183,0.0,0.0,1.048,8.877
2026-01-27 15:00:00,Hostel B,29.366,4.44,3.336,0.0,0.0,1.118,8.894
2026-01-27 16:00:00,Hostel B,28.337,3.608,3.388,0.0,0.0,1.053,8.05
2026-01-27 17:00:00,Hostel B,28.627,3.646,3.1,0.0,0.0,1.018,7.764
2026-01-27 18:00:00,Hostel B,28.892,9.133,8.564,5.1,0.0,1.028,23.825
2026-01-27 19:00:00,Hostel B,26.996,3.348,7.607,5.1,0.0,1.113,17.168
2026-01-27 20:00:00,Hostel B,26.057,0.22,8.402,5.1,0.0,1.029,14.751
2026-01-27 21:00:00,Hostel B,23.504,0.0,8.075,5.1,0.0,1.063,14.238
2026-01-27 22:00:00,Hostel B,23.35,0.0,8.633,5.1,0.0,1.09,14.824
2026-01-27 23:00:00,Hostel B,20.492,0.0,8.053,5.1,0.0,1.077,14.23
2026-01-28 00:00:00,Hostel B,17.649,0.0,8.187,5.1,0.0,1.086,14.373
2026-01-28 01:00:00,Hostel B,19.12,0.0,7.463,5.1,0.0,1.052,13.615
2026-01-28 02:00:00,Hostel B,18.972,0.0,8.583,5.1,0.0,1.087,14.77
2026-01-28 03:00:00,Hostel B,17.441,0.0,7.858,5.1,0.0,1.014,13.971
2026-01-28 04:00:00,Hostel B,19.404,0.0,8.175,5.1,0.0,1.042,14.317
2026-01-28 05:00:00,Hostel B,17.953,0.0,8.65,5.1,19.184,1.026,33.96
2026-01-28 06:00:00,Hostel B,20.428,0.0,7.996,5.1,18.751,1.064,32.91
2026-01-28 07:00:00,Hostel B,22.745,0.0,7.63,0.0,15.615,1.029,24.273
2026-01-28 08:00:00,Hostel B,22.484,0.0,7.614,0.0,13.278,1.074,21.966
2026-01-28 09:00:00,Hostel B,23.774,0.0,3.356,0.0,0.0,1.033,4.389
2026-01-28 10:00:00,Hostel B,25.447,0.0,3.154,0.0,0.0,1.059,4.213
2026-01-28 11:00:00,Hostel B,28.628,3.967,3.189,0.0,0.0,1.021,8.177
2026-01-28 12:00:00,Hostel B,28.645,3.137,3.113,0.0,0.0,1.062,7.312
2026-01-28 13:00:00,Hostel B,31.34,8.453,3.268,0.0,0.0,1.103,12.825
2026-01-28 14:00:00,Hostel B,30.075,5.036,3.283,0.0,0.0,1.048,9.367
2026-01-28 15:00:00,Hostel B,29.346,3.878,3.327,0.0,0.0,1.092,8.297
2026-01-28 16:00:00,Hostel B,29.212,4.262,3.376,0.0,0.0,1.06,8.698
2026-01-28 17:00:00,Hostel B,29.258,3.835,3.372,0.0,0.0,1.039,8.246
2026-01-28 18:00:00,Hostel B,26.201,0.602,7.796,5.1,0.0,1.047,14.544
2026-01-28 19:00:00,Hostel B,26.525,1.928,8.748,5.1,0.0,1.047,16.822
2026-01-28 20:00:00,Hostel B,25.1,0.0,8.053,5.1,0.0,1.096,14.249
2026-01-28 21:00:00,Hostel B,24.24,0.0,8.625,5.1,0.0,1.035,14.76
2026-01-28 22:00:00,Hostel B,24.389,0.0,8.135,5.1,0.0,1.122,14.357
2026-01-28 23:00:00,Hostel B,21.055,0.0,7.802,5.1,0.0,1.09,13.991
2026-01-29 00:00:00,Hostel B,17.835,0.0,8.458,5.1,0.0,1.058,14.616
2026-01-29 01:00:00,Hostel B,17.89,0.0,7.456,5.1,0.0,1.125,13.681
2026-01-29 02:00:00,Hostel B,18.467,0.0,8.871,5.1,0.0,1.037,15.008
2026-01-29 03:00:00,Hostel B,18.093,0.0,8.162,5.1,0.0,1.098,14.36
2026-01-29 04:00:00,Hostel B,19.829,0.0,7.326,5.1,0.0,1.043,13.469
2026-01-29 05:00:00,Hostel B,19.764,0.0,7.892,5.1,12.072,1.074,26.138
2026-01-29 06:00:00,Hostel B,20.687,0.0,8.412,5.1,15.589,1.019,30.119
2026-01-29 07:00:00,Hostel B,20.783,0.0,7.262,0.0,19.518,1.108,27.887
2026-01-29 08:00:00,Hostel B,23.546,0.0,7.607,0.0,17.979,1.054,26.639
2026-01-29 09:00:00,Hostel B,23.104,0.0,3.619,0.0,0.0,1.078,4.698
2026-01-29 10:00:00,Hostel B,26.521,0.648,3.202,0.0,0.0,1.117,4.966
2026-01-29 11:00:00,Hostel B,26.718,0.913,3.057,0.0,0.0,1.016,4.986
2026-01-29 12:00:00,Hostel B,26.795,1.265,3.012,0.0,0.0,1.121,5.399
2026-01-29 13:00:00,Hostel B,29.789,5.232,3.395,0.0,0.0,1.072,9.698
2026-01-29 14:00:00,Hostel B,31.193,7.373,3.35,0.0,0.0,1.1,11.823
2026-01-29 15:00:00,Hostel B,29.593,5.822,3.416,0.0,0.0,1.066,10.304
2026-01-29 16:00:00,Hostel B,31.358,6.7,3.644,0.0,0.0,1.104,11.448
2026-01-29 17:00:00,Hostel B,27.54,2.244,2.984,0.0,0.0,1.112,6.34
2026-01-29 18:00:00,Hostel B,27.046,3.885,7.493,5.1,0.0,1.055,17.533
2026-01-29 19:00:00,Hostel B,26.853,2.706,7.557,5.1,0.0,1.094,16.457
2026-01-29 20:00:00,Hostel B,25.182,0.0,7.902,5.1,0.0,1.125,14.127
2026-01-29 21:00:00,Hostel B,23.333,0.0,7.356,5.1,0.0,1.098,13.554
2026-01-29 22:00:00,Hostel B,22.581,0.0,7.872,5.1,0.0,1.12,14.092
2026-01-29 23:00:00,Hostel B,20.471,0.0,8.597,5.1,0.0,1.095,14.792
2026-01-30 00:00:00,Hostel B,19.398,0.0,7.432,5.1,0.0,1.05,13.582
2026-01-30 01:00:00,Hostel B,19.082,0.0,8.776,5.1,0.0,1.106,14.982
2026-01-30 02:00:00,Hostel B,17.537,0.0,8.767,5.1,0.0,1.087,14.954
2026-01-30 03:00:00,Hostel B,17.894,0.0,8.056,5.1,0.0,1.016,14.172
2026-01-30 04:00:00,Hostel B,17.559,0.0,8.675,5.1,0.0,1.032,14.807
2026-01-30 05:00:00,Hostel B,17.598,0.0,8.41,5.1,13.562,1.042,28.114
2026-01-30 06:00:00,Hostel B,20.521,0.0,7.777,5.1,17.77,1.096,31.743
2026-01-30 07:00:00,Hostel B,22.708,0.0,8.143,0.0,13.147,1.102,22.392
2026-01-30 08:00:00,Hostel B,23.512,0.0,7.348,0.0,16.976,1.106,25.429
2026-01-30 09:00:00,Hostel B,24.332,0.0,3.304,0.0,0.0,1.02,4.324
2026-01-30 10:00:00,Hostel B,24.911,0.0,3.55,0.0,0.0,1.021,4.571
2026-01-30 11:00:00,Hostel B,26.713,1.088,3.37,0.0,0.0,1.046,5.504
2026-01-30 12:00:00,Hostel B,29.3,4.724,3.221,0.0,0.0,1.089,9.034
2026-01-30 13:00:00,Hostel B,26.915,1.057,3.428,0.0,0.0,1.107,5.592
2026-01-30 14:00:00,Hostel B,29.432,5.05,3.658,0.0,0.0,1.11,9.818
2026-01-30 15:00:00,Hostel B,30.734,6.864,2.99,0.0,0.0,1.036,10.889
2026-01-30 16:00:00,Hostel B,28.657,3.852,3.183,0.0,0.0,1.099,8.133
2026-01-30 17:00:00,Hostel B,29.62,4.658,3.055,0.0,0.0,1.085,8.797
2026-01-30 18:00:00,Hostel B,28.62,7.613,8.848,5.1,0.0,1.117,22.678
2026-01-30 19:00:00,Hostel B,25.546,0.0,8.114,5.1,0.0,1.099,14.314
2026-01-30 20:00:00,Hostel B,25.64,0.0,7.371,5.1,0.0,1.072,13.543
2026-01-30 21:00:00,Hostel B,23.383,0.0,8.233,5.1,0.0,1.101,14.433
2026-01-30 22:00:00,Hostel B,22.863,0.0,8.033,5.1,0.0,1.047,14.18
2026-01-30 23:00:00,Hostel B,21.67,0.0,7.246,5.1,0.0,1.101,13.447
2026-01-31 00:00:00,Hostel B,20.156,0.0,7.381,4.335,0.0,1.1,12.816
2026-01-31 01:00:00,Hostel B,18.876,16.026,7.145,6.762,0.0,1.109,31.042
2026-01-31 02:00:00,Hostel B,18.493,16.026,6.077,6.762,0.0,1.04,29.905
2026-01-31 03:00:00,Hostel B,16.824,16.026,7.525,6.762,0.0,1.108,31.421
2026-01-31 04:00:00,Hostel B,18.174,16.026,6.311,6.762,0.0,1.032,30.13
2026-01-31 05:00:00,Hostel B,18.007,16.026,6.069,6.762,12.573,1.099,42.53
2026-01-31 06:00:00,Hostel B,20.789,0.0,6.717,4.335,14.798,1.117,26.967
2026-01-31 07:00:00,Hostel B,21.683,0.0,6.283,0.0,12.301,1.017,19.6
2026-01-31 08:00:00,Hostel B,23.127,0.0,6.934,0.0,17.458,1.083,25.475
2026-01-31 09:00:00,Hostel B,25.713,0.0,2.694,0.0,0.0,1.087,3.78
2026-01-31 10:00:00,Hostel B,25.223,0.0,2.615,0.0,0.0,1.104,3.719
2026-01-31 11:00:00,Hostel B,26.451,0.531,3.115,0.0,0.0,1.024,4.67
2026-01-31 12:00:00,Hostel B,27.889,1.997,2.707,0.0,0.0,1.115,5.819
2026-01-31 13:00:00,Hostel B,27.594,1.755,2.758,0.0,0.0,1.124,5.638
2026-01-31 14:00:00,Hostel B,28.272,2.871,2.683,0.0,0.0,1.088,6.642
2026-01-31 15:00:00,Hostel B,30.621,4.951,3.022,0.0,0.0,1.061,9.034
2026-01-31 16:00:00,Hostel B,28.4,2.762,2.622,0.0,0.0,1.084,6.468
2026-01-31 17:00:00,Hostel B,28.121,2.136,2.579,0.0,0.0,1.019,5.733
2026-01-31 18:00:00,Hostel B,28.141,6.57,7.406,4.335,0.0,1.097,19.409
2026-01-31 19:00:00,Hostel B,26.588,1.715,6.347,4.335,0.0,1.02,13.418
2026-01-31 20:00:00,Hostel B,26.439,1.402,7.371,4.335,0.0,1.049,14.157
2026-01-31 21:00:00,Hostel B,24.06,0.0,6.946,4.335,0.0,1.028,12.309
2026-01-31 22:00:00,Hostel B,21.649,0.0,7.318,4.335,0.0,1.094,12.747
2026-01-31 23:00:00,Hostel B,21.972,0.0,6.175,4.335,0.0,1.079,11.59
2026-02-01 00:00:00,Hostel B,23.486,0.0,7.531,4.335,0.0,1.091,12.957
2026-02-01 01:00:00,Hostel B,20.393,10.837,6.524,7.496,0.0,1.02,25.877
2026-02-01 02:00:00,Hostel B,21.457,10.837,6.158,7.496,0.0,1.054,25.546
2026-02-01 03:00:00,Hostel B,20.285,10.837,7.23,7.496,0.0,1.058,26.622
2026-02-01 04:00:00,Hostel B,20.463,10.837,6.34,7.496,0.0,1.08,25.754
2026-02-01 05:00:00,Hostel B,23.673,10.837,6.602,7.496,13.732,1.024,39.692
2026-02-01 06:00:00,Hostel B,22.882,0.0,6.971,4.335,16.429,1.085,28.82
2026-02-01 07:00:00,Hostel B,23.782,0.0,6.173,0.0,14.242,1.057,21.472
2026-02-01 08:00:00,Hostel B,25.532,0.0,6.375,0.0,17.505,1.114,24.995
2026-02-01 09:00:00,Hostel B,27.874,2.316,2.805,0.0,0.0,1.063,6.184
2026-02-01 10:00:00,Hostel B,27.851,2.119,2.763,0.0,0.0,1.024,5.906
2026-02-01 11:00:00,Hostel B,29.469,3.718,2.847,0.0,0.0,1.024,7.589
2026-02-01 12:00:00,Hostel B,31.899,5.811,2.954,0.0,0.0,1.041,9.806
2026-02-01 13:00:00,Hostel B,30.68,6.38,2.72,0.0,0.0,1.039,10.139
2026-02-01 14:00:00,Hostel B,33.786,7.858,2.752,0.0,0.0,1.102,11.711
2026-02-01 15:00:00,Hostel B,31.395,6.01,2.669,0.0,0.0,1.094,9.772
2026-02-01 16:00:00,Hostel B,32.55,6.916,2.711,0.0,0.0,1.021,10.648
2026-02-01 17:00:00,Hostel B,30.597,5.438,2.531,0.0,0.0,1.108,9.077
2026-02-01 18:00:00,Hostel B,30.186,10.754,6.949,4.335,0.0,1.023,23.061
2026-02-01 19:00:00,Hostel B,31.298,16.522,6.331,4.335,0.0,1.101,28.289
2026-02-01 20:00:00,Hostel B,29.597,9.35,7.156,4.335,0.0,1.025,21.866
2026-02-01 21:00:00,Hostel B,28.151,5.506,6.133,4.335,0.0,1.055,17.028
2026-02-01 22:00:00,Hostel B,23.998,0.0,6.16,4.335,0.0,1.097,11.592
2026-02-01 23:00:00,Hostel B,22.949,0.0,6.501,4.335,0.0,1.041,11.877
2026-02-02 00:00:00,Hostel B,23.097,0.0,7.923,5.1,0.0,1.025,14.048
2026-02-02 01:00:00,Hostel B,22.519,11.08,8.378,8.358,0.0,1.101,28.917
2026-02-02 02:00:00,Hostel B,20.405,11.08,8.376,8.358,0.0,1.09,28.904
2026-02-02 03:00:00,Hostel B,20.421,11.08,8.877,8.358,0.0,1.113,29.428
2026-02-02 04:00:00,Hostel B,20.073,11.08,7.768,8.358,0.0,1.085,28.29
2026-02-02 05:00:00,Hostel B,23.462,11.08,7.246,8.358,17.999,1.021,45.704
2026-02-02 06:00:00,Hostel B,22.282,0.0,8.677,5.1,14.22,1.084,29.082
2026-02-02 07:00:00,Hostel B,24.031,0.0,8.444,0.0,12.597,1.105,22.147
2026-02-02 08:00:00,Hostel B,25.531,0.0,7.262,0.0,15.91,1.022,24.193
2026-02-02 09:00:00,Hostel B,28.106,3.26,3.001,0.0,0.0,1.028,7.289
2026-02-02 10:00:00,Hostel B,27.6,1.874,3.29,0.0,0.0,1.089,6.253
2026-02-02 11:00:00,Hostel B,31.168,6.937,3.191,0.0,0.0,1.102,11.229
2026-02-02 12:00:00,Hostel B,29.964,5.363,3.378,0.0,0.0,1.052,9.793
2026-02-02 13:00:00,Hostel B,33.362,9.364,3.101,0.0,0.0,1.095,13.56
2026-02-02 14:00:00,Hostel B,31.08,6.939,3.645,0.0,0.0,1.031,11.616
2026-02-02 15:00:00,Hostel B,32.895,9.842,3.316,0.0,0.0,1.062,14.221
2026-02-02 16:00:00,Hostel B,34.421,12.095,3.492,0.0,0.0,1.097,16.684
2026-02-02 17:00:00,Hostel B,32.893,10.189,3.032,0.0,0.0,1.035,14.257
2026-02-02 18:00:00,Hostel B,31.664,16.317,8.241,5.1,0.0,1.052,30.71
2026-02-02 19:00:00,Hostel B,28.952,9.855,8.684,5.1,0.0,1.083,24.723
2026-02-02 20:00:00,Hostel B,27.818,6.717,7.181,5.1,0.0,1.051,20.05
2026-02-02 21:00:00,Hostel B,28.344,7.814,8.104,5.1,0.0,1.111,22.129
2026-02-02 22:00:00,Hostel B,25.919,0.0,7.58,5.1,0.0,1.12,13.801
2026-02-02 23:00:00,Hostel B,24.89,0.0,7.994,5.1,0.0,1.085,14.179
2026-02-03 00:00:00,Hostel B,22.831,0.0,8.597,5.1,0.0,1.101,14.797
2026-02-03 01:00:00,Hostel B,21.522,12.854,8.372,8.171,0.0,1.115,30.512
2026-02-03 02:00:00,Hostel B,21.971,12.854,8.487,8.171,0.0,1.091,30.604
2026-02-03 03:00:00,Hostel B,21.259,12.854,7.518,8.171,0.0,1.099,29.643
2026-02-03 04:00:00,Hostel B,21.034,12.854,8.626,8.171,0.0,1.022,30.673
2026-02-03 05:00:00,Hostel B,20.39,12.854,8.236,8.171,13.183,1.105,43.549
2026-02-03 06:00:00,Hostel B,23.711,0.0,7.264,5.1,12.688,1.043,26.095
2026-02-03 07:00:00,Hostel B,24.44,0.0,8.68,0.0,19.681,1.02,29.382
2026-02-03 08:00:00,Hostel B,24.841,0.0,7.24,0.0,15.808,1.079,24.126
2026-02-03 09:00:00,Hostel B,28.179,3.406,2.961,0.0,0.0,1.038,7.405
2026-02-03 10:00:00,Hostel B,28.797,4.516,3.553,0.0,0.0,1.021,9.09
2026-02-03 11:00:00,Hostel B,30.263,6.943,2.95,0.0,0.0,1.081,10.974
2026-02-03 12:00:00,Hostel B,32.127,7.719,3.005,0.0,0.0,1.024,11.748
2026-02-03 13:00:00,Hostel B,32.865,9.557,2.952,0.0,0.0,1.112,13.622
2026-02-03 14:00:00,Hostel B,33.089,11.251,3.587,0.0,0.0,1.122,15.96
2026-02-03 15:00:00,Hostel B,32.811,10.127,2.973,0.0,0.0,1.096,14.195
2026-02-03 16:00:00,Hostel B,34.779,11.373,3.214,0.0,0.0,1.045,15.632
2026-02-03 17:00:00,Hostel B,31.462,8.515,3.099,0.0,0.0,1.076,12.691
2026-02-03 18:00:00,Hostel B,31.989,20.811,7.75,5.1,0.0,1.016,34.677
2026-02-03 19:00:00,Hostel B,29.916,14.339,7.659,5.1,0.0,1.082,28.181
2026-02-03 20:00:00,Hostel B,29.008,11.874,8.725,5.1,0.0,1.042,26.741
2026-02-03 21:00:00,Hostel B,28.233,8.892,8.512,5.1,0.0,1.064,23.568
2026-02-03 22:00:00,Hostel B,25.136,0.0,8.72,5.1,0.0,1.033,14.852
2026-02-03 23:00:00,Hostel B,24.602,0.0,8.425,5.1,0.0,1.123,14.649
2026-02-04 00:00:00,Hostel B,23.023,0.0,7.73,5.1,0.0,1.036,13.866
2026-02-04 01:00:00,Hostel B,21.163,0.0,7.472,5.1,0.0,1.059,13.631
2026-02-04 02:00:00,Hostel B,22.463,0.0,8.086,5.1,0.0,1.041,14.227
2026-02-04 03:00:00,Hostel B,21.711,0.0,7.777,5.1,0.0,1.073,13.95
2026-02-04 04:00:00,Hostel B,20.77,0.0,8.288,5.1,0.0,1.114,14.503
2026-02-04 05:00:00,Hostel B,22.907,0.0,7.209,5.1,14.592,1.031,27.932
2026-02-04 06:00:00,Hostel B,21.926,0.0,8.413,5.1,16.974,1.028,31.515
2026-02-04 07:00:00,Hostel B,23.971,0.0,7.675,0.0,15.88,1.021,24.575
2026-02-04 08:00:00,Hostel B,25.018,0.0,7.965,0.0,12.807,1.079,21.851
2026-02-04 09:00:00,Hostel B,27.751,2.503,3.659,0.0,0.0,1.08,7.243
2026-02-04 10:00:00,Hostel B,28.073,2.959,3.098,0.0,0.0,1.105,7.162
2026-02-04 11:00:00,Hostel B,30.758,6.661,3.026,0.0,0.0,1.107,10.794
2026-02-04 12:00:00,Hostel B,31.837,6.87,3.094,0.0,0.0,1.024,10.989
2026-02-04 13:00:00,Hostel B,31.821,8.727,3.198,0.0,0.0,1.115,13.04
2026-02-04 14:00:00,Hostel B,34.625,13.01,3.334,0.0,0.0,1.106,17.45
2026-02-04 15:00:00,Hostel B,32.255,8.674,3.66,0.0,0.0,1.085,13.42
2026-02-04 16:00:00,Hostel B,31.387,8.576,3.579,0.0,0.0,1.052,13.207
2026-02-04 17:00:00,Hostel B,33.052,11.514,3.465,0.0,0.0,1.096,16.076
2026-02-04 18:00:00,Hostel B,29.093,11.633,8.426,5.1,0.0,1.082,26.241
2026-02-04 19:00:00,Hostel B,31.492,21.408,7.647,5.1,0.0,1.052,35.207
2026-02-04 20:00:00,Hostel B,28.655,8.951,8.796,5.1,0.0,1.014,23.861
2026-02-04 21:00:00,Hostel B,25.573,0.0,8.103,5.1,0.0,1.079,14.282
2026-02-04 22:00:00,Hostel B,24.499,0.0,7.43,5.1,0.0,1.077,13.607
2026-02-04 23:00:00,Hostel B,22.366,0.0,8.836,5.1,0.0,1.03,14.966
2026-02-05 00:00:00,Hostel B,23.14,0.0,8.044,5.1,0.0,1.114,14.259
2026-02-05 01:00:00,Hostel B,20.477,0.0,7.418,5.1,0.0,1.03,13.548
2026-02-05 02:00:00,Hostel B,21.707,0.0,8.452,5.1,0.0,1.045,14.597
2026-02-05 03:00:00,Hostel B,20.695,0.0,7.557,5.1,0.0,1.054,13.712
2026-02-05 04:00:00,Hostel B,20.729,0.0,7.475,5.1,0.0,1.089,13.664
2026-02-05 05:00:00,Hostel B,22.313,0.0,7.618,5.1,18.665,1.022,32.404
2026-02-05 06:00:00,Hostel B,23.381,0.0,8.172,5.1,19.733,1.092,34.097
2026-02-05 07:00:00,Hostel B,25.146,0.0,7.662,0.0,15.934,1.059,24.655
2026-02-05 08:00:00,Hostel B,24.813,0.0,7.213,0.0,19.013,1.033,27.259
2026-02-05 09:00:00,Hostel B,26.97,1.451,3.225,0.0,0.0,1.025,5.701
2026-02-05 10:00:00,Hostel B,27.918,2.505,3.112,0.0,0.0,1.059,6.676
2026-02-05 11:00:00,Hostel B,30.163,6.689,3.316,0.0,0.0,1.063,11.068
2026-02-05 12:00:00,Hostel B,30.464,7.035,3.278,0.0,0.0,1.028,11.341
2026-02-05 13:00:00,Hostel B,31.772,7.911,2.997,0.0,0.0,1.067,11.975
2026-02-05 14:00:00,Hostel B,32.377,9.145,3.12,0.0,0.0,1.069,13.334
2026-02-05 15:00:00,Hostel B,33.293,11.417,3.147,0.0,0.0,1.123,15.687
2026-02-05 16:00:00,Hostel B,32.799,10.723,3.296,0.0,0.0,1.093,15.112
2026-02-05 17:00:00,Hostel B,32.702,9.535,3.544,0.0,0.0,1.014,14.093
2026-02-05 18:00:00,Hostel B,31.136,20.29,7.53,5.1,0.0,1.066,33.986
2026-02-05 19:00:00,Hostel B,29.42,11.669,7.422,5.1,0.0,1.015,25.206
2026-02-05 20:00:00,Hostel B,28.744,7.789,7.142,5.1,0.0,1.07,21.1
2026-02-05 21:00:00,Hostel B,26.083,0.287,8.223,5.1,0.0,1.051,14.66
2026-02-05 22:00:00,Hostel B,26.016,0.06,7.721,5.1,0.0,1.114,13.996
2026-02-05 23:00:00,Hostel B,23.715,0.0,8.336,5.1,0.0,1.068,14.504
2026-02-06 00:00:00,Hostel B,22.962,0.0,8.372,5.1,0.0,1.108,14.58
2026-02-06 01:00:00,Hostel B,22.024,16.169,7.22,8.825,0.0,1.078,33.292
2026-02-06 02:00:00,Hostel B,22.806,16.169,7.887,8.825,0.0,1.057,33.938
2026-02-06 03:00:00,Hostel B,21.382,16.169,8.868,8.825,0.0,1.038,34.901
2026-02-06 04:00:00,Hostel B,21.278,16.169,7.631,8.825,0.0,1.033,33.659
2026-02-06 05:00:00,Hostel B,21.111,16.169,8.085,8.825,19.913,1.102,54.094
2026-02-06 06:00:00,Hostel B,23.56,0.0,8.1,5.1,14.617,1.112,28.929
2026-02-06 07:00:00,Hostel B,23.73,0.0,7.605,0.0,15.194,1.049,23.848
2026-02-06 08:00:00,Hostel B,23.922,0.0,8.531,0.0,16.108,1.068,25.708
2026-02-06 09:00:00,Hostel B,26.805,1.255,2.943,0.0,0.0,1.045,5.242
2026-02-06 10:00:00,Hostel B,28.744,3.326,3.107,0.0,0.0,1.064,7.497
2026-02-06 11:00:00,Hostel B,29.181,5.158,3.376,0.0,0.0,1.11,9.644
2026-02-06 12:00:00,Hostel B,31.124,7.031,3.614,0.0,0.0,1.028,11.673
2026-02-06 13:00:00,Hostel B,32.125,9.996,2.947,0.0,0.0,1.045,13.988
2026-02-06 14:00:00,Hostel B,32.74,8.36,3.382,0.0,0.0,1.091,12.833
2026-02-06 15:00:00,Hostel B,34.235,12.672,2.942,0.0,0.0,1.047,16.662
2026-02-06 16:00:00,Hostel B,31.484,7.121,3.398,0.0,0.0,1.022,11.54
2026-02-06 17:00:00,Hostel B,34.23,9.633,3.243,0.0,0.0,1.055,13.93
2026-02-06 18:00:00,Hostel B,31.21,20.721,7.916,5.1,0.0,1.089,34.825
2026-02-06 19:00:00,Hostel B,30.58,14.436,8.867,5.1,0.0,1.123,29.526
2026-02-06 20:00:00,Hostel B,28.681,7.735,8.358,5.1,0.0,1.113,22.305
2026-02-06 21:00:00,Hostel B,25.274,0.0,7.491,5.1,0.0,1.076,13.666
2026-02-06 22:00:00,Hostel B,24.391,0.0,8.92,5.1,0.0,1.1,15.12
2026-02-06 23:00:00,Hostel B,23.476,0.0,7.598,5.1,0.0,1.077,13.775
2026-02-07 00:00:00,Hostel B,23.751,0.0,7.11,4.335,0.0,1.068,12.513
2026-02-07 01:00:00,Hostel B,20.42,11.123,7.101,6.565,0.0,1.032,25.821
2026-02-07 02:00:00,Hostel B,20.349,11.123,7.358,6.565,0.0,1.045,26.092
2026-02-07 03:00:00,Hostel B,21.165,11.123,6.674,6.565,0.0,1.063,25.426
2026-02-07 04:00:00,Hostel B,21.677,11.123,7.125,6.565,0.0,1.123,25.937
2026-02-07 05:00:00,Hostel B,22.247,11.123,7.019,6.565,16.083,1.081,41.872
2026-02-07 06:00:00,Hostel B,21.773,0.0,6.731,4.335,19.958,1.119,32.143
2026-02-07 07:00:00,Hostel B,22.402,0.0,7.459,0.0,15.266,1.042,23.766
2026-02-07 08:00:00,Hostel B,25.986,0.0,6.451,0.0,14.194,1.02,21.666
2026-02-07 09:00:00,Hostel B,28.433,2.692,2.639,0.0,0.0,1.123,6.454
2026-02-07 10:00:00,Hostel B,28.208,2.995,2.893,0.0,0.0,1.05,6.937
2026-02-07 11:00:00,Hostel B,28.855,3.146,2.618,0.0,0.0,1.073,6.837
2026-02-07 12:00:00,Hostel B,30.813,5.147,3.018,0.0,0.0,1.021,9.185
2026-02-07 13:00:00,Hostel B,32.59,9.027,2.711,0.0,0.0,1.109,12.848
2026-02-07 14:00:00,Hostel B,32.562,7.456,2.762,0.0,0.0,1.013,11.23
2026-02-07 15:00:00,Hostel B,34.407,11.515,2.925,0.0,0.0,1.114,15.555
2026-02-07 16:00:00,Hostel B,33.721,10.38,3.052,0.0,0.0,1.031,14.463
2026-02-07 17:00:00,Hostel B,32.38,7.484,2.93,0.0,0.0,1.033,11.447
2026-02-07 18:00:00,Hostel B,29.288,9.082,6.212,4.335,0.0,1.105,20.734
2026-02-07 19:00:00,Hostel B,29.308,8.304,6.582,4.335,0.0,1.056,20.277
2026-02-07 20:00:00,Hostel B,28.005,5.141,7.207,4.335,0.0,1.041,17.725
2026-02-07 21:00:00,Hostel B,26.253,0.661,7.446,4.335,0.0,1.08,13.521
2026-02-07 22:00:00,Hostel B,25.638,0.0,7.031,4.335,0.0,1.041,12.407
2026-02-07 23:00:00,Hostel B,24.211,0.0,6.974,4.335,0.0,1.045,12.353
2026-02-08 00:00:00,Hostel B,21.083,0.0,6.644,4.335,0.0,1.018,11.997
2026-02-08 01:00:00,Hostel B,22.608,0.0,6.794,4.335,0.0,1.073,12.203
2026-02-08 02:00:00,Hostel B,21.221,0.0,6.725,4.335,0.0,1.027,12.087
2026-02-08 03:00:00,Hostel B,21.358,0.0,6.153,4.335,0.0,1.107,11.594
2026-02-08 04:00:00,Hostel B,21.949,0.0,6.102,4.335,0.0,1.097,11.534
2026-02-08 05:00:00,Hostel B,21.037,0.0,7.006,4.335,17.305,1.045,29.69
2026-02-08 06:00:00,Hostel B,24.016,0.0,6.843,4.335,12.089,1.073,24.339
2026-02-08 07:00:00,Hostel B,23.858,0.0,6.441,0.0,15.122,1.077,22.64
2026-02-08 08:00:00,Hostel B,26.96,2.838,7.424,0.0,19.507,1.087,30.856
2026-02-08 09:00:00,Hostel B,26.106,0.124,2.628,0.0,0.0,1.06,3.812
2026-02-08 10:00:00,Hostel B,29.991,5.391,2.937,0.0,0.0,1.086,9.413
2026-02-08 11:00:00,Hostel B,29.096,3.533,2.992,0.0,0.0,1.032,7.557
2026-02-08 12:00:00,Hostel B,33.791,9.96,3.024,0.0,0.0,1.065,14.049
2026-02-08 13:00:00,Hostel B,31.244,5.599,3.023,0.0,0.0,1.023,9.645
2026-02-08 14:00:00,Hostel B,33.852,9.091,2.995,0.0,0.0,1.118,13.205
2026-02-08 15:00:00,Hostel B,32.638,7.949,2.785,0.0,0.0,1.058,11.792
2026-02-08 16:00:00,Hostel B,33.511,7.66,2.889,0.0,0.0,1.082,11.631
2026-02-08 17:00:00,Hostel B,32.156,7.522,3.035,0.0,0.0,1.068,11.624
2026-02-08 18:00:00,Hostel B,30.151,12.266,6.707,4.335,0.0,1.016,24.323
2026-02-08 19:00:00,Hostel B,27.203,3.046,7.087,4.335,0.0,1.02,15.488
2026-02-08 20:00:00,Hostel B,31.06,17.132,6.311,4.335,0.0,1.042,28.82
2026-02-08 21:00:00,Hostel B,27.073,2.645,6.926,4.335,0.0,1.088,14.994
2026-02-08 22:00:00,Hostel B,22.504,0.0,6.283,4.335,0.0,1.085,11.703
2026-02-08 23:00:00,Hostel B,24.303,0.0,7.071,4.335,0.0,1.034,12.439
2026-02-09 00:00:00,Hostel B,23.447,0.0,7.813,5.1,0.0,1.067,13.98
2026-02-09 01:00:00,Hostel B,21.089,0.0,7.547,5.1,0.0,1.054,13.7
2026-02-09 02:00:00,Hostel B,20.496,0.0,7.784,5.1,0.0,1.076,13.96
2026-02-09 03:00:00,Hostel B,20.98,0.0,8.392,5.1,0.0,1.05,14.542
2026-02-09 04:00:00,Hostel B,22.407,0.0,8.761,5.1,0.0,1.113,14.974
2026-02-09 05:00:00,Hostel B,21.904,0.0,7.16,5.1,15.892,1.066,29.218
2026-02-09 06:00:00,Hostel B,24.221,0.0,7.44,5.1,18.876,1.06,32.476
2026-02-09 07:00:00,Hostel B,25.131,0.0,8.4,0.0,16.235,1.092,25.727
2026-02-09 08:00:00,Hostel B,25.218,0.0,8.155,0.0,18.088,1.1,27.343
2026-02-09 09:00:00,Hostel B,25.429,0.0,3.175,0.0,0.0,1.062,4.236
2026-02-09 10:00:00,Hostel B,28.326,3.635,3.419,0.0,0.0,1.025,8.078
2026-02-09 11:00:00,Hostel B,30.526,6.614,3.577,0.0,0.0,1.022,11.214
2026-02-09 12:00:00,Hostel B,31.303,7.465,3.13,0.0,0.0,1.049,11.644
2026-02-09 13:00:00,Hostel B,32.831,9.897,3.297,0.0,0.0,1.095,14.289
2026-02-09 14:00:00,Hostel B,33.659,9.202,2.955,0.0,0.0,1.086,13.243
2026-02-09 15:00:00,Hostel B,33.531,9.114,3.635,0.0,0.0,1.045,13.794
2026-02-09 16:00:00,Hostel B,32.52,9.82,3.529,0.0,0.0,1.013,14.362
2026-02-09 17:00:00,Hostel B,32.716,10.919,3.311,0.0,0.0,1.085,15.315
2026-02-09 18:00:00,Hostel B,33.478,25.396,8.911,5.1,0.0,1.076,40.483
2026-02-09 19:00:00,Hostel B,28.51,7.163,7.533,5.1,0.0,1.099,20.895
2026-02-09 20:00:00,Hostel B,29.04,8.727,8.468,5.1,0.0,1.09,23.384
2026-02-09 21:00:00,Hostel B,28.832,9.481,8.514,5.1,0.0,1.04,24.135
2026-02-09 22:00:00,Hostel B,24.272,0.0,8.623,5.1,0.0,1.095,14.818
2026-02-09 23:00:00,Hostel B,25.001,0.0,8.363,5.1,0.0,1.067,14.53
2026-02-10 00:00:00,Hostel B,23.892,0.0,7.48,5.1,0.0,1.077,13.657
2026-02-10 01:00:00,Hostel B,20.327,13.729,7.303,7.488,0.0,1.053,29.574
2026-02-10 02:00:00,Hostel B,21.917,13.729,7.462,7.488,0.0,1.101,29.781
2026-02-10 03:00:00,Hostel B,20.729,13.729,8.672,7.488,0.0,1.035,30.925
2026-02-10 04:00:00,Hostel B,21.144,13.729,7.858,7.488,0.0,1.036,30.111
2026-02-10 05:00:00,Hostel B,21.479,13.729,8.115,7.488,19.697,1.039,50.069
2026-02-10 06:00:00,Hostel B,24.07,0.0,7.185,5.1,13.579,1.101,26.966
2026-02-10 07:00:00,Hostel B,23.888,0.0,8.017,0.0,19.022,1.094,28.133
2026-02-10 08:00:00,Hostel B,24.984,0.0,7.871,0.0,14.87,1.043,23.783
2026-02-10 09:00:00,Hostel B,26.554,0.884,3.333,0.0,0.0,1.029,5.246
2026-02-10 10:00:00,Hostel B,28.212,3.287,3.216,0.0,0.0,1.016,7.519
2026-02-10 11:00:00,Hostel B,28.92,3.387,2.995,0.0,0.0,1.089,7.472
2026-02-10 12:00:00,Hostel B,30.771,5.794,2.972,0.0,0.0,1.073,9.84
2026-02-10 13:00:00,Hostel B,32.314,8.164,3.638,0.0,0.0,1.092,12.894
2026-02-10 14:00:00,Hostel B,33.2,11.442,3.384,0.0,0.0,1.092,15.918
2026-02-10 15:00:00,Hostel B,34.204,12.439,3.413,0.0,0.0,1.108,16.959
2026-02-10 16:00:00,Hostel B,33.037,10.22,3.613,0.0,0.0,1.059,14.892
2026-02-10 17:00:00,Hostel B,31.722,7.001,3.345,0.0,0.0,1.106,11.451
2026-02-10 18:00:00,Hostel B,30.232,16.501,8.239,5.1,0.0,1.062,30.901
2026-02-10 19:00:00,Hostel B,30.294,16.126,8.074,5.1,0.0,1.092,30.392
2026-02-10 20:00:00,Hostel B,28.436,7.49,7.454,5.1,0.0,1.075,21.119
2026-02-10 21:00:00,Hostel B,26.916,2.996,7.696,5.1,0.0,1.116,16.909
2026-02-10 22:00:00,Hostel B,25.71,0.0,8.719,5.1,0.0,1.054,14.873
2026-02-10 23:00:00,Hostel B,24.519,0.0,7.932,5.1,0.0,1.09,14.122
2026-02-11 00:00:00,Hostel B,23.027,0.0,7.504,5.1,0.0,1.08,13.684
2026-02-11 01:00:00,Hostel B,21.633,16.425,8.618,8.674,0.0,1.125,34.842
2026-02-11 02:00:00,Hostel B,20.403,16.425,7.296,8.674,0.0,1.021,33.416
2026-02-11 03:00:00,Hostel B,20.387,16.425,8.282,8.674,0.0,1.08,34.46
2026-02-11 04:00:00,Hostel B,22.053,16.425,8.39,8.674,0.0,1.039,34.527
2026-02-11 05:00:00,Hostel B,21.38,16.425,7.682,8.674,18.727,1.112,52.62
2026-02-11 06:00:00,Hostel B,21.411,0.0,7.438,5.1,16.936,1.102,30.576
2026-02-11 07:00:00,Hostel B,25.16,0.0,7.94,0.0,13.632,1.087,22.66
2026-02-11 08:00:00,Hostel B,24.505,0.0,8.488,0.0,16.637,1.067,26.191
2026-02-11 09:00:00,Hostel B,27.035,1.49,3.592,0.0,0.0,1.089,6.171
2026-02-11 10:00:00,Hostel B,29.044,4.875,3.539,0.0,0.0,1.075,9.49
2026-02-11 11:00:00,Hostel B,30.003,6.009,3.021,0.0,0.0,1.045,10.075
2026-02-11 12:00:00,Hostel B,28.765,4.233,3.104,0.0,0.0,1.105,8.441
2026-02-11 13:00:00,Hostel B,32.587,9.05,3.393,0.0,0.0,1.07,13.514
2026-02-11 14:00:00,Hostel B,34.122,10.021,3.462,0.0,0.0,1.041,14.524
2026-02-11 15:00:00,Hostel B,33.787,12.438,2.946,0.0,0.0,1.087,16.472
2026-02-11 16:00:00,Hostel B,30.672,6.881,3.045,0.0,0.0,1.015,10.94
2026-02-11 17:00:00,Hostel B,34.323,13.285,3.009,0.0,0.0,1.094,17.387
2026-02-11 18:00:00,Hostel B,29.917,13.815,7.749,5.1,0.0,1.065,27.73
2026-02-11 19:00:00,Hostel B,28.922,9.736,8.355,5.1,0.0,1.084,24.275
2026-02-11 20:00:00,Hostel B,29.335,9.838,8.824,5.1,0.0,1.03,24.792
2026-02-11 21:00:00,Hostel B,27.453,4.743,7.3,5.1,0.0,1.093,18.236
2026-02-11 22:00:00,Hostel B,25.527,0.0,8.043,5.1,0.0,1.094,14.237
2026-02-11 23:00:00,Hostel B,23.431,0.0,7.805,5.1,0.0,1.096,14.001
2026-02-12 00:00:00,Hostel B,24.088,0.0,7.851,5.1,0.0,1.065,14.016
2026-02-12 01:00:00,Hostel B,21.765,0.0,7.261,5.1,0.0,1.085,13.446
2026-02-12 02:00:00,Hostel B,19.639,0.0,7.655,5.1,0.0,1.074,13.829
2026-02-12 03:00:00,Hostel B,22.232,0.0,7.591,5.1,0.0,1.039,13.729
2026-02-12 04:00:00,Hostel B,21.424,0.0,8.422,5.1,0.0,1.015,14.537
2026-02-12 05:00:00,Hostel B,22.919,0.0,8.286,5.1,13.739,1.059,28.184
2026-02-12 06:00:00,Hostel B,23.33,0.0,8.276,5.1,16.006,1.104,30.486
2026-02-12 07:00:00,Hostel B,26.392,1.338,8.067,0.0,17.877,1.049,28.33
2026-02-12 08:00:00,Hostel B,25.137,0.0,7.751,0.0,12.988,1.097,21.835
2026-02-12 09:00:00,Hostel B,27.016,1.178,3.119,0.0,0.0,1.084,5.382
2026-02-12 10:00:00,Hostel B,29.273,5.301,2.948,0.0,0.0,1.052,9.302
2026-02-12 11:00:00,Hostel B,29.696,5.518,3.049,0.0,0.0,1.013,9.579
2026-02-12 12:00:00,Hostel B,32.045,6.982,3.102,0.0,0.0,1.061,11.145
2026-02-12 13:00:00,Hostel B,29.249,4.859,3.657,0.0,0.0,1.057,9.573
2026-02-12 14:00:00,Hostel B,32.723,7.996,3.653,0.0,0.0,1.028,12.677
2026-02-12 15:00:00,Hostel B,32.897,10.092,3.504,0.0,0.0,1.105,14.701
2026-02-12 16:00:00,Hostel B,32.656,8.63,3.389,0.0,0.0,1.12,13.139
2026-02-12 17:00:00,Hostel B,31.319,6.664,3.432,0.0,0.0,1.026,11.122
2026-02-12 18:00:00,Hostel B,32.149,21.765,8.212,5.1,0.0,1.038,36.116
2026-02-12 19:00:00,Hostel B,29.496,11.563,8.295,5.1,0.0,1.084,26.041
2026-02-12 20:00:00,Hostel B,28.753,7.891,7.531,5.1,0.0,1.119,21.642
2026-02-12 21:00:00,Hostel B,26.963,3.632,8.883,5.1,0.0,1.118,18.733
2026-02-12 22:00:00,Hostel B,25.947,0.0,8.491,5.1,0.0,1.117,14.708
2026-02-12 23:00:00,Hostel B,25.431,0.0,7.558,5.1,0.0,1.062,13.72
2026-02-13 00:00:00,Hostel B,22.952,0.0,8.057,5.1,0.0,1.123,14.28
2026-02-13 01:00:00,Hostel B,22.645,14.975,8.549,8.897,0.0,1.054,33.475
2026-02-13 02:00:00,Hostel B,21.349,14.975,8.766,8.897,0.0,1.022,33.661
2026-02-13 03:00:00,Hostel B,20.494,14.975,7.825,8.897,0.0,1.092,32.789
2026-02-13 04:00:00,Hostel B,21.063,14.975,8.003,8.897,0.0,1.075,32.951
2026-02-13 05:00:00,Hostel B,21.52,14.975,7.693,8.897,15.018,1.102,47.686
2026-02-13 06:00:00,Hostel B,23.326,0.0,7.812,5.1,16.897,1.082,30.892
2026-02-13 07:00:00,Hostel B,24.107,0.0,7.546,0.0,13.812,1.105,22.464
2026-02-13 08:00:00,Hostel B,24.653,0.0,7.193,0.0,15.712,1.051,23.956
2026-02-13 09:00:00,Hostel B,26.778,1.099,3.246,0.0,0.0,1.045,5.39
2026-02-13 10:00:00,Hostel B,27.027,1.53,3.286,0.0,0.0,1.098,5.914
2026-02-13 11:00:00,Hostel B,29.815,4.97,3.513,0.0,0.0,1.068,9.552
2026-02-13 12:00:00,Hostel B,31.244,7.065,3.324,0.0,0.0,1.033,11.422
2026-02-13 13:00:00,Hostel B,34.005,10.064,3.18,0.0,0.0,1.055,14.299
2026-02-13 14:00:00,Hostel B,34.144,10.527,3.28,0.0,0.0,1.103,14.911
2026-02-13 15:00:00,Hostel B,31.966,8.87,3.525,0.0,0.0,1.116,13.511
2026-02-13 16:00:00,Hostel B,32.997,9.198,3.293,0.0,0.0,1.098,13.589
2026-02-13 17:00:00,Hostel B,32.415,8.251,3.348,0.0,0.0,1.093,12.692
2026-02-13 18:00:00,Hostel B,31.012,15.768,7.449,5.1,0.0,1.104,29.421
2026-02-13 19:00:00,Hostel B,29.833,13.498,7.154,5.1,0.0,1.035,26.787
2026-02-13 20:00:00,Hostel B,28.199,7.607,8.799,5.1,0.0,1.078,22.584
2026-02-13 21:00:00,Hostel B,28.873,9.409,7.618,5.1,0.0,1.079,23.207
2026-02-13 22:00:00,Hostel B,25.031,0.0,7.76,5.1,0.0,1.119,13.979
2026-02-13 23:00:00,Hostel B,24.341,0.0,7.345,5.1,0.0,1.014,13.459
2026-02-14 00:00:00,Hostel B,20.228,0.0,6.847,4.335,0.0,1.122,12.304
2026-02-14 01:00:00,Hostel B,22.627,0.0,7.187,4.335,0.0,1.094,12.617
2026-02-14 02:00:00,Hostel B,22.389,0.0,7.11,4.335,0.0,1.015,12.46
2026-02-14 03:00:00,Hostel B,19.948,0.0,7.367,4.335,0.0,1.071,12.773
2026-02-14 04:00:00,Hostel B,20.693,0.0,6.504,4.335,0.0,1.02,11.859
2026-02-14 05:00:00,Hostel B,22.255,0.0,6.546,4.335,18.026,1.08,29.988
2026-02-14 06:00:00,Hostel B,22.777,0.0,7.534,4.335,14.172,1.063,27.105
2026-02-14 07:00:00,Hostel B,24.466,0.0,6.762,0.0,16.248,1.099,24.109
2026-02-14 08:00:00,Hostel B,25.16,0.0,7.335,0.0,13.259,1.078,21.672
2026-02-14 09:00:00,Hostel B,28.863,3.26,2.881,0.0,0.0,1.101,7.242
2026-02-14 10:00:00,Hostel B,27.883,2.06,2.612,0.0,0.0,1.054,5.726
2026-02-14 11:00:00,Hostel B,32.692,8.235,3.097,0.0,0.0,1.109,12.441
2026-02-14 12:00:00,Hostel B,32.485,8.306,2.702,0.0,0.0,1.11,12.117
2026-02-14 13:00:00,Hostel B,33.028,9.779,2.9,0.0,0.0,1.086,13.766
2026-02-14 14:00:00,Hostel B,31.755,7.107,2.658,0.0,0.0,1.042,10.807
2026-02-14 15:00:00,Hostel B,33.91,9.345,2.859,0.0,0.0,1.124,13.328
2026-02-14 16:00:00,Hostel B,33.399,7.635,2.837,0.0,0.0,1.104,11.577
2026-02-14 17:00:00,Hostel B,30.077,5.663,2.662,0.0,0.0,1.108,9.433
2026-02-14 18:00:00,Hostel B,29.838,11.77,7.569,4.335,0.0,1.014,24.688
2026-02-14 19:00:00,Hostel B,30.358,11.061,6.282,4.335,0.0,1.105,22.784
2026-02-14 20:00:00,Hostel B,28.42,6.866,6.741,4.335,0.0,1.037,18.979
2026-02-14 21:00:00,Hostel B,26.484,1.422,6.117,4.335,0.0,1.07,12.943
2026-02-14 22:00:00,Hostel B,26.526,1.363,7.105,4.335,0.0,1.092,13.895
2026-02-14 23:00:00,Hostel B,23.116,0.0,6.77,4.335,0.0,1.059,12.164
2026-02-15 00:00:00,Hostel B,22.302,0.0,6.919,4.335,0.0,1.04,12.294
2026-02-15 01:00:00,Hostel B,21.157,0.0,7.129,4.335,0.0,1.069,12.533
2026-02-15 02:00:00,Hostel B,21.715,0.0,7.228,4.335,0.0,1.046,12.609
2026-02-15 03:00:00,Hostel B,19.281,0.0,7.534,4.335,0.0,1.082,12.951
2026-02-15 04:00:00,Hostel B,20.707,0.0,7.38,4.335,0.0,1.025,12.74
2026-02-15 05:00:00,Hostel B,20.081,0.0,6.56,4.335,15.033,1.058,26.986
2026-02-15 06:00:00,Hostel B,22.444,0.0,7.172,4.335,15.183,1.079,27.77
2026-02-15 07:00:00,Hostel B,24.723,0.0,6.184,0.0,15.757,1.124,23.065
2026-02-15 08:00:00,Hostel B,26.188,0.628,6.276,0.0,17.926,1.068,25.898
2026-02-15 09:00:00,Hostel B,26.272,0.289,2.786,0.0,0.0,1.06,4.135
2026-02-15 10:00:00,Hostel B,29.086,3.948,2.786,0.0,0.0,1.124,7.857
2026-02-15 11:00:00,Hostel B,29.815,4.681,2.815,0.0,0.0,1.117,8.612
2026-02-15 12:00:00,Hostel B,32.604,7.403,2.796,0.0,0.0,1.088,11.287
2026-02-15 13:00:00,Hostel B,32.066,7.743,2.9,0.0,0.0,1.074,11.717
2026-02-15 14:00:00,Hostel B,29.823,3.77,3.095,0.0,0.0,1.043,7.908
2026-02-15 15:00:00,Hostel B,33.895,8.469,2.607,0.0,0.0,1.083,12.159
2026-02-15 16:00:00,Hostel B,32.336,6.878,2.722,0.0,0.0,1.106,10.707
2026-02-15 17:00:00,Hostel B,31.922,6.072,2.545,0.0,0.0,1.123,9.74
2026-02-15 18:00:00,Hostel B,31.579,13.418,6.372,4.335,0.0,1.032,25.157
2026-02-15 19:00:00,Hostel B,28.575,7.029,7.567,4.335,0.0,1.043,19.974
2026-02-15 20:00:00,Hostel B,28.628,6.812,6.129,4.335,0.0,1.112,18.388
2026-02-15 21:00:00,Hostel B,27.534,3.845,6.393,4.335,0.0,1.109,15.683
2026-02-15 22:00:00,Hostel B,25.811,0.0,6.716,4.335,0.0,1.093,12.144
2026-02-15 23:00:00,Hostel B,23.401,0.0,6.513,4.335,0.0,1.024,11.872
2026-02-16 00:00:00,Hostel B,23.749,0.0,8.113,5.1,0.0,1.092,14.305
2026-02-16 01:00:00,Hostel B,20.806,11.012,8.908,7.398,0.0,1.065,28.384
2026-02-16 02:00:00,Hostel B,20.579,11.012,8.397,7.398,0.0,1.054,27.861
2026-02-16 03:00:00,Hostel B,20.864,11.012,7.864,7.398,0.0,1.041,27.316
2026-02-16 04:00:00,Hostel B,21.5,11.012,8.359,7.398,0.0,1.048,27.818
2026-02-16 05:00:00,Hostel B,21.479,11.012,8.697,7.398,13.085,1.073,41.266
2026-02-16 06:00:00,Hostel B,23.986,0.0,7.549,5.1,15.004,1.031,28.683
2026-02-16 07:00:00,Hostel B,24.295,0.0,8.42,0.0,17.233,1.07,26.722
2026-02-16 08:00:00,Hostel B,25.523,0.0,8.236,0.0,18.684,1.018,27.938
2026-02-16 09:00:00,Hostel B,27.26,1.568,3.479,0.0,0.0,1.059,6.106
2026-02-16 10:00:00,Hostel B,29.286,5.103,3.002,0.0,0.0,1.121,9.225
2026-02-16 11:00:00,Hostel B,30.241,5.215,3.479,0.0,0.0,1.096,9.79
2026-02-16 12:00:00,Hostel B,29.433,5.292,3.519,0.0,0.0,1.02,9.831
2026-02-16 13:00:00,Hostel B,33.286,10.473,3.445,0.0,0.0,1.09,15.008
2026-02-16 14:00:00,Hostel B,32.915,8.927,3.085,0.0,0.0,1.035,13.046
2026-02-16 15:00:00,Hostel B,33.685,10.014,3.059,0.0,0.0,1.066,14.139
2026-02-16 16:00:00,Hostel B,32.39,8.504,3.483,0.0,0.0,1.046,13.032
2026-02-16 17:00:00,Hostel B,30.369,6.289,3.416,0.0,0.0,1.118,10.823
2026-02-16 18:00:00,Hostel B,28.964,11.736,8.896,5.1,0.0,1.019,26.751
2026-02-16 19:00:00,Hostel B,29.056,9.685,7.952,5.1,0.0,1.112,23.848
2026-02-16 20:00:00,Hostel B,29.07,12.02,7.549,5.1,0.0,1.091,25.76
2026-02-16 21:00:00,Hostel B,28.298,6.972,8.514,5.1,0.0,1.053,21.64
2026-02-16 22:00:00,Hostel B,25.749,0.0,8.476,5.1,0.0,1.111,14.688
2026-02-16 23:00:00,Hostel B,22.948,0.0,8.073,5.1,0.0,1.058,14.231
2026-02-17 00:00:00,Hostel B,21.973,0.0,8.472,5.1,0.0,1.091,14.663
2026-02-17 01:00:00,Hostel B,23.165,0.0,7.694,5.1,0.0,1.101,13.896
2026-02-17 02:00:00,Hostel B,19.894,0.0,7.525,5.1,0.0,1.045,13.67
2026-02-17 03:00:00,Hostel B,23.102,0.0,7.365,5.1,0.0,1.021,13.486
2026-02-17 04:00:00,Hostel B,23.08,0.0,7.659,5.1,0.0,1.11,13.869
2026-02-17 05:00:00,Hostel B,23.939,0.0,8.308,5.1,15.332,1.039,29.779
2026-02-17 06:00:00,Hostel B,23.138,0.0,7.601,5.1,12.24,1.117,26.059
2026-02-17 07:00:00,Hostel B,23.658,0.0,8.717,0.0,18.791,1.048,28.556
2026-02-17 08:00:00,Hostel B,25.803,0.0,7.586,0.0,14.197,1.059,22.842
2026-02-17 09:00:00,Hostel B,27.909,3.091,3.443,0.0,0.0,1.061,7.595
2026-02-17 10:00:00,Hostel B,27.902,2.706,3.328,0.0,0.0,1.065,7.099
2026-02-17 11:00:00,Hostel B,28.899,3.81,3.095,0.0,0.0,1.121,8.026
2026-02-17 12:00:00,Hostel B,30.959,7.848,3.349,0.0,0.0,1.04,12.237
2026-02-17 13:00:00,Hostel B,31.424,7.991,3.642,0.0,0.0,1.081,12.714
2026-02-17 14:00:00,Hostel B,34.036,11.437,3.634,0.0,0.0,1.046,16.117
2026-02-17 15:00:00,Hostel B,32.384,9.474,3.154,0.0,0.0,1.027,13.656
2026-02-17 16:00:00,Hostel B,32.891,9.097,3.334,0.0,0.0,1.045,13.477
2026-02-17 17:00:00,Hostel B,33.179,9.732,3.051,0.0,0.0,1.075,13.857
2026-02-17 18:00:00,Hostel B,32.522,19.717,7.977,5.1,0.0,1.081,33.875
2026-02-17 19:00:00,Hostel B,30.209,16.039,7.714,5.1,0.0,1.042,29.895
2026-02-17 20:00:00,Hostel B,28.937,10.529,8.799,5.1,0.0,1.124,25.552
2026-02-17 21:00:00,Hostel B,25.983,0.0,8.269,5.1,0.0,1.053,14.423
2026-02-17 22:00:00,Hostel B,26.47,1.49,7.47,5.1,0.0,1.106,15.166
2026-02-17 23:00:00,Hostel B,25.264,0.0,8.911,5.1,0.0,1.016,15.028
2026-02-18 00:00:00,Hostel B,20.887,0.0,8.379,5.1,0.0,1.091,14.57
2026-02-18 01:00:00,Hostel B,23.567,16.074,7.38,8.028,0.0,1.047,32.53
2026-02-18 02:00:00,Hostel B,20.504,16.074,8.567,8.028,0.0,1.073,33.743
2026-02-18 03:00:00,Hostel B,21.595,16.074,8.135,8.028,0.0,1.107,33.344
2026-02-18 04:00:00,Hostel B,21.282,16.074,7.854,8.028,0.0,1.094,33.051
2026-02-18 05:00:00,Hostel B,21.743,16.074,7.49,8.028,13.797,1.053,46.443
2026-02-18 06:00:00,Hostel B,22.551,0.0,7.636,5.1,14.916,1.095,28.747
2026-02-18 07:00:00,Hostel B,23.007,0.0,7.439,0.0,17.994,1.059,26.491
2026-02-18 08:00:00,Hostel B,25.971,0.0,8.574,0.0,14.907,1.02,24.501
2026-02-18 09:00:00,Hostel B,26.714,0.992,3.141,0.0,0.0,1.087,5.22
2026-02-18 10:00:00,Hostel B,27.243,1.862,3.285,0.0,0.0,1.118,6.265
2026-02-18 11:00:00,Hostel B,28.965,3.648,3.651,0.0,0.0,1.022,8.321
2026-02-18 12:00:00,Hostel B,29.95,5.314,3.671,0.0,0.0,1.09,10.075
2026-02-18 13:00:00,Hostel B,31.672,8.857,3.522,0.0,0.0,1.107,13.485
2026-02-18 14:00:00,Hostel B,33.281,11.733,3.527,0.0,0.0,1.08,16.34
2026-02-18 15:00:00,Hostel B,32.289,8.226,3.634,0.0,0.0,1.067,12.928
2026-02-18 16:00:00,Hostel B,33.771,9.585,3.526,0.0,0.0,1.039,14.149
2026-02-18 17:00:00,Hostel B,32.077,7.049,3.271,0.0,0.0,1.034,11.355
2026-02-18 18:00:00,Hostel B,30.953,14.569,7.248,5.1,0.0,1.057,27.974
2026-02-18 19:00:00,Hostel B,30.017,15.215,7.512,5.1,0.0,1.085,28.912
2026-02-18 20:00:00,Hostel B,29.948,13.162,7.934,5.1,0.0,1.048,27.243
2026-02-18 21:00:00,Hostel B,25.629,0.0,7.614,5.1,0.0,1.067,13.781
2026-02-18 22:00:00,Hostel B,27.103,4.101,7.728,5.1,0.0,1.08,18.008
2026-02-18 23:00:00,Hostel B,24.96,0.0,7.245,5.1,0.0,1.036,13.381
2026-02-19 00:00:00,Hostel B,22.736,0.0,8.126,5.1,0.0,1.096,14.321
2026-02-19 01:00:00,Hostel B,22.987,0.0,7.768,5.1,0.0,1.083,13.951
2026-02-19 02:00:00,Hostel B,20.882,0.0,7.602,5.1,0.0,1.079,13.781
2026-02-19 03:00:00,Hostel B,21.286,0.0,8.23,5.1,0.0,1.066,14.396
2026-02-19 04:00:00,Hostel B,20.663,0.0,7.634,5.1,0.0,1.054,13.788
2026-02-19 05:00:00,Hostel B,22.77,0.0,7.99,5.1,14.867,1.074,29.031
2026-02-19 06:00:00,Hostel B,22.05,0.0,7.58,5.1,12.459,1.099,26.238
2026-02-19 07:00:00,Hostel B,23.949,0.0,8.355,0.0,15.002,1.092,24.448
2026-02-19 08:00:00,Hostel B,26.126,0.49,8.665,0.0,16.261,1.095,26.512
2026-02-19 09:00:00,Hostel B,28.048,2.533,3.0,0.0,0.0,1.036,6.569
2026-02-19 10:00:00,Hostel B,27.732,2.32,3.543,0.0,0.0,1.1,6.963
2026-02-19 11:00:00,Hostel B,30.753,7.502,3.566,0.0,0.0,1.05,12.118
2026-02-19 12:00:00,Hostel B,30.261,6.649,3.649,0.0,0.0,1.039,11.336
2026-02-19 13:00:00,Hostel B,30.046,6.382,3.548,0.0,0.0,1.026,10.957
2026-02-19 14:00:00,Hostel B,32.047,7.78,3.346,0.0,0.0,1.106,12.232
2026-02-19 15:00:00,Hostel B,33.835,11.379,2.992,0.0,0.0,1.083,15.453
2026-02-19 16:00:00,Hostel B,32.783,9.091,2.995,0.0,0.0,1.107,13.193
2026-02-19 17:00:00,Hostel B,31.661,7.395,3.085,0.0,0.0,1.076,11.556
2026-02-19 18:00:00,Hostel B,31.298,18.071,7.938,5.1,0.0,1.109,32.218
2026-02-19 19:00:00,Hostel B,30.022,14.657,8.845,5.1,0.0,1.075,29.677
2026-02-19 20:00:00,Hostel B,29.175,10.822,7.453,5.1,0.0,1.085,24.461
2026-02-19 21:00:00,Hostel B,25.388,0.0,8.102,5.1,0.0,1.019,14.221
2026-02-19 22:00:00,Hostel B,25.345,0.0,8.922,5.1,0.0,1.088,15.109
2026-02-19 23:00:00,Hostel B,24.124,0.0,7.165,5.1,0.0,1.08,13.344
2026-02-20 00:00:00,Hostel B,21.392,0.0,7.224,5.1,0.0,1.04,13.364
2026-02-20 01:00:00,Hostel B,20.425,0.0,7.622,5.1,0.0,1.025,13.747
2026-02-20 02:00:00,Hostel B,20.84,0.0,7.542,5.1,0.0,1.052,13.693
2026-02-20 03:00:00,Hostel B,21.009,0.0,8.03,5.1,0.0,1.019,14.149
2026-02-20 04:00:00,Hostel B,21.216,0.0,7.891,5.1,0.0,1.08,14.071
2026-02-20 05:00:00,Hostel B,21.247,0.0,8.182,5.1,15.976,1.074,30.332
2026-02-20 06:00:00,Hostel B,22.16,0.0,7.403,5.1,12.014,1.116,25.632
2026-02-20 07:00:00,Hostel B,23.605,0.0,8.364,0.0,17.906,1.071,27.341
2026-02-20 08:00:00,Hostel B,25.746,0.0,7.523,0.0,12.718,1.095,21.336
2026-02-20 09:00:00,Hostel B,28.245,3.438,3.272,0.0,0.0,1.087,7.797
2026-02-20 10:00:00,Hostel B,26.333,0.483,2.965,0.0,0.0,1.091,4.539
2026-02-20 11:00:00,Hostel B,30.623,5.375,3.526,0.0,0.0,1.048,9.949
2026-02-20 12:00:00,Hostel B,31.131,6.197,3.401,0.0,0.0,1.059,10.657
2026-02-20 13:00:00,Hostel B,32.722,10.372,3.093,0.0,0.0,1.026,14.491
2026-02-20 14:00:00,Hostel B,33.981,11.083,3.382,0.0,0.0,1.086,15.551
2026-02-20 15:00:00,Hostel B,32.245,10.116,3.261,0.0,0.0,1.047,14.424
2026-02-20 16:00:00,Hostel B,33.74,10.47,3.547,0.0,0.0,1.074,15.091
2026-02-20 17:00:00,Hostel B,30.942,7.674,3.663,0.0,0.0,1.116,12.454
2026-02-20 18:00:00,Hostel B,31.37,15.206,7.362,5.1,0.0,1.089,28.757
2026-02-20 19:00:00,Hostel B,29.757,14.257,8.015,5.1,0.0,1.043,28.415
2026-02-20 20:00:00,Hostel B,28.599,9.918,7.601,5.1,0.0,1.07,23.689
2026-02-20 21:00:00,Hostel B,26.011,0.035,8.478,5.1,0.0,1.08,14.694
2026-02-20 22:00:00,Hostel B,25.884,0.0,7.202,5.1,0.0,1.108,13.41
2026-02-20 23:00:00,Hostel B,25.586,0.0,8.112,5.1,0.0,1.102,14.314
2026-02-21 00:00:00,Hostel B,21.786,0.0,7.369,4.335,0.0,1.048,12.752
2026-02-21 01:00:00,Hostel B,21.993,11.096,6.66,7.569,0.0,1.116,26.44
2026-02-21 02:00:00,Hostel B,22.06,11.096,7.34,7.569,0.0,1.029,27.034
2026-02-21 03:00:00,Hostel B,20.703,11.096,6.292,7.569,0.0,1.044,26.0
2026-02-21 04:00:00,Hostel B,22.565,11.096,7.462,7.569,0.0,1.016,27.143
2026-02-21 05:00:00,Hostel B,21.374,11.096,7.27,7.569,18.622,1.048,45.604
2026-02-21 06:00:00,Hostel B,22.641,0.0,6.662,4.335,12.998,1.059,25.054
2026-02-21 07:00:00,Hostel B,23.007,0.0,6.267,0.0,15.514,1.04,22.821
2026-02-21 08:00:00,Hostel B,25.574,0.0,6.859,0.0,19.257,1.014,27.13
2026-02-21 09:00:00,Hostel B,27.003,1.332,2.918,0.0,0.0,1.014,5.264
2026-02-21 10:00:00,Hostel B,29.189,3.587,2.58,0.0,0.0,1.116,7.283
2026-02-21 11:00:00,Hostel B,29.364,3.719,3.082,0.0,0.0,1.095,7.897
2026-02-21 12:00:00,Hostel B,30.561,4.933,2.975,0.0,0.0,1.091,9.0
2026-02-21 13:00:00,Hostel B,32.659,6.983,3.094,0.0,0.0,1.101,11.178
2026-02-21 14:00:00,Hostel B,34.193,11.246,2.686,0.0,0.0,1.091,15.023
2026-02-21 15:00:00,Hostel B,33.629,9.87,2.77,0.0,0.0,1.019,13.659
2026-02-21 16:00:00,Hostel B,34.643,10.004,2.649,0.0,0.0,1.117,13.77
2026-02-21 17:00:00,Hostel B,32.751,6.902,2.67,0.0,0.0,1.061,10.633
2026-02-21 18:00:00,Hostel B,31.762,14.476,6.289,4.335,0.0,1.064,26.164
2026-02-21 19:00:00,Hostel B,30.679,14.468,6.259,4.335,0.0,1.112,26.174
2026-02-21 20:00:00,Hostel B,30.041,10.414,7.087,4.335,0.0,1.036,22.871
2026-02-21 21:00:00,Hostel B,28.238,6.095,6.307,4.335,0.0,1.048,17.785
2026-02-21 22:00:00,Hostel B,24.362,0.0,6.271,4.335,0.0,1.109,11.715
2026-02-21 23:00:00,Hostel B,24.801,0.0,6.88,4.335,0.0,1.071,12.286
2026-02-22 00:00:00,Hostel B,23.023,0.0,7.137,4.335,0.0,1.06,12.532
2026-02-22 01:00:00,Hostel B,21.61,0.0,7.249,4.335,0.0,1.12,12.704
2026-02-22 02:00:00,Hostel B,19.432,0.0,6.949,4.335,0.0,1.112,12.397
2026-02-22 03:00:00,Hostel B,19.46,0.0,6.375,4.335,0.0,1.112,11.822
2026-02-22 04:00:00,Hostel B,20.84,0.0,6.939,4.335,0.0,1.036,12.31
2026-02-22 05:00:00,Hostel B,20.339,0.0,7.018,4.335,14.869,1.107,27.33
2026-02-22 06:00:00,Hostel B,22.414,0.0,6.461,4.335,14.974,1.086,26.856
2026-02-22 07:00:00,Hostel B,24.714,0.0,6.288,0.0,15.492,1.09,22.871
2026-02-22 08:00:00,Hostel B,24.866,0.0,7.473,0.0,17.088,1.018,25.58
2026-02-22 09:00:00,Hostel B,27.083,1.081,2.559,0.0,0.0,1.075,4.715
2026-02-22 10:00:00,Hostel B,27.483,1.573,2.672,0.0,0.0,1.037,5.282
2026-02-22 11:00:00,Hostel B,30.299,5.128,2.644,0.0,0.0,1.117,8.889
2026-02-22 12:00:00,Hostel B,31.751,5.619,3.056,0.0,0.0,1.076,9.75
2026-02-22 13:00:00,Hostel B,30.773,5.123,2.813,0.0,0.0,1.082,9.018
2026-02-22 14:00:00,Hostel B,32.044,6.285,3.097,0.0,0.0,1.04,10.421
2026-02-22 15:00:00,Hostel B,31.733,6.425,3.016,0.0,0.0,1.06,10.501
2026-02-22 16:00:00,Hostel B,33.305,9.754,2.971,0.0,0.0,1.072,13.797
2026-02-22 17:00:00,Hostel B,32.36,8.73,2.609,0.0,0.0,1.104,12.443
2026-02-22 18:00:00,Hostel B,31.193,13.182,6.591,4.335,0.0,1.081,25.19
2026-02-22 19:00:00,Hostel B,29.872,10.088,7.314,4.335,0.0,1.025,22.761
2026-02-22 20:00:00,Hostel B,28.876,9.292,7.561,4.335,0.0,1.063,22.251
2026-02-22 21:00:00,Hostel B,27.343,3.419,7.401,4.335,0.0,1.046,16.201
2026-02-22 22:00:00,Hostel B,24.952,0.0,7.508,4.335,0.0,1.073,12.916
2026-02-22 23:00:00,Hostel B,23.364,0.0,7.043,4.335,0.0,1.065,12.443
2026-02-23 00:00:00,Hostel B,22.698,0.0,8.002,5.1,0.0,1.015,14.117
2026-02-23 01:00:00,Hostel B,21.614,11.702,8.059,8.849,0.0,1.036,29.646
2026-02-23 02:00:00,Hostel B,23.265,11.702,7.958,8.849,0.0,1.087,29.596
2026-02-23 03:00:00,Hostel B,20.616,11.702,7.416,8.849,0.0,1.074,29.041
2026-02-23 04:00:00,Hostel B,21.494,11.702,7.686,8.849,0.0,1.018,29.255
2026-02-23 05:00:00,Hostel B,22.27,11.702,7.301,8.849,17.813,1.08,46.745
2026-02-23 06:00:00,Hostel B,24.158,0.0,7.298,5.1,12.588,1.069,26.055
2026-02-23 07:00:00,Hostel B,23.189,0.0,7.697,0.0,12.602,1.029,21.329
2026-02-23 08:00:00,Hostel B,26.787,2.646,8.329,0.0,12.608,1.013,24.596
2026-02-23 09:00:00,Hostel B,26.853,1.043,3.391,0.0,0.0,1.05,5.484
2026-02-23 10:00:00,Hostel B,31.054,7.186,3.351,0.0,0.0,1.1,11.637
2026-02-23 11:00:00,Hostel B,30.363,5.483,3.49,0.0,0.0,1.027,10.001
2026-02-23 12:00:00,Hostel B,30.014,6.347,3.251,0.0,0.0,1.119,10.717
2026-02-23 13:00:00,Hostel B,31.999,9.352,3.265,0.0,0.0,1.074,13.691
2026-02-23 14:00:00,Hostel B,34.132,9.854,3.321,0.0,0.0,1.098,14.272
2026-02-23 15:00:00,Hostel B,33.082,10.183,2.989,0.0,0.0,1.122,14.295
2026-02-23 16:00:00,Hostel B,32.736,10.045,3.368,0.0,0.0,1.042,14.455
2026-02-23 17:00:00,Hostel B,32.915,8.798,3.491,0.0,0.0,1.078,13.368
2026-02-23 18:00:00,Hostel B,30.898,17.327,7.611,5.1,0.0,1.051,31.088
2026-02-23 19:00:00,Hostel B,29.789,12.664,8.666,5.1,0.0,1.022,27.452
2026-02-23 20:00:00,Hostel B,27.608,5.412,7.615,5.1,0.0,1.102,19.229
2026-02-23 21:00:00,Hostel B,28.729,9.409,8.056,5.1,0.0,1.014,23.579
2026-02-23 22:00:00,Hostel B,24.224,0.0,8.701,5.1,0.0,1.11,14.911
2026-02-23 23:00:00,Hostel B,24.169,0.0,8.458,5.1,0.0,1.102,14.659
2026-02-24 00:00:00,Hostel B,23.237,0.0,8.168,5.1,0.0,1.084,14.353
2026-02-24 01:00:00,Hostel B,21.79,10.076,8.252,8.856,0.0,1.079,28.262
2026-02-24 02:00:00,Hostel B,19.951,10.076,7.334,8.856,0.0,1.108,27.374
2026-02-24 03:00:00,Hostel B,20.001,10.076,8.388,8.856,0.0,1.019,28.339
2026-02-24 04:00:00,Hostel B,21.727,10.076,8.232,8.856,0.0,1.095,28.259
2026-02-24 05:00:00,Hostel B,21.024,10.076,7.291,8.856,15.933,1.033,43.188
2026-02-24 06:00:00,Hostel B,20.685,0.0,7.362,5.1,16.238,1.015,29.715
2026-02-24 07:00:00,Hostel B,24.387,0.0,8.873,0.0,12.821,1.048,22.742
2026-02-24 08:00:00,Hostel B,24.575,0.0,7.458,0.0,15.469,1.049,23.976
2026-02-24 09:00:00,Hostel B,27.631,2.283,3.598,0.0,0.0,1.034,6.916
2026-02-24 10:00:00,Hostel B,28.351,2.712,3.143,0.0,0.0,1.092,6.947
2026-02-24 11:00:00,Hostel B,29.75,5.026,3.231,0.0,0.0,1.075,9.333
2026-02-24 12:00:00,Hostel B,31.295,7.047,3.348,0.0,0.0,1.116,11.511
2026-02-24 13:00:00,Hostel B,31.058,7.386,3.4,0.0,0.0,1.098,11.884
2026-02-24 14:00:00,Hostel B,31.97,9.758,3.306,0.0,0.0,1.105,14.169
2026-02-24 15:00:00,Hostel B,32.74,10.587,3.196,0.0,0.0,1.114,14.897
2026-02-24 16:00:00,Hostel B,31.651,9.202,3.307,0.0,0.0,1.103,13.612
2026-02-24 17:00:00,Hostel B,32.91,11.17,3.455,0.0,0.0,1.026,15.651
2026-02-24 18:00:00,Hostel B,30.935,14.202,7.848,5.1,0.0,1.033,28.183
2026-02-24 19:00:00,Hostel B,28.551,7.973,8.113,5.1,0.0,1.058,22.244
2026-02-24 20:00:00,Hostel B,27.994,6.269,7.817,5.1,0.0,1.05,20.236
2026-02-24 21:00:00,Hostel B,27.101,3.165,7.729,5.1,0.0,1.112,17.106
2026-02-24 22:00:00,Hostel B,25.001,0.0,7.673,5.1,0.0,1.071,13.845
2026-02-24 23:00:00,Hostel B,24.4,0.0,7.54,5.1,0.0,1.111,13.751
2026-02-25 00:00:00,Hostel B,23.331,0.0,8.498,5.1,0.0,1.056,14.654
2026-02-25 01:00:00,Hostel B,24.206,0.0,8.896,5.1,0.0,1.114,15.111
2026-02-25 02:00:00,Hostel B,22.355,0.0,7.192,5.1,0.0,1.021,13.312
2026-02-25 03:00:00,Hostel B,19.364,0.0,7.49,5.1,0.0,1.063,13.653
2026-02-25 04:00:00,Hostel B,20.844,0.0,8.861,5.1,0.0,1.114,15.075
2026-02-25 05:00:00,Hostel B,21.537,0.0,7.75,5.1,17.632,1.063,31.545
2026-02-25 06:00:00,Hostel B,23.332,0.0,7.834,5.1,14.479,1.095,28.509
2026-02-25 07:00:00,Hostel B,23.066,0.0,8.323,0.0,19.735,1.053,29.111
2026-02-25 08:00:00,Hostel B,24.916,0.0,7.77,0.0,13.721,1.106,22.596
2026-02-25 09:00:00,Hostel B,25.756,0.0,3.302,0.0,0.0,1.084,4.386
2026-02-25 10:00:00,Hostel B,27.951,3.01,3.602,0.0,0.0,1.104,7.716
2026-02-25 11:00:00,Hostel B,29.435,4.863,3.355,0.0,0.0,1.073,9.291
2026-02-25 12:00:00,Hostel B,30.93,8.088,3.43,0.0,0.0,1.084,12.602
2026-02-25 13:00:00,Hostel B,31.01,6.706,3.1,0.0,0.0,1.072,10.878
2026-02-25 14:00:00,Hostel B,33.778,12.538,3.132,0.0,0.0,1.076,16.747
2026-02-25 15:00:00,Hostel B,33.472,10.899,3.595,0.0,0.0,1.09,15.585
2026-02-25 16:00:00,Hostel B,31.347,8.078,3.614,0.0,0.0,1.026,12.719
2026-02-25 17:00:00,Hostel B,32.222,9.954,3.533,0.0,0.0,1.099,14.586
2026-02-25 18:00:00,Hostel B,29.677,13.91,7.358,5.1,0.0,1.052,27.42
2026-02-25 19:00:00,Hostel B,31.342,16.743,8.601,5.1,0.0,1.014,31.458
2026-02-25 20:00:00,Hostel B,30.167,15.942,7.174,5.1,0.0,1.085,29.301
2026-02-25 21:00:00,Hostel B,26.944,3.243,8.205,5.1,0.0,1.082,17.629
2026-02-25 22:00:00,Hostel B,24.594,0.0,8.345,5.1,0.0,1.094,14.539
2026-02-25 23:00:00,Hostel B,23.336,0.0,7.901,5.1,0.0,1.125,14.126
2026-02-26 00:00:00,Hostel B,22.304,0.0,7.995,5.1,0.0,1.064,14.16
2026-02-26 01:00:00,Hostel B,21.697,17.248,8.464,8.525,0.0,1.122,35.359
2026-02-26 02:00:00,Hostel B,22.575,17.248,8.737,8.525,0.0,1.078,35.588
2026-02-26 03:00:00,Hostel B,21.956,17.248,7.478,8.525,0.0,1.053,34.304
2026-02-26 04:00:00,Hostel B,22.175,17.248,7.387,8.525,0.0,1.089,34.249
2026-02-26 05:00:00,Hostel B,21.974,17.248,8.265,8.525,18.183,1.035,53.255
2026-02-26 06:00:00,Hostel B,21.604,0.0,7.552,5.1,16.854,1.121,30.627
2026-02-26 07:00:00,Hostel B,23.23,0.0,7.487,0.0,15.295,1.062,23.844
2026-02-26 08:00:00,Hostel B,25.508,0.0,7.503,0.0,19.624,1.014,28.141
2026-02-26 09:00:00,Hostel B,25.799,0.0,3.085,0.0,0.0,1.086,4.171
2026-02-26 10:00:00,Hostel B,28.857,3.675,3.291,0.0,0.0,1.026,7.992
2026-02-26 11:00:00,Hostel B,30.805,6.426,3.649,0.0,0.0,1.023,11.097
2026-02-26 12:00:00,Hostel B,31.788,9.155,3.549,0.0,0.0,1.015,13.718
2026-02-26 13:00:00,Hostel B,32.701,10.801,3.339,0.0,0.0,1.112,15.252
2026-02-26 14:00:00,Hostel B,30.929,6.599,3.0,0.0,0.0,1.016,10.615
2026-02-26 15:00:00,Hostel B,34.333,9.76,3.435,0.0,0.0,1.073,14.267
2026-02-26 16:00:00,Hostel B,31.228,7.55,3.272,0.0,0.0,1.068,11.89
2026-02-26 17:00:00,Hostel B,32.043,8.183,3.512,0.0,0.0,1.115,12.81
2026-02-26 18:00:00,Hostel B,31.861,19.796,8.022,5.1,0.0,1.115,34.033
2026-02-26 19:00:00,Hostel B,30.359,14.459,8.333,5.1,0.0,1.116,29.008
2026-02-26 20:00:00,Hostel B,27.275,4.554,7.497,5.1,0.0,1.058,18.209
2026-02-26 21:00:00,Hostel B,25.902,0.0,8.627,5.1,0.0,1.066,14.793
2026-02-26 22:00:00,Hostel B,25.734,0.0,8.531,5.1,0.0,1.105,14.737
2026-02-26 23:00:00,Hostel B,24.511,0.0,7.808,5.1,0.0,1.026,13.934
2026-02-27 00:00:00,Hostel B,21.65,0.0,8.86,5.1,0.0,1.025,14.985
2026-02-27 01:00:00,Hostel B,22.196,13.454,7.426,8.83,0.0,1.116,30.827
2026-02-27 02:00:00,Hostel B,19.689,13.454,7.176,8.83,0.0,1.016,30.476
2026-02-27 03:00:00,Hostel B,21.624,13.454,8.502,8.83,0.0,1.056,31.842
2026-02-27 04:00:00,Hostel B,20.321,13.454,8.212,8.83,0.0,1.034,31.53
2026-02-27 05:00:00,Hostel B,21.884,13.454,7.338,8.83,18.321,1.022,48.965
2026-02-27 06:00:00,Hostel B,22.67,0.0,7.425,5.1,12.501,1.122,26.148
2026-02-27 07:00:00,Hostel B,25.161,0.0,7.374,0.0,15.842,1.031,24.247
2026-02-27 08:00:00,Hostel B,25.689,0.0,7.438,0.0,15.009,1.061,23.508
2026-02-27 09:00:00,Hostel B,26.401,0.493,3.279,0.0,0.0,1.041,4.813
2026-02-27 10:00:00,Hostel B,28.913,3.913,2.977,0.0,0.0,1.068,7.958
2026-02-27 11:00:00,Hostel B,32.142,8.409,3.322,0.0,0.0,1.099,12.829
2026-02-27 12:00:00,Hostel B,31.983,7.98,3.385,0.0,0.0,1.087,12.451
2026-02-27 13:00:00,Hostel B,32.137,8.567,3.475,0.0,0.0,1.077,13.118
2026-02-27 14:00:00,Hostel B,31.962,8.999,3.635,0.0,0.0,1.07,13.705
2026-02-27 15:00:00,Hostel B,32.384,9.328,3.001,0.0,0.0,1.027,13.356
2026-02-27 16:00:00,Hostel B,33.476,10.834,2.966,0.0,0.0,1.058,14.858
2026-02-27 17:00:00,Hostel B,31.31,7.556,3.042,0.0,0.0,1.114,11.713
2026-02-27 18:00:00,Hostel B,31.245,15.889,7.742,5.1,0.0,1.105,29.836
2026-02-27 19:00:00,Hostel B,31.438,19.096,8.078,5.1,0.0,1.02,33.293
2026-02-27 20:00:00,Hostel B,28.703,8.052,7.148,5.1,0.0,1.107,21.406
2026-02-27 21:00:00,Hostel B,25.921,0.0,8.376,5.1,0.0,1.106,14.582
2026-02-27 22:00:00,Hostel B,27.625,5.411,8.848,5.1,0.0,1.103,20.461
2026-02-27 23:00:00,Hostel B,25.762,0.0,7.586,5.1,0.0,1.104,13.79
2026-02-28 00:00:00,Hostel B,23.259,0.0,6.082,4.335,0.0,1.123,11.54
2026-02-28 01:00:00,Hostel B,23.08,0.0,7.212,4.335,0.0,1.019,12.566
2026-02-28 02:00:00,Hostel B,20.937,0.0,7.237,4.335,0.0,1.056,12.628
2026-02-28 03:00:00,Hostel B,21.724,0.0,6.135,4.335,0.0,1.121,11.591
2026-02-28 04:00:00,Hostel B,20.781,0.0,7.006,4.335,0.0,1.075,12.415
2026-02-28 05:00:00,Hostel B,20.448,0.0,6.437,4.335,13.056,1.089,24.918
2026-02-28 06:00:00,Hostel B,25.349,0.0,7.029,4.335,19.67,1.053,32.088
2026-02-28 07:00:00,Hostel B,22.593,0.0,7.171,0.0,14.842,1.036,23.049
2026-02-28 08:00:00,Hostel B,25.745,0.0,6.407,0.0,19.637,1.123,27.166
2026-02-28 09:00:00,Hostel B,27.286,1.709,2.662,0.0,0.0,1.053,5.424
2026-02-28 10:00:00,Hostel B,29.069,3.92,2.881,0.0,0.0,1.076,7.877
2026-02-28 11:00:00,Hostel B,29.91,4.657,2.863,0.0,0.0,1.04,8.56
2026-02-28 12:00:00,Hostel B,31.163,6.69,3.053,0.0,0.0,1.121,10.864
2026-02-28 13:00:00,Hostel B,32.335,8.43,2.818,0.0,0.0,1.042,12.29
2026-02-28 14:00:00,Hostel B,33.275,7.279,2.999,0.0,0.0,1.115,11.393
2026-02-28 15:00:00,Hostel B,32.998,8.565,2.956,0.0,0.0,1.045,12.567
2026-02-28 16:00:00,Hostel B,32.727,6.689,2.915,0.0,0.0,1.119,10.723
2026-02-28 17:00:00,Hostel B,30.875,5.387,2.619,0.0,0.0,1.054,9.06
2026-02-28 18:00:00,Hostel B,33.256,22.824,6.488,4.335,0.0,1.111,34.757
2026-02-28 19:00:00,Hostel B,30.536,14.399,6.929,4.335,0.0,1.08,26.743
2026-02-28 20:00:00,Hostel B,28.762,9.028,6.169,4.335,0.0,1.025,20.557
2026-02-28 21:00:00,Hostel B,26.376,1.08,6.137,4.335,0.0,1.046,12.598
2026-02-28 22:00:00,Hostel B,24.443,0.0,6.145,4.335,0.0,1.098,11.578
2026-02-28 23:00:00,Hostel B,24.86,0.0,7.467,4.335,0.0,1.088,12.889
2026-03-01 00:00:00,Hostel B,25.597,0.0,7.114,4.335,0.0,1.053,12.502
2026-03-01 01:00:00,Hostel B,25.425,0.0,7.339,4.335,0.0,1.034,12.708
2026-03-01 02:00:00,Hostel B,22.852,0.0,7.531,4.335,0.0,1.106,12.971
2026-03-01 03:00:00,Hostel B,25.547,0.0,7.133,4.335,0.0,1.083,12.55
2026-03-01 04:00:00,Hostel B,25.106,0.0,6.851,4.335,0.0,1.089,12.275
2026-03-01 05:00:00,Hostel B,24.723,0.0,6.796,4.335,19.904,1.066,32.101
2026-03-01 06:00:00,Hostel B,26.225,0.573,7.201,4.335,16.798,1.052,29.959
2026-03-01 07:00:00,Hostel B,27.741,5.463,7.386,0.0,13.286,1.056,27.19
2026-03-01 08:00:00,Hostel B,27.11,2.972,7.328,0.0,19.713,1.016,31.029
2026-03-01 09:00:00,Hostel B,31.678,5.939,2.807,0.0,0.0,1.119,9.864
2026-03-01 10:00:00,Hostel B,32.036,6.982,2.982,0.0,0.0,1.054,11.018
2026-03-01 11:00:00,Hostel B,32.296,6.798,2.797,0.0,0.0,1.067,10.661
2026-03-01 12:00:00,Hostel B,33.146,8.08,2.739,0.0,0.0,1.053,11.872
2026-03-01 13:00:00,Hostel B,36.183,13.451,2.685,0.0,0.0,1.052,17.189
2026-03-01 14:00:00,Hostel B,36.007,11.166,2.533,0.0,0.0,1.09,14.789
2026-03-01 15:00:00,Hostel B,36.483,11.0,2.625,0.0,0.0,1.088,14.712
2026-03-01 16:00:00,Hostel B,35.822,10.543,2.955,0.0,0.0,1.104,14.602
2026-03-01 17:00:00,Hostel B,34.193,8.116,2.606,0.0,0.0,1.021,11.743
2026-03-01 18:00:00,Hostel B,34.751,28.759,7.436,4.335,0.0,1.111,41.641
2026-03-01 19:00:00,Hostel B,32.802,20.944,6.188,4.335,0.0,1.12,32.587
2026-03-01 20:00:00,Hostel B,31.531,15.717,6.147,4.335,0.0,1.124,27.322
2026-03-01 21:00:00,Hostel B,32.377,18.752,6.799,4.335,0.0,1.027,30.913
2026-03-01 22:00:00,Hostel B,29.316,8.718,6.407,4.335,0.0,1.067,20.527
2026-03-01 23:00:00,Hostel B,27.927,5.358,6.225,4.335,0.0,1.118,17.036
2026-03-02 00:00:00,Hostel B,28.478,7.858,7.247,5.1,0.0,1.098,21.303
2026-03-02 01:00:00,Hostel B,25.188,11.86,8.081,8.327,0.0,1.019,29.288
2026-03-02 02:00:00,Hostel B,24.324,11.86,7.603,8.327,0.0,1.11,28.901
2026-03-02 03:00:00,Hostel B,23.321,11.86,8.132,8.327,0.0,1.107,29.426
2026-03-02 04:00:00,Hostel B,23.752,11.86,7.405,8.327,0.0,1.1,28.693
2026-03-02 05:00:00,Hostel B,22.757,11.86,7.184,8.327,18.024,1.059,46.454
2026-03-02 06:00:00,Hostel B,26.548,1.66,7.189,5.1,15.485,1.084,30.518
2026-03-02 07:00:00,Hostel B,25.733,0.0,7.341,0.0,12.35,1.093,20.784
2026-03-02 08:00:00,Hostel B,29.35,10.297,8.561,0.0,14.13,1.057,34.045
2026-03-02 09:00:00,Hostel B,29.957,4.985,3.27,0.0,0.0,1.101,9.355
2026-03-02 10:00:00,Hostel B,31.681,9.042,3.399,0.0,0.0,1.043,13.484
2026-03-02 11:00:00,Hostel B,32.958,9.112,3.583,0.0,0.0,1.033,13.728
2026-03-02 12:00:00,Hostel B,35.629,12.741,3.096,0.0,0.0,1.109,16.947
2026-03-02 13:00:00,Hostel B,36.406,12.461,3.58,0.0,0.0,1.051,17.092
2026-03-02 14:00:00,Hostel B,35.767,11.534,3.488,0.0,0.0,1.019,16.041
2026-03-02 15:00:00,Hostel B,35.101,11.435,3.476,0.0,0.0,1.106,16.017
2026-03-02 16:00:00,Hostel B,36.719,13.02,3.58,0.0,0.0,1.102,17.703
2026-03-02 17:00:00,Hostel B,34.222,10.836,3.033,0.0,0.0,1.103,14.972
2026-03-02 18:00:00,Hostel B,32.688,20.14,8.105,5.1,0.0,1.051,34.396
2026-03-02 19:00:00,Hostel B,33.498,22.51,8.003,5.1,0.0,1.08,36.694
2026-03-02 20:00:00,Hostel B,32.771,24.127,8.325,5.1,0.0,1.014,38.566
2026-03-02 21:00:00,Hostel B,29.595,14.075,7.565,5.1,0.0,1.013,27.752
2026-03-02 22:00:00,Hostel B,28.852,7.996,7.367,5.1,0.0,1.042,21.505
2026-03-02 23:00:00,Hostel B,26.584,2.123,8.878,5.1,0.0,1.072,17.172
2026-03-03 00:00:00,Hostel B,26.479,1.715,7.971,5.1,0.0,1.08,15.866
2026-03-03 01:00:00,Hostel B,25.899,16.074,7.554,7.519,0.0,1.028,32.175
2026-03-03 02:00:00,Hostel B,23.942,16.074,7.37,7.519,0.0,1.11,32.073
2026-03-03 03:00:00,Hostel B,22.972,16.074,8.2,7.519,0.0,1.12,32.914
2026-03-03 04:00:00,Hostel B,22.747,16.074,7.404,7.519,0.0,1.026,32.023
2026-03-03 05:00:00,Hostel B,25.73,16.074,7.467,7.519,17.918,1.105,50.083
2026-03-03 06:00:00,Hostel B,24.621,0.0,8.84,5.1,16.385,1.082,31.407
2026-03-03 07:00:00,Hostel B,27.372,4.898,7.192,0.0,17.092,1.069,30.251
2026-03-03 08:00:00,Hostel B,29.224,12.496,7.473,0.0,18.025,1.068,39.061
2026-03-03 09:00:00,Hostel B,29.499,4.857,3.433,0.0,0.0,1.097,9.388
2026-03-03 10:00:00,Hostel B,31.387,8.777,3.099,0.0,0.0,1.036,12.912
2026-03-03 11:00:00,Hostel B,33.999,11.771,3.074,0.0,0.0,1.081,15.926
2026-03-03 12:00:00,Hostel B,33.434,11.097,3.349,0.0,0.0,1.042,15.487
2026-03-03 13:00:00,Hostel B,34.286,12.854,3.452,0.0,0.0,1.022,17.327
2026-03-03 14:00:00,Hostel B,35.561,14.434,3.257,0.0,0.0,1.075,18.765
2026-03-03 15:00:00,Hostel B,37.278,15.853,3.514,0.0,0.0,1.043,20.41
2026-03-03 16:00:00,Hostel B,37.406,17.437,3.539,0.0,0.0,1.096,22.072
2026-03-03 17:00:00,Hostel B,35.097,10.608,3.398,0.0,0.0,1.086,15.091
2026-03-03 18:00:00,Hostel B,33.531,29.399,8.171,5.1,0.0,1.038,43.708
2026-03-03 19:00:00,Hostel B,34.064,30.426,8.597,5.1,0.0,1.109,45.232
2026-03-03 20:00:00,Hostel B,29.884,13.792,7.167,5.1,0.0,1.052,27.11
2026-03-03 21:00:00,Hostel B,30.248,12.196,8.051,5.1,0.0,1.092,26.44
2026-03-03 22:00:00,Hostel B,28.403,7.55,7.37,5.1,0.0,1.043,21.062
2026-03-03 23:00:00,Hostel B,28.294,7.093,7.535,5.1,0.0,1.035,20.763
2026-03-04 00:00:00,Hostel B,27.152,3.568,8.834,5.1,0.0,1.109,18.611
2026-03-04 01:00:00,Hostel B,23.861,10.54,7.147,8.73,0.0,1.116,27.533
2026-03-04 02:00:00,Hostel B,24.372,10.54,7.688,8.73,0.0,1.052,28.01
2026-03-04 03:00:00,Hostel B,23.429,10.54,7.416,8.73,0.0,1.048,27.734
2026-03-04 04:00:00,Hostel B,23.911,10.54,8.158,8.73,0.0,1.092,28.52
2026-03-04 05:00:00,Hostel B,25.421,10.54,8.647,8.73,15.88,1.038,44.835
2026-03-04 06:00:00,Hostel B,25.422,0.0,7.838,5.1,19.612,1.11,33.66
2026-03-04 07:00:00,Hostel B,27.194,4.308,8.634,0.0,15.041,1.013,28.997
2026-03-04 08:00:00,Hostel B,29.404,11.112,7.926,0.0,16.22,1.028,36.287
2026-03-04 09:00:00,Hostel B,31.515,8.19,3.608,0.0,0.0,1.026,12.824
2026-03-04 10:00:00,Hostel B,31.842,7.882,3.563,0.0,0.0,1.048,12.493
2026-03-04 11:00:00,Hostel B,33.118,8.718,3.071,0.0,0.0,1.11,12.899
2026-03-04 12:00:00,Hostel B,33.135,10.368,3.591,0.0,0.0,1.085,15.043
2026-03-04 13:00:00,Hostel B,36.782,16.087,3.082,0.0,0.0,1.025,20.193
2026-03-04 14:00:00,Hostel B,36.291,13.588,3.3,0.0,0.0,1.021,17.91
2026-03-04 15:00:00,Hostel B,36.136,16.277,3.084,0.0,0.0,1.045,20.406
2026-03-04 16:00:00,Hostel B,35.881,15.502,3.224,0.0,0.0,1.082,19.808
2026-03-04 17:00:00,Hostel B,35.557,13.717,3.664,0.0,0.0,1.079,18.461
2026-03-04 18:00:00,Hostel B,35.014,25.791,8.506,5.1,0.0,1.025,40.422
2026-03-04 19:00:00,Hostel B,33.896,22.184,8.129,5.1,0.0,1.098,36.511
2026-03-04 20:00:00,Hostel B,33.164,25.459,8.81,5.1,0.0,1.084,40.453
2026-03-04 21:00:00,Hostel B,30.243,15.96,7.782,5.1,0.0,1.123,29.965
2026-03-04 22:00:00,Hostel B,30.201,14.23,7.449,5.1,0.0,1.075,27.854
2026-03-04 23:00:00,Hostel B,28.058,5.797,8.62,5.1,0.0,1.049,20.566
2026-03-05 00:00:00,Hostel B,25.697,0.0,7.162,5.1,0.0,1.026,13.288
2026-03-05 01:00:00,Hostel B,23.136,12.99,8.576,8.142,0.0,1.116,30.824
2026-03-05 02:00:00,Hostel B,24.29,12.99,7.179,8.142,0.0,1.017,29.328
2026-03-05 03:00:00,Hostel B,25.558,12.99,7.648,8.142,0.0,1.052,29.832
2026-03-05 04:00:00,Hostel B,23.429,12.99,7.775,8.142,0.0,1.072,29.979
2026-03-05 05:00:00,Hostel B,24.886,12.99,7.709,8.142,16.786,1.077,46.704
2026-03-05 06:00:00,Hostel B,25.923,0.0,7.575,5.1,19.605,1.078,33.357
2026-03-05 07:00:00,Hostel B,27.942,6.436,7.333,0.0,14.206,1.093,29.069
2026-03-05 08:00:00,Hostel B,28.059,6.112,7.146,0.0,12.987,1.027,27.271
2026-03-05 09:00:00,Hostel B,29.131,4.486,3.509,0.0,0.0,1.093,9.089
2026-03-05 10:00:00,Hostel B,32.123,9.833,3.276,0.0,0.0,1.113,14.221
2026-03-05 11:00:00,Hostel B,32.257,7.542,3.059,0.0,0.0,1.016,11.617
2026-03-05 12:00:00,Hostel B,32.407,7.851,3.0,0.0,0.0,1.017,11.868
2026-03-05 13:00:00,Hostel B,37.037,15.754,3.145,0.0,0.0,1.124,20.023
2026-03-05 14:00:00,Hostel B,36.723,14.109,3.2,0.0,0.0,1.048,18.357
2026-03-05 15:00:00,Hostel B,37.883,18.885,3.279,0.0,0.0,1.064,23.228
2026-03-05 16:00:00,Hostel B,36.67,15.996,3.014,0.0,0.0,1.047,20.058
2026-03-05 17:00:00,Hostel B,35.877,12.058,3.66,0.0,0.0,1.075,16.793
2026-03-05 18:00:00,Hostel B,34.612,32.983,7.62,5.1,0.0,1.093,46.796
2026-03-05 19:00:00,Hostel B,32.814,24.236,7.928,5.1,0.0,1.098,38.362
2026-03-05 20:00:00,Hostel B,32.065,20.494,8.406,5.1,0.0,1.052,35.052
2026-03-05 21:00:00,Hostel B,29.447,10.67,7.694,5.1,0.0,1.042,24.506
2026-03-05 22:00:00,Hostel B,27.378,4.913,7.287,5.1,0.0,1.074,18.374
2026-03-05 23:00:00,Hostel B,26.668,2.58,7.812,5.1,0.0,1.056,16.547
2026-03-06 00:00:00,Hostel B,27.049,2.974,8.127,5.1,0.0,1.082,17.283
2026-03-06 01:00:00,Hostel B,23.571,0.0,8.643,5.1,0.0,1.081,14.824
2026-03-06 02:00:00,Hostel B,22.988,0.0,7.797,5.1,0.0,1.113,14.01
2026-03-06 03:00:00,Hostel B,24.591,0.0,8.728,5.1,0.0,1.013,14.841
2026-03-06 04:00:00,Hostel B,23.789,0.0,8.115,5.1,0.0,1.024,14.239
2026-03-06 05:00:00,Hostel B,25.289,0.0,8.421,5.1,17.552,1.101,32.173
2026-03-06 06:00:00,Hostel B,26.747,2.701,7.194,5.1,12.078,1.078,28.151
2026-03-06 07:00:00,Hostel B,27.462,5.299,8.739,0.0,17.947,1.02,33.005
2026-03-06 08:00:00,Hostel B,27.815,5.311,7.521,0.0,17.143,1.119,31.093
2026-03-06 09:00:00,Hostel B,31.283,6.637,3.18,0.0,0.0,1.086,10.902
2026-03-06 10:00:00,Hostel B,32.295,8.977,3.325,0.0,0.0,1.067,13.369
2026-03-06 11:00:00,Hostel B,33.027,10.444,3.645,0.0,0.0,1.1,15.19
2026-03-06 12:00:00,Hostel B,34.221,10.076,3.194,0.0,0.0,1.08,14.349
2026-03-06 13:00:00,Hostel B,35.57,13.14,3.102,0.0,0.0,1.054,17.297
2026-03-06 14:00:00,Hostel B,35.484,13.515,3.646,0.0,0.0,1.046,18.207
2026-03-06 15:00:00,Hostel B,34.369,9.816,3.534,0.0,0.0,1.064,14.414
2026-03-06 16:00:00,Hostel B,36.546,13.272,3.428,0.0,0.0,1.066,17.766
2026-03-06 17:00:00,Hostel B,35.887,15.826,3.241,0.0,0.0,1.093,20.16
2026-03-06 18:00:00,Hostel B,31.942,22.821,7.891,5.1,0.0,1.066,36.877
2026-03-06 19:00:00,Hostel B,33.511,23.843,8.837,5.1,0.0,1.015,38.794
2026-03-06 20:00:00,Hostel B,33.309,27.97,7.263,5.1,0.0,1.09,41.423
2026-03-06 21:00:00,Hostel B,28.872,10.183,8.492,5.1,0.0,1.02,24.795
2026-03-06 22:00:00,Hostel B,28.374,9.406,8.213,5.1,0.0,1.108,23.827
2026-03-06 23:00:00,Hostel B,26.818,3.226,8.869,5.1,0.0,1.092,18.287
2026-03-07 00:00:00,Hostel B,27.418,4.25,6.916,4.335,0.0,1.08,16.581
2026-03-07 01:00:00,Hostel B,25.925,0.0,6.495,4.335,0.0,1.064,11.893
2026-03-07 02:00:00,Hostel B,23.326,0.0,7.252,4.335,0.0,1.032,12.619
2026-03-07 03:00:00,Hostel B,24.342,0.0,7.564,4.335,0.0,1.086,12.986
2026-03-07 04:00:00,Hostel B,26.507,1.407,7.446,4.335,0.0,1.025,14.213
2026-03-07 05:00:00,Hostel B,24.179,0.0,6.516,4.335,16.11,1.081,28.042
2026-03-07 06:00:00,Hostel B,25.746,0.0,6.594,4.335,16.877,1.033,28.84
2026-03-07 07:00:00,Hostel B,27.514,4.872,7.214,0.0,13.035,1.08,26.201
2026-03-07 08:00:00,Hostel B,27.837,6.16,6.977,0.0,18.513,1.03,32.679
2026-03-07 09:00:00,Hostel B,31.763,6.131,2.506,0.0,0.0,1.023,9.66
2026-03-07 10:00:00,Hostel B,31.08,6.304,2.588,0.0,0.0,1.065,9.957
2026-03-07 11:00:00,Hostel B,31.611,7.36,2.552,0.0,0.0,1.092,11.004
2026-03-07 12:00:00,Hostel B,33.718,9.324,2.611,0.0,0.0,1.039,12.974
2026-03-07 13:00:00,Hostel B,35.849,13.469,2.689,0.0,0.0,1.068,17.227
2026-03-07 14:00:00,Hostel B,34.997,10.71,3.103,0.0,0.0,1.102,14.915
2026-03-07 15:00:00,Hostel B,36.302,11.223,2.922,0.0,0.0,1.074,15.219
2026-03-07 16:00:00,Hostel B,36.358,12.155,2.533,0.0,0.0,1.08,15.768
2026-03-07 17:00:00,Hostel B,33.987,9.427,2.878,0.0,0.0,1.037,13.343
2026-03-07 18:00:00,Hostel B,33.679,20.184,6.732,4.335,0.0,1.027,32.277
2026-03-07 19:00:00,Hostel B,33.349,23.298,7.213,4.335,0.0,1.029,35.875
2026-03-07 20:00:00,Hostel B,32.255,18.756,7.41,4.335,0.0,1.122,31.623
2026-03-07 21:00:00,Hostel B,29.461,9.508,6.168,4.335,0.0,1.022,21.033
2026-03-07 22:00:00,Hostel B,28.599,7.274,7.556,4.335,0.0,1.03,20.195
2026-03-07 23:00:00,Hostel B,26.716,1.968,6.157,4.335,0.0,1.036,13.495
2026-03-08 00:00:00,Hostel B,26.485,1.371,7.18,4.335,0.0,1.101,13.987
2026-03-08 01:00:00,Hostel B,25.323,11.403,7.439,8.073,0.0,1.057,27.973
2026-03-08 02:00:00,Hostel B,23.831,11.403,7.21,8.073,0.0,1.101,27.787
2026-03-08 03:00:00,Hostel B,24.478,11.403,6.298,8.073,0.0,1.06,26.834
2026-03-08 04:00:00,Hostel B,23.792,11.403,6.385,8.073,0.0,1.102,26.963
2026-03-08 05:00:00,Hostel B,25.261,11.403,6.131,8.073,18.698,1.113,45.419
2026-03-08 06:00:00,Hostel B,26.229,0.707,6.268,4.335,17.394,1.063,29.767
2026-03-08 07:00:00,Hostel B,29.371,11.179,6.162,0.0,14.817,1.123,33.281
2026-03-08 08:00:00,Hostel B,28.111,5.416,6.15,0.0,17.225,1.117,29.909
2026-03-08 09:00:00,Hostel B,29.859,4.073,2.85,0.0,0.0,1.014,7.937
2026-03-08 10:00:00,Hostel B,30.906,4.938,2.547,0.0,0.0,1.076,8.561
2026-03-08 11:00:00,Hostel B,31.967,6.929,2.765,0.0,0.0,1.086,10.78
2026-03-08 12:00:00,Hostel B,33.786,8.679,2.942,0.0,0.0,1.107,12.729
2026-03-08 13:00:00,Hostel B,35.861,11.939,2.508,0.0,0.0,1.088,15.535
2026-03-08 14:00:00,Hostel B,36.533,12.27,2.898,0.0,0.0,1.09,16.258
2026-03-08 15:00:00,Hostel B,36.296,10.87,2.972,0.0,0.0,1.045,14.887
2026-03-08 16:00:00,Hostel B,35.5,10.828,2.834,0.0,0.0,1.105,14.767
2026-03-08 17:00:00,Hostel B,34.703,8.601,2.796,0.0,0.0,1.02,12.416
2026-03-08 18:00:00,Hostel B,33.326,21.367,7.178,4.335,0.0,1.086,33.966
2026-03-08 19:00:00,Hostel B,32.443,17.049,6.873,4.335,0.0,1.035,29.292
2026-03-08 20:00:00,Hostel B,30.258,10.58,6.842,4.335,0.0,1.099,22.855
2026-03-08 21:00:00,Hostel B,31.358,13.06,7.286,4.335,0.0,1.101,25.782
2026-03-08 22:00:00,Hostel B,30.284,13.267,7.34,4.335,0.0,1.032,25.973
2026-03-08 23:00:00,Hostel B,25.064,0.0,6.628,4.335,0.0,1.102,12.065
2026-03-09 00:00:00,Hostel B,26.047,0.167,7.882,5.1,0.0,1.107,14.255
2026-03-09 01:00:00,Hostel B,25.077,14.346,8.569,7.416,0.0,1.018,31.35
2026-03-09 02:00:00,Hostel B,24.413,14.346,8.113,7.416,0.0,1.061,30.936
2026-03-09 03:00:00,Hostel B,23.407,14.346,8.366,7.416,0.0,1.034,31.163
2026-03-09 04:00:00,Hostel B,25.227,14.346,7.274,7.416,0.0,1.027,30.063
2026-03-09 05:00:00,Hostel B,25.214,14.346,7.31,7.416,18.851,1.103,49.027
2026-03-09 06:00:00,Hostel B,26.791,2.981,8.089,5.1,13.112,1.045,30.328
2026-03-09 07:00:00,Hostel B,26.262,0.971,8.602,0.0,14.3,1.085,24.959
2026-03-09 08:00:00,Hostel B,27.064,3.479,7.705,0.0,14.231,1.013,26.428
2026-03-09 09:00:00,Hostel B,30.435,5.681,3.646,0.0,0.0,1.021,10.348
2026-03-09 10:00:00,Hostel B,30.59,6.874,3.499,0.0,0.0,1.081,11.454
2026-03-09 11:00:00,Hostel B,34.055,11.499,3.515,0.0,0.0,1.054,16.068
2026-03-09 12:00:00,Hostel B,32.116,7.461,3.553,0.0,0.0,1.111,12.125
2026-03-09 13:00:00,Hostel B,34.728,13.284,3.127,0.0,0.0,1.022,17.433
2026-03-09 14:00:00,Hostel B,35.18,12.051,3.183,0.0,0.0,1.083,16.317
2026-03-09 15:00:00,Hostel B,35.668,15.356,3.027,0.0,0.0,1.092,19.474
2026-03-09 16:00:00,Hostel B,36.057,15.655,3.22,0.0,0.0,1.081,19.956
2026-03-09 17:00:00,Hostel B,35.592,12.318,2.966,0.0,0.0,1.089,16.374
2026-03-09 18:00:00,Hostel B,34.882,27.484,8.481,5.1,0.0,1.041,42.106
2026-03-09 19:00:00,Hostel B,33.755,25.317,8.573,5.1,0.0,1.099,40.089
2026-03-09 20:00:00,Hostel B,31.381,20.184,7.521,5.1,0.0,1.075,33.88
2026-03-09 21:00:00,Hostel B,32.109,17.992,8.014,5.1,0.0,1.101,32.207
2026-03-09 22:00:00,Hostel B,29.834,12.142,8.34,5.1,0.0,1.026,26.608
2026-03-09 23:00:00,Hostel B,26.688,2.461,8.465,5.1,0.0,1.027,17.053
2026-03-10 00:00:00,Hostel B,25.62,0.0,8.87,5.1,0.0,1.057,15.027
2026-03-10 01:00:00,Hostel B,24.471,0.0,7.498,5.1,0.0,1.056,13.655
2026-03-10 02:00:00,Hostel B,24.568,0.0,7.58,5.1,0.0,1.027,13.707
2026-03-10 03:00:00,Hostel B,23.028,0.0,8.664,5.1,0.0,1.022,14.786
2026-03-10 04:00:00,Hostel B,23.415,0.0,7.314,5.1,0.0,1.022,13.435
2026-03-10 05:00:00,Hostel B,22.636,0.0,8.543,5.1,13.818,1.018,28.479
2026-03-10 06:00:00,Hostel B,25.359,0.0,7.378,5.1,13.447,1.016,26.941
2026-03-10 07:00:00,Hostel B,28.065,7.104,7.969,0.0,18.697,1.103,34.873
2026-03-10 08:00:00,Hostel B,28.295,7.536,8.197,0.0,12.319,1.118,29.17
2026-03-10 09:00:00,Hostel B,29.904,6.336,3.504,0.0,0.0,1.06,10.901
2026-03-10 10:00:00,Hostel B,31.831,6.838,3.024,0.0,0.0,1.034,10.896
2026-03-10 11:00:00,Hostel B,31.998,8.113,3.546,0.0,0.0,1.049,12.708
2026-03-10 12:00:00,Hostel B,34.268,12.985,3.565,0.0,0.0,1.105,17.654
2026-03-10 13:00:00,Hostel B,36.086,12.608,3.523,0.0,0.0,1.117,17.248
2026-03-10 14:00:00,Hostel B,36.102,16.251,3.629,0.0,0.0,1.039,20.919
2026-03-10 15:00:00,Hostel B,36.978,14.907,3.581,0.0,0.0,1.016,19.504
2026-03-10 16:00:00,Hostel B,37.06,13.554,3.504,0.0,0.0,1.047,18.105
2026-03-10 17:00:00,Hostel B,35.859,11.774,3.366,0.0,0.0,1.056,16.196
2026-03-10 18:00:00,Hostel B,33.529,23.943,8.583,5.1,0.0,1.013,38.639
2026-03-10 19:00:00,Hostel B,32.656,25.881,8.881,5.1,0.0,1.089,40.951
2026-03-10 20:00:00,Hostel B,33.484,29.276,8.278,5.1,0.0,1.027,43.68
2026-03-10 21:00:00,Hostel B,30.314,14.937,7.573,5.1,0.0,1.022,28.632
2026-03-10 22:00:00,Hostel B,28.628,7.701,7.582,5.1,0.0,1.093,21.477
2026-03-10 23:00:00,Hostel B,26.14,0.467,8.561,5.1,0.0,1.099,15.227
2026-03-11 00:00:00,Hostel B,25.666,0.0,8.906,5.1,0.0,1.033,15.039
2026-03-11 01:00:00,Hostel B,25.52,0.0,7.515,5.1,0.0,1.099,13.714
2026-03-11 02:00:00,Hostel B,24.219,0.0,8.872,5.1,0.0,1.046,15.018
2026-03-11 03:00:00,Hostel B,23.481,0.0,7.619,5.1,0.0,1.047,13.766
2026-03-11 04:00:00,Hostel B,23.917,0.0,7.877,5.1,0.0,1.026,14.003
2026-03-11 05:00:00,Hostel B,25.996,0.0,8.761,5.1,12.899,1.038,27.798
2026-03-11 06:00:00,Hostel B,26.425,1.386,8.857,5.1,16.197,1.017,32.557
2026-03-11 07:00:00,Hostel B,27.534,4.303,8.152,0.0,16.443,1.088,29.986
2026-03-11 08:00:00,Hostel B,28.888,8.124,8.836,0.0,13.016,1.108,31.084
2026-03-11 09:00:00,Hostel B,28.817,4.188,3.559,0.0,0.0,1.018,8.765
2026-03-11 10:00:00,Hostel B,31.825,8.585,3.577,0.0,0.0,1.041,13.203
2026-03-11 11:00:00,Hostel B,34.068,9.902,3.578,0.0,0.0,1.051,14.532
2026-03-11 12:00:00,Hostel B,33.982,12.569,3.224,0.0,0.0,1.057,16.85
2026-03-11 13:00:00,Hostel B,36.174,15.002,2.963,0.0,0.0,1.105,19.069
2026-03-11 14:00:00,Hostel B,36.341,12.66,3.061,0.0,0.0,1.017,16.738
2026-03-11 15:00:00,Hostel B,36.828,13.968,2.995,0.0,0.0,1.082,18.044
2026-03-11 16:00:00,Hostel B,35.846,16.027,3.118,0.0,0.0,1.072,20.217
2026-03-11 17:00:00,Hostel B,36.083,13.603,2.981,0.0,0.0,1.107,17.69
2026-03-11 18:00:00,Hostel B,32.778,20.822,7.634,5.1,0.0,1.047,34.604
2026-03-11 19:00:00,Hostel B,33.033,24.022,8.191,5.1,0.0,1.024,38.337
2026-03-11 20:00:00,Hostel B,32.266,19.016,7.392,5.1,0.0,1.027,32.535
2026-03-11 21:00:00,Hostel B,30.296,16.048,7.704,5.1,0.0,1.083,29.935
2026-03-11 22:00:00,Hostel B,29.543,13.244,7.54,5.1,0.0,1.074,26.958
2026-03-11 23:00:00,Hostel B,26.843,3.158,7.31,5.1,0.0,1.079,16.647
2026-03-12 00:00:00,Hostel B,25.21,0.0,8.347,5.1,0.0,1.028,14.475
2026-03-12 01:00:00,Hostel B,23.165,10.151,8.734,7.154,0.0,1.017,27.057
2026-03-12 02:00:00,Hostel B,23.931,10.151,8.418,7.154,0.0,1.076,26.8
2026-03-12 03:00:00,Hostel B,24.517,10.151,8.361,7.154,0.0,1.022,26.688
2026-03-12 04:00:00,Hostel B,24.965,10.151,8.895,7.154,0.0,1.117,27.317
2026-03-12 05:00:00,Hostel B,23.405,10.151,8.445,7.154,19.12,1.103,45.973
2026-03-12 06:00:00,Hostel B,26.933,3.708,7.224,5.1,19.808,1.033,36.873
2026-03-12 07:00:00,Hostel B,26.026,0.101,7.53,0.0,18.756,1.08,27.466
2026-03-12 08:00:00,Hostel B,28.326,7.898,8.278,0.0,13.116,1.027,30.32
2026-03-12 09:00:00,Hostel B,29.431,4.783,3.41,0.0,0.0,1.118,9.311
2026-03-12 10:00:00,Hostel B,31.97,7.2,3.552,0.0,0.0,1.079,11.83
2026-03-12 11:00:00,Hostel B,33.094,10.45,3.057,0.0,0.0,1.048,14.555
2026-03-12 12:00:00,Hostel B,34.921,10.381,3.661,0.0,0.0,1.089,15.131
2026-03-12 13:00:00,Hostel B,37.04,14.387,3.319,0.0,0.0,1.013,18.719
2026-03-12 14:00:00,Hostel B,36.193,13.806,3.617,0.0,0.0,1.045,18.467
2026-03-12 15:00:00,Hostel B,35.423,14.968,3.329,0.0,0.0,1.039,19.336
2026-03-12 16:00:00,Hostel B,36.257,16.668,3.077,0.0,0.0,1.051,20.797
2026-03-12 17:00:00,Hostel B,37.141,18.136,3.198,0.0,0.0,1.022,22.356
2026-03-12 18:00:00,Hostel B,34.899,33.317,7.535,5.1,0.0,1.121,47.073
2026-03-12 19:00:00,Hostel B,33.946,24.915,7.612,5.1,0.0,1.065,38.692
2026-03-12 20:00:00,Hostel B,29.959,11.257,8.729,5.1,0.0,1.109,26.196
2026-03-12 21:00:00,Hostel B,30.387,14.467,7.814,5.1,0.0,1.019,28.4
2026-03-12 22:00:00,Hostel B,28.179,6.852,7.466,5.1,0.0,1.108,20.526
2026-03-12 23:00:00,Hostel B,26.32,1.143,7.791,5.1,0.0,1.086,15.119
2026-03-13 00:00:00,Hostel B,25.735,0.0,8.242,5.1,0.0,1.089,14.431
2026-03-13 01:00:00,Hostel B,24.912,13.689,7.499,7.966,0.0,1.103,30.256
2026-03-13 02:00:00,Hostel B,23.58,13.689,7.231,7.966,0.0,1.072,29.957
2026-03-13 03:00:00,Hostel B,24.188,13.689,8.697,7.966,0.0,1.084,31.435
2026-03-13 04:00:00,Hostel B,24.031,13.689,7.567,7.966,0.0,1.114,30.335
2026-03-13 05:00:00,Hostel B,25.506,13.689,8.811,7.966,14.395,1.027,45.887
2026-03-13 06:00:00,Hostel B,25.985,0.0,7.224,5.1,12.64,1.019,25.983
2026-03-13 07:00:00,Hostel B,27.376,4.95,8.302,0.0,16.946,1.123,31.321
2026-03-13 08:00:00,Hostel B,29.426,11.863,8.327,0.0,17.666,1.112,38.968
2026-03-13 09:00:00,Hostel B,30.555,5.464,3.055,0.0,0.0,1.07,9.589
2026-03-13 10:00:00,Hostel B,31.547,7.646,3.429,0.0,0.0,1.1,12.175
2026-03-13 11:00:00,Hostel B,30.913,7.864,3.225,0.0,0.0,1.112,12.201
2026-03-13 12:00:00,Hostel B,34.756,10.969,3.221,0.0,0.0,1.065,15.255
2026-03-13 13:00:00,Hostel B,34.284,11.204,3.585,0.0,0.0,1.024,15.813
2026-03-13 14:00:00,Hostel B,35.709,12.469,3.64,0.0,0.0,1.067,17.176
2026-03-13 15:00:00,Hostel B,36.371,14.651,3.065,0.0,0.0,1.052,18.768
2026-03-13 16:00:00,Hostel B,37.129,18.122,3.443,0.0,0.0,1.015,22.579
2026-03-13 17:00:00,Hostel B,37.038,14.36,3.054,0.0,0.0,1.12,18.535
2026-03-13 18:00:00,Hostel B,33.321,27.708,7.202,5.1,0.0,1.093,41.104
2026-03-13 19:00:00,Hostel B,31.684,21.549,7.407,5.1,0.0,1.101,35.157
2026-03-13 20:00:00,Hostel B,31.879,18.219,8.273,5.1,0.0,1.08,32.671
2026-03-13 21:00:00,Hostel B,30.242,15.75,8.437,5.1,0.0,1.043,30.33
2026-03-13 22:00:00,Hostel B,27.245,4.944,8.045,5.1,0.0,1.078,19.167
2026-03-13 23:00:00,Hostel B,26.983,3.864,8.839,5.1,0.0,1.089,18.892
2026-03-14 00:00:00,Hostel B,26.355,1.06,7.228,4.335,0.0,1.08,13.703
2026-03-14 01:00:00,Hostel B,23.574,0.0,6.314,4.335,0.0,1.027,11.676
2026-03-14 02:00:00,Hostel B,23.21,0.0,6.384,4.335,0.0,1.104,11.824
2026-03-14 03:00:00,Hostel B,23.356,0.0,6.973,4.335,0.0,1.046,12.354
2026-03-14 04:00:00,Hostel B,23.992,0.0,6.575,4.335,0.0,1.057,11.967
2026-03-14 05:00:00,Hostel B,25.498,0.0,6.07,4.335,18.941,1.074,30.42
2026-03-14 06:00:00,Hostel B,25.431,0.0,6.106,4.335,18.835,1.122,30.398
2026-03-14 07:00:00,Hostel B,27.055,3.347,6.688,0.0,19.587,1.048,30.669
2026-03-14 08:00:00,Hostel B,30.693,11.987,6.863,0.0,0.0,1.017,19.867
2026-03-14 09:00:00,Hostel B,29.044,4.124,2.907,0.0,0.0,1.122,8.153
2026-03-14 10:00:00,Hostel B,30.9,4.907,2.976,0.0,0.0,1.12,9.003
2026-03-14 11:00:00,Hostel B,33.678,8.346,3.104,0.0,0.0,1.035,12.485
2026-03-14 12:00:00,Hostel B,35.231,12.157,3.023,0.0,0.0,1.106,16.286
2026-03-14 13:00:00,Hostel B,35.611,10.121,2.721,0.0,0.0,1.116,13.958
2026-03-14 14:00:00,Hostel B,37.605,12.397,2.833,0.0,0.0,1.014,16.244
2026-03-14 15:00:00,Hostel B,36.317,14.283,2.634,0.0,0.0,1.097,18.014
2026-03-14 16:00:00,Hostel B,33.819,10.618,3.104,0.0,0.0,1.033,14.755
2026-03-14 17:00:00,Hostel B,35.293,12.232,2.834,0.0,0.0,1.106,16.171
2026-03-14 18:00:00,Hostel B,33.672,19.542,6.448,4.335,0.0,1.015,31.34
2026-03-14 19:00:00,Hostel B,34.384,22.049,7.168,4.335,0.0,1.09,34.642
2026-03-14 20:00:00,Hostel B,32.518,17.008,6.809,4.335,0.0,1.104,29.257
2026-03-14 21:00:00,Hostel B,28.41,6.177,7.581,4.335,0.0,1.017,19.11
2026-03-14 22:00:00,Hostel B,29.797,12.747,6.182,4.335,0.0,1.098,24.362
2026-03-14 23:00:00,Hostel B,27.939,4.925,6.578,4.335,0.0,1.026,16.864
2026-03-15 00:00:00,Hostel B,25.433,0.0,7.498,4.335,0.0,1.021,12.854
2026-03-15 01:00:00,Hostel B,24.725,11.573,6.769,8.283,0.0,1.116,27.741
2026-03-15 02:00:00,Hostel B,25.597,11.573,6.542,8.283,0.0,1.116,27.515
2026-03-15 03:00:00,Hostel B,22.028,11.573,6.987,8.283,0.0,1.096,27.939
2026-03-15 04:00:00,Hostel B,24.65,11.573,7.077,8.283,0.0,1.113,28.046
2026-03-15 05:00:00,Hostel B,25.897,11.573,6.21,8.283,12.656,1.014,39.736
2026-03-15 06:00:00,Hostel B,25.669,0.0,6.463,4.335,17.931,1.07,29.798
2026-03-15 07:00:00,Hostel B,27.648,4.976,6.538,0.0,13.101,1.111,25.725
2026-03-15 08:00:00,Hostel B,28.55,7.734,6.442,0.0,15.094,1.113,30.382
2026-03-15 09:00:00,Hostel B,29.216,3.54,2.738,0.0,0.0,1.054,7.332
2026-03-15 10:00:00,Hostel B,30.744,6.067,2.708,0.0,0.0,1.049,9.824
2026-03-15 11:00:00,Hostel B,33.712,9.727,2.956,0.0,0.0,1.091,13.774
2026-03-15 12:00:00,Hostel B,33.607,8.895,2.873,0.0,0.0,1.019,12.787
2026-03-15 13:00:00,Hostel B,33.672,9.68,2.767,0.0,0.0,1.1,13.547
2026-03-15 14:00:00,Hostel B,35.918,13.28,2.624,0.0,0.0,1.041,16.944
2026-03-15 15:00:00,Hostel B,35.487,13.073,2.762,0.0,0.0,1.071,16.906
2026-03-15 16:00:00,Hostel B,34.596,11.976,2.612,0.0,0.0,1.034,15.622
2026-03-15 17:00:00,Hostel B,35.268,10.94,3.094,0.0,0.0,1.095,15.129
2026-03-15 18:00:00,Hostel B,35.01,21.66,6.333,4.335,0.0,1.12,33.447
2026-03-15 19:00:00,Hostel B,33.02,18.277,7.372,4.335,0.0,1.073,31.057
2026-03-15 20:00:00,Hostel B,30.487,11.534,7.003,4.335,0.0,1.119,23.991
2026-03-15 21:00:00,Hostel B,30.482,11.994,7.299,4.335,0.0,1.058,24.685
2026-03-15 22:00:00,Hostel B,29.482,9.531,7.417,4.335,0.0,1.045,22.328
2026-03-15 23:00:00,Hostel B,29.213,9.8,7.289,4.335,0.0,1.107,22.531
2026-03-16 00:00:00,Hostel B,27.199,4.098,8.192,5.1,0.0,1.017,18.407
2026-03-16 01:00:00,Hostel B,23.798,17.099,7.617,8.243,0.0,1.044,34.003
2026-03-16 02:00:00,Hostel B,25.063,17.099,8.318,8.243,0.0,1.09,34.75
2026-03-16 03:00:00,Hostel B,24.257,17.099,7.149,8.243,0.0,1.034,33.524
2026-03-16 04:00:00,Hostel B,23.052,17.099,7.814,8.243,0.0,1.113,34.268
2026-03-16 05:00:00,Hostel B,25.088,17.099,8.671,8.243,12.945,1.067,48.025
2026-03-16 06:00:00,Hostel B,27.676,5.769,8.176,5.1,17.353,1.04,37.438
2026-03-16 07:00:00,Hostel B,28.196,7.391,7.605,0.0,14.609,1.054,30.66
2026-03-16 08:00:00,Hostel B,27.434,5.461,8.733,0.0,12.242,1.044,27.48
2026-03-16 09:00:00,Hostel B,30.014,4.923,2.951,0.0,0.0,1.091,8.966
2026-03-16 10:00:00,Hostel B,32.045,8.648,3.589,0.0,0.0,1.025,13.262
2026-03-16 11:00:00,Hostel B,31.27,8.47,3.498,0.0,0.0,1.109,13.076
2026-03-16 12:00:00,Hostel B,32.547,8.956,3.048,0.0,0.0,1.029,13.033
2026-03-16 13:00:00,Hostel B,35.351,13.408,2.986,0.0,0.0,1.044,17.438
2026-03-16 14:00:00,Hostel B,35.963,11.785,3.639,0.0,0.0,1.083,16.508
2026-03-16 15:00:00,Hostel B,34.161,10.775,2.989,0.0,0.0,1.052,14.817
2026-03-16 16:00:00,Hostel B,36.184,11.903,3.656,0.0,0.0,1.07,16.628
2026-03-16 17:00:00,Hostel B,36.283,14.706,3.249,0.0,0.0,1.077,19.032
2026-03-16 18:00:00,Hostel B,34.024,28.044,7.771,5.1,0.0,1.042,41.957
2026-03-16 19:00:00,Hostel B,33.06,27.714,8.3,5.1,0.0,1.073,42.187
2026-03-16 20:00:00,Hostel B,32.124,21.755,8.025,5.1,0.0,1.118,35.998
2026-03-16 21:00:00,Hostel B,30.439,12.397,7.836,5.1,0.0,1.013,26.346
2026-03-16 22:00:00,Hostel B,26.778,2.947,8.283,5.1,0.0,1.08,17.409
2026-03-16 23:00:00,Hostel B,26.095,0.302,7.765,5.1,0.0,1.049,14.215
2026-03-17 00:00:00,Hostel B,25.362,0.0,7.201,5.1,0.0,1.109,13.411
2026-03-17 01:00:00,Hostel B,23.943,14.463,8.612,9.071,0.0,1.023,33.169
2026-03-17 02:00:00,Hostel B,25.671,14.463,8.059,9.071,0.0,1.019,32.612
2026-03-17 03:00:00,Hostel B,24.634,14.463,8.366,9.071,0.0,1.058,32.957
2026-03-17 04:00:00,Hostel B,23.095,14.463,8.167,9.071,0.0,1.088,32.789
2026-03-17 05:00:00,Hostel B,24.59,14.463,8.236,9.071,12.496,1.013,45.279
2026-03-17 06:00:00,Hostel B,26.888,3.049,7.531,5.1,12.974,1.104,29.758
2026-03-17 07:00:00,Hostel B,26.354,1.108,8.808,0.0,17.371,1.05,28.338
2026-03-17 08:00:00,Hostel B,29.299,10.547,7.939,0.0,16.263,1.116,35.865
2026-03-17 09:00:00,Hostel B,31.383,7.974,3.616,0.0,0.0,1.114,12.704
2026-03-17 10:00:00,Hostel B,32.769,8.749,3.533,0.0,0.0,1.098,13.38
2026-03-17 11:00:00,Hostel B,33.18,8.354,3.469,0.0,0.0,1.095,12.919
2026-03-17 12:00:00,Hostel B,35.494,14.497,3.278,0.0,0.0,1.08,18.855
2026-03-17 13:00:00,Hostel B,34.674,12.631,2.957,0.0,0.0,1.102,16.689
2026-03-17 14:00:00,Hostel B,38.281,15.26,3.172,0.0,0.0,1.033,19.465
2026-03-17 15:00:00,Hostel B,36.241,16.608,3.429,0.0,0.0,1.104,21.141
2026-03-17 16:00:00,Hostel B,36.942,17.405,3.183,0.0,0.0,1.076,21.664
2026-03-17 17:00:00,Hostel B,34.834,14.339,3.013,0.0,0.0,1.1,18.452
2026-03-17 18:00:00,Hostel B,34.742,29.735,8.064,5.1,0.0,1.068,43.967
2026-03-17 19:00:00,Hostel B,33.543,23.16,7.416,5.1,0.0,1.083,36.759
2026-03-17 20:00:00,Hostel B,30.624,13.858,7.687,5.1,0.0,1.051,27.695
2026-03-17 21:00:00,Hostel B,29.042,11.932,8.036,5.1,0.0,1.06,26.128
2026-03-17 22:00:00,Hostel B,28.243,8.643,7.348,5.1,0.0,1.054,22.144
2026-03-17 23:00:00,Hostel B,28.105,7.736,7.341,5.1,0.0,1.096,21.273
2026-03-18 00:00:00,Hostel B,23.926,0.0,7.515,5.1,0.0,1.035,13.65
2026-03-18 01:00:00,Hostel B,24.441,0.0,8.196,5.1,0.0,1.117,14.414
2026-03-18 02:00:00,Hostel B,25.514,0.0,8.806,5.1,0.0,1.106,15.012
2026-03-18 03:00:00,Hostel B,22.768,0.0,7.567,5.1,0.0,1.109,13.776
2026-03-18 04:00:00,Hostel B,25.458,0.0,8.425,5.1,0.0,1.115,14.64
2026-03-18 05:00:00,Hostel B,23.676,0.0,7.478,5.1,17.851,1.062,31.49
2026-03-18 06:00:00,Hostel B,24.841,0.0,8.274,5.1,19.812,1.113,34.299
2026-03-18 07:00:00,Hostel B,26.853,2.838,7.386,0.0,12.148,1.062,23.434
2026-03-18 08:00:00,Hostel B,30.321,15.898,8.649,0.0,0.0,1.024,25.571
2026-03-18 09:00:00,Hostel B,29.36,4.017,3.486,0.0,0.0,1.018,8.521
2026-03-18 10:00:00,Hostel B,29.82,4.826,3.44,0.0,0.0,1.02,9.286
2026-03-18 11:00:00,Hostel B,31.598,6.827,2.951,0.0,0.0,1.034,10.812
2026-03-18 12:00:00,Hostel B,35.175,12.071,3.555,0.0,0.0,1.053,16.679
2026-03-18 13:00:00,Hostel B,33.841,10.334,3.051,0.0,0.0,1.123,14.507
2026-03-18 14:00:00,Hostel B,36.984,14.635,3.332,0.0,0.0,1.04,19.007
2026-03-18 15:00:00,Hostel B,36.07,13.873,3.511,0.0,0.0,1.115,18.499
2026-03-18 16:00:00,Hostel B,35.763,13.309,3.404,0.0,0.0,1.104,17.817
2026-03-18 17:00:00,Hostel B,35.493,13.194,3.542,0.0,0.0,1.109,17.846
2026-03-18 18:00:00,Hostel B,33.442,27.45,8.405,5.1,0.0,1.101,42.056
2026-03-18 19:00:00,Hostel B,33.138,21.12,8.49,5.1,0.0,1.122,35.831
2026-03-18 20:00:00,Hostel B,30.36,13.988,7.673,5.1,0.0,1.026,27.787
2026-03-18 21:00:00,Hostel B,31.349,14.919,7.817,5.1,0.0,1.066,28.902
2026-03-18 22:00:00,Hostel B,27.42,4.008,8.035,5.1,0.0,1.051,18.194
2026-03-18 23:00:00,Hostel B,27.439,5.056,8.186,5.1,0.0,1.044,19.387
2026-03-19 00:00:00,Hostel B,24.723,0.0,8.375,5.1,0.0,1.063,14.537
2026-03-19 01:00:00,Hostel B,24.271,10.716,8.132,8.021,0.0,1.067,27.935
2026-03-19 02:00:00,Hostel B,23.831,10.716,8.408,8.021,0.0,1.123,28.269
2026-03-19 03:00:00,Hostel B,26.981,13.7,7.409,8.021,0.0,1.042,30.172
2026-03-19 04:00:00,Hostel B,24.19,10.716,7.844,8.021,0.0,1.115,27.697
2026-03-19 05:00:00,Hostel B,23.982,10.716,8.77,8.021,16.493,1.031,45.032
2026-03-19 06:00:00,Hostel B,25.313,0.0,7.527,5.1,19.048,1.087,32.763
2026-03-19 07:00:00,Hostel B,25.495,0.0,7.396,0.0,14.349,1.047,22.793
2026-03-19 08:00:00,Hostel B,28.284,8.779,8.469,0.0,13.469,1.121,31.838
2026-03-19 09:00:00,Hostel B,31.851,8.414,3.083,0.0,0.0,1.084,12.581
2026-03-19 10:00:00,Hostel B,31.889,7.286,3.276,0.0,0.0,1.02,11.582
2026-03-19 11:00:00,Hostel B,33.903,11.851,3.463,0.0,0.0,1.116,16.431
2026-03-19 12:00:00,Hostel B,33.333,11.12,3.296,0.0,0.0,1.046,15.462
2026-03-19 13:00:00,Hostel B,34.993,12.16,3.603,0.0,0.0,1.117,16.879
2026-03-19 14:00:00,Hostel B,35.999,14.519,3.585,0.0,0.0,1.014,19.119
2026-03-19 15:00:00,Hostel B,35.275,12.863,3.31,0.0,0.0,1.037,17.21
2026-03-19 16:00:00,Hostel B,36.196,13.38,3.646,0.0,0.0,1.044,18.07
2026-03-19 17:00:00,Hostel B,35.812,14.515,3.154,0.0,0.0,1.09,18.76
2026-03-19 18:00:00,Hostel B,34.785,27.102,7.557,5.1,0.0,1.102,40.862
2026-03-19 19:00:00,Hostel B,32.849,21.783,8.336,5.1,0.0,1.083,36.303
2026-03-19 20:00:00,Hostel B,32.644,21.752,8.162,5.1,0.0,1.019,36.034
2026-03-19 21:00:00,Hostel B,29.742,13.187,7.588,5.1,0.0,1.061,26.937
2026-03-19 22:00:00,Hostel B,28.098,7.99,7.802,5.1,0.0,1.068,21.96
2026-03-19 23:00:00,Hostel B,28.442,8.604,7.556,5.1,0.0,1.053,22.313
2026-03-20 00:00:00,Hostel B,24.65,0.0,7.563,5.1,0.0,1.06,13.723
2026-03-20 01:00:00,Hostel B,23.101,12.233,7.796,8.936,0.0,1.067,30.032
2026-03-20 02:00:00,Hostel B,23.337,12.233,8.79,8.936,0.0,1.075,31.033
2026-03-20 03:00:00,Hostel B,24.387,12.233,8.63,8.936,0.0,1.083,30.883
2026-03-20 04:00:00,Hostel B,25.488,12.233,8.055,8.936,0.0,1.036,30.26
2026-03-20 05:00:00,Hostel B,24.143,12.233,7.993,8.936,19.329,1.114,49.605
2026-03-20 06:00:00,Hostel B,27.572,4.723,7.196,5.1,13.679,1.106,31.803
2026-03-20 07:00:00,Hostel B,27.027,3.973,7.965,0.0,18.742,1.101,31.781
2026-03-20 08:00:00,Hostel B,28.332,7.666,8.253,0.0,12.169,1.103,29.191
2026-03-20 09:00:00,Hostel B,29.15,4.658,3.512,0.0,0.0,1.072,9.242
2026-03-20 10:00:00,Hostel B,33.504,10.354,3.202,0.0,0.0,1.12,14.675
2026-03-20 11:00:00,Hostel B,32.85,10.335,3.616,0.0,0.0,1.054,15.005
2026-03-20 12:00:00,Hostel B,32.911,9.924,3.558,0.0,0.0,1.06,14.541
2026-03-20 13:00:00,Hostel B,37.654,14.087,3.0,0.0,0.0,1.104,18.192
2026-03-20 14:00:00,Hostel B,36.189,16.339,3.604,0.0,0.0,1.11,21.053
2026-03-20 15:00:00,Hostel B,36.799,15.91,3.104,0.0,0.0,1.063,20.077
2026-03-20 16:00:00,Hostel B,37.477,15.847,3.619,0.0,0.0,1.108,20.574
2026-03-20 17:00:00,Hostel B,35.811,14.534,3.404,0.0,0.0,1.084,19.021
2026-03-20 18:00:00,Hostel B,35.218,28.583,7.875,5.1,0.0,1.056,42.614
2026-03-20 19:00:00,Hostel B,33.054,26.159,7.919,5.1,0.0,1.114,40.292
2026-03-20 20:00:00,Hostel B,32.287,20.624,8.145,5.1,0.0,1.069,34.938
2026-03-20 21:00:00,Hostel B,29.966,14.877,8.646,5.1,0.0,1.108,29.732
2026-03-20 22:00:00,Hostel B,28.427,7.564,8.634,5.1,0.0,1.104,22.402
2026-03-20 23:00:00,Hostel B,27.12,4.181,7.881,5.1,0.0,1.023,18.185
2026-03-21 00:00:00,Hostel B,25.361,0.0,7.357,4.335,0.0,1.111,12.803
2026-03-21 01:00:00,Hostel B,25.308,0.0,6.785,4.335,0.0,1.031,12.151
2026-03-21 02:00:00,Hostel B,24.706,0.0,6.703,4.335,0.0,1.104,12.142
2026-03-21 03:00:00,Hostel B,24.819,0.0,6.438,4.335,0.0,1.098,11.871
2026-03-21 04:00:00,Hostel B,24.844,0.0,7.325,4.335,0.0,1.095,12.756
2026-03-21 05:00:00,Hostel B,26.804,1.992,7.01,4.335,18.744,1.116,33.197
2026-03-21 06:00:00,Hostel B,26.81,2.381,6.723,4.335,18.025,1.08,32.544
2026-03-21 07:00:00,Hostel B,26.793,2.333,7.074,0.0,17.462,1.051,27.919
2026-03-21 08:00:00,Hostel B,28.9,7.066,7.375,0.0,16.791,1.079,32.312
2026-03-21 09:00:00,Hostel B,31.413,6.848,2.623,0.0,0.0,1.091,10.561
2026-03-21 10:00:00,Hostel B,30.603,4.78,2.744,0.0,0.0,1.054,8.578
2026-03-21 11:00:00,Hostel B,35.014,11.049,2.737,0.0,0.0,1.041,14.827
2026-03-21 12:00:00,Hostel B,33.468,8.767,2.546,0.0,0.0,1.068,12.381
2026-03-21 13:00:00,Hostel B,36.096,13.552,2.708,0.0,0.0,1.114,17.373
2026-03-21 14:00:00,Hostel B,35.802,10.521,2.975,0.0,0.0,1.083,14.579
2026-03-21 15:00:00,Hostel B,35.949,10.425,2.657,0.0,0.0,1.113,14.195
2026-03-21 16:00:00,Hostel B,34.493,10.249,3.006,0.0,0.0,1.066,14.32
2026-03-21 17:00:00,Hostel B,36.104,11.808,3.096,0.0,0.0,1.119,16.023
2026-03-21 18:00:00,Hostel B,32.954,17.626,6.409,4.335,0.0,1.102,29.472
2026-03-21 19:00:00,Hostel B,31.557,16.64,6.691,4.335,0.0,1.052,28.718
2026-03-21 20:00:00,Hostel B,32.713,22.091,6.268,4.335,0.0,1.063,33.758
2026-03-21 21:00:00,Hostel B,31.79,18.08,7.119,4.335,0.0,1.125,30.659
2026-03-21 22:00:00,Hostel B,27.78,4.598,6.801,4.335,0.0,1.12,16.854
2026-03-21 23:00:00,Hostel B,28.003,5.234,6.962,4.335,0.0,1.059,17.59
2026-03-22 00:00:00,Hostel B,26.554,1.627,7.25,4.335,0.0,1.106,14.319
2026-03-22 01:00:00,Hostel B,24.712,0.0,7.247,4.335,0.0,1.115,12.697
2026-03-22 02:00:00,Hostel B,25.54,0.0,6.852,4.335,0.0,1.041,12.228
2026-03-22 03:00:00,Hostel B,23.836,0.0,7.408,4.335,0.0,1.071,12.813
2026-03-22 04:00:00,Hostel B,24.722,0.0,7.483,4.335,0.0,1.098,12.916
2026-03-22 05:00:00,Hostel B,23.55,0.0,7.026,4.335,17.605,1.021,29.987
2026-03-22 06:00:00,Hostel B,24.546,0.0,6.127,4.335,19.3,1.103,30.866
2026-03-22 07:00:00,Hostel B,28.169,7.285,7.246,0.0,12.939,1.036,28.507
2026-03-22 08:00:00,Hostel B,28.998,8.516,7.422,0.0,19.278,1.066,36.283
2026-03-22 09:00:00,Hostel B,29.858,4.923,2.847,0.0,0.0,1.055,8.825
2026-03-22 10:00:00,Hostel B,33.461,8.61,2.937,0.0,0.0,1.096,12.643
2026-03-22 11:00:00,Hostel B,34.897,11.816,2.721,0.0,0.0,1.039,15.576
2026-03-22 12:00:00,Hostel B,34.682,11.775,2.813,0.0,0.0,1.065,15.652
2026-03-22 13:00:00,Hostel B,33.74,8.096,2.998,0.0,0.0,1.042,12.136
2026-03-22 14:00:00,Hostel B,35.684,12.481,3.046,0.0,0.0,1.019,16.545
2026-03-22 15:00:00,Hostel B,35.167,9.029,2.571,0.0,0.0,1.107,12.707
2026-03-22 16:00:00,Hostel B,35.885,10.794,2.51,0.0,0.0,1.038,14.342
2026-03-22 17:00:00,Hostel B,34.26,9.972,2.732,0.0,0.0,1.039,13.743
2026-03-22 18:00:00,Hostel B,33.046,21.023,6.662,4.335,0.0,1.018,33.038
2026-03-22 19:00:00,Hostel B,30.737,12.989,7.242,4.335,0.0,1.069,25.635
2026-03-22 20:00:00,Hostel B,31.72,15.133,6.082,4.335,0.0,1.043,26.592
2026-03-22 21:00:00,Hostel B,27.701,4.33,7.228,4.335,0.0,1.076,16.969
2026-03-22 22:00:00,Hostel B,28.127,5.56,6.883,4.335,0.0,1.094,17.872
2026-03-22 23:00:00,Hostel B,27.694,4.241,7.128,4.335,0.0,1.018,16.722
2026-03-23 00:00:00,Hostel B,25.035,0.0,8.049,5.1,0.0,1.035,14.184
2026-03-23 01:00:00,Hostel B,23.719,11.261,8.551,7.401,0.0,1.056,28.27
2026-03-23 02:00:00,Hostel B,24.137,11.261,7.92,7.401,0.0,1.111,27.693
2026-03-23 03:00:00,Hostel B,23.171,11.261,7.757,7.401,0.0,1.025,27.444
2026-03-23 04:00:00,Hostel B,24.39,11.261,8.276,7.401,0.0,1.096,28.034
2026-03-23 05:00:00,Hostel B,23.771,11.261,7.933,7.401,19.514,1.12,47.229
2026-03-23 06:00:00,Hostel B,25.653,0.0,7.682,5.1,17.197,1.021,31.0
2026-03-23 07:00:00,Hostel B,26.654,1.836,8.771,0.0,19.582,1.05,31.239
2026-03-23 08:00:00,Hostel B,28.436,8.614,8.431,0.0,15.961,1.099,34.105
2026-03-23 09:00:00,Hostel B,31.635,7.408,3.085,0.0,0.0,1.118,11.611
2026-03-23 10:00:00,Hostel B,31.753,7.584,3.484,0.0,0.0,1.04,12.108
2026-03-23 11:00:00,Hostel B,33.504,10.124,3.126,0.0,0.0,1.085,14.335
2026-03-23 12:00:00,Hostel B,33.618,11.665,3.257,0.0,0.0,1.095,16.017
2026-03-23 13:00:00,Hostel B,35.419,12.671,3.1,0.0,0.0,1.058,16.829
2026-03-23 14:00:00,Hostel B,35.521,11.339,3.023,0.0,0.0,1.088,15.45
2026-03-23 15:00:00,Hostel B,36.03,12.894,3.233,0.0,0.0,1.074,17.202
2026-03-23 16:00:00,Hostel B,36.445,14.957,3.348,0.0,0.0,1.118,19.422
2026-03-23 17:00:00,Hostel B,34.696,14.239,3.162,0.0,0.0,1.073,18.474
2026-03-23 18:00:00,Hostel B,33.845,23.221,7.274,5.1,0.0,1.071,36.666
2026-03-23 19:00:00,Hostel B,32.514,20.685,7.586,5.1,0.0,1.088,34.459
2026-03-23 20:00:00,Hostel B,31.047,17.007,7.578,5.1,0.0,1.03,30.715
2026-03-23 21:00:00,Hostel B,30.173,16.352,8.194,5.1,0.0,1.072,30.718
2026-03-23 22:00:00,Hostel B,28.083,6.08,7.644,5.1,0.0,1.018,19.842
2026-03-23 23:00:00,Hostel B,28.498,9.337,8.093,5.1,0.0,1.083,23.613
2026-03-24 00:00:00,Hostel B,28.437,8.901,7.98,5.1,0.0,1.073,23.053
2026-03-24 01:00:00,Hostel B,24.236,0.0,7.615,5.1,0.0,1.107,13.822
2026-03-24 02:00:00,Hostel B,24.498,0.0,8.463,5.1,0.0,1.102,14.665
2026-03-24 03:00:00,Hostel B,25.038,0.0,8.332,5.1,0.0,1.061,14.493
2026-03-24 04:00:00,Hostel B,23.939,0.0,8.354,5.1,0.0,1.087,14.541
2026-03-24 05:00:00,Hostel B,23.809,0.0,7.914,5.1,19.168,1.047,33.229
2026-03-24 06:00:00,Hostel B,27.496,4.758,7.705,5.1,18.323,1.056,36.943
2026-03-24 07:00:00,Hostel B,27.686,5.354,8.194,0.0,19.144,1.021,33.714
2026-03-24 08:00:00,Hostel B,28.766,10.181,8.852,0.0,14.83,1.024,34.887
2026-03-24 09:00:00,Hostel B,31.451,8.031,3.259,0.0,0.0,1.105,12.395
2026-03-24 10:00:00,Hostel B,32.323,9.813,3.429,0.0,0.0,1.122,14.364
2026-03-24 11:00:00,Hostel B,32.952,9.732,3.265,0.0,0.0,1.068,14.064
2026-03-24 12:00:00,Hostel B,33.266,9.598,3.625,0.0,0.0,1.027,14.251
2026-03-24 13:00:00,Hostel B,34.703,10.285,3.135,0.0,0.0,1.022,14.442
2026-03-24 14:00:00,Hostel B,37.0,16.934,3.277,0.0,0.0,1.018,21.229
2026-03-24 15:00:00,Hostel B,36.682,12.661,3.303,0.0,0.0,1.111,17.075
2026-03-24 16:00:00,Hostel B,35.609,12.461,3.476,0.0,0.0,1.062,16.999
2026-03-24 17:00:00,Hostel B,36.963,16.199,3.47,0.0,0.0,1.112,20.781
2026-03-24 18:00:00,Hostel B,34.085,29.936,8.46,5.1,0.0,1.053,44.549
2026-03-24 19:00:00,Hostel B,33.988,22.932,8.448,5.1,0.0,1.079,37.559
2026-03-24 20:00:00,Hostel B,31.773,20.294,7.979,5.1,0.0,1.088,34.461
2026-03-24 21:00:00,Hostel B,31.933,17.52,7.418,5.1,0.0,1.018,31.056
2026-03-24 22:00:00,Hostel B,29.2,11.822,8.694,5.1,0.0,1.089,26.705
2026-03-24 23:00:00,Hostel B,27.046,3.83,7.72,5.1,0.0,1.102,17.753
2026-03-25 00:00:00,Hostel B,25.579,0.0,7.337,5.1,0.0,1.015,13.452
2026-03-25 01:00:00,Hostel B,24.788,13.75,7.37,7.458,0.0,1.019,29.597
2026-03-25 02:00:00,Hostel B,23.479,13.75,8.023,7.458,0.0,1.071,30.302
2026-03-25 03:00:00,Hostel B,22.633,13.75,7.9,7.458,0.0,1.122,30.23
2026-03-25 04:00:00,Hostel B,24.513,13.75,8.324,7.458,0.0,1.122,30.654
2026-03-25 05:00:00,Hostel B,24.27,13.75,8.232,7.458,12.568,1.025,43.032
2026-03-25 06:00:00,Hostel B,25.221,0.0,7.332,5.1,19.696,1.098,33.226
2026-03-25 07:00:00,Hostel B,26.911,3.188,7.67,0.0,18.85,1.102,30.809
2026-03-25 08:00:00,Hostel B,28.499,7.464,8.74,0.0,19.194,1.111,36.508
2026-03-25 09:00:00,Hostel B,30.007,5.608,3.504,0.0,0.0,1.017,10.129
2026-03-25 10:00:00,Hostel B,33.291,10.243,3.58,0.0,0.0,1.122,14.945
2026-03-25 11:00:00,Hostel B,33.662,10.52,2.956,0.0,0.0,1.105,14.581
2026-03-25 12:00:00,Hostel B,36.35,15.145,3.61,0.0,0.0,1.081,19.837
2026-03-25 13:00:00,Hostel B,34.757,14.256,3.573,0.0,0.0,1.02,18.849
2026-03-25 14:00:00,Hostel B,36.579,16.342,3.272,0.0,0.0,1.04,20.654
2026-03-25 15:00:00,Hostel B,35.617,15.581,3.435,0.0,0.0,1.051,20.067
2026-03-25 16:00:00,Hostel B,35.234,11.466,3.14,0.0,0.0,1.109,15.715
2026-03-25 17:00:00,Hostel B,37.342,18.57,3.424,0.0,0.0,1.098,23.092
2026-03-25 18:00:00,Hostel B,33.474,23.573,8.566,5.1,0.0,1.118,38.357
2026-03-25 19:00:00,Hostel B,30.768,13.494,8.003,5.1,0.0,1.06,27.657
2026-03-25 20:00:00,Hostel B,30.845,16.039,7.19,5.1,0.0,1.116,29.445
2026-03-25 21:00:00,Hostel B,27.992,6.141,7.883,5.1,0.0,1.113,20.237
2026-03-25 22:00:00,Hostel B,27.496,5.534,8.434,5.1,0.0,1.015,20.083
2026-03-25 23:00:00,Hostel B,26.141,0.409,8.396,5.1,0.0,1.039,14.944
2026-03-26 00:00:00,Hostel B,25.793,0.0,8.008,5.1,0.0,1.102,14.211
2026-03-26 01:00:00,Hostel B,22.754,10.992,8.899,7.509,0.0,1.087,28.488
2026-03-26 02:00:00,Hostel B,25.4,10.992,7.349,7.509,0.0,1.038,26.887
2026-03-26 03:00:00,Hostel B,22.124,10.992,7.423,7.509,0.0,1.1,27.024
2026-03-26 04:00:00,Hostel B,24.077,10.992,7.601,7.509,0.0,1.048,27.15
2026-03-26 05:00:00,Hostel B,24.48,10.992,8.574,7.509,15.129,1.08,43.285
2026-03-26 06:00:00,Hostel B,26.583,2.145,8.502,5.1,14.952,1.118,31.816
2026-03-26 07:00:00,Hostel B,27.352,5.148,8.519,0.0,17.342,1.039,32.049
2026-03-26 08:00:00,Hostel B,29.634,12.056,8.71,0.0,16.378,1.019,38.162
2026-03-26 09:00:00,Hostel B,29.639,4.505,3.266,0.0,0.0,1.087,8.857
2026-03-26 10:00:00,Hostel B,31.088,8.334,3.174,0.0,0.0,1.094,12.602
2026-03-26 11:00:00,Hostel B,33.413,9.823,3.381,0.0,0.0,1.048,14.252
2026-03-26 12:00:00,Hostel B,35.272,11.586,3.241,0.0,0.0,1.065,15.892
2026-03-26 13:00:00,Hostel B,36.021,12.018,3.325,0.0,0.0,1.069,16.412
2026-03-26 14:00:00,Hostel B,36.117,12.236,3.043,0.0,0.0,1.104,16.383
2026-03-26 15:00:00,Hostel B,36.233,16.501,3.231,0.0,0.0,1.09,20.823
2026-03-26 16:00:00,Hostel B,35.759,15.755,3.287,0.0,0.0,1.043,20.086
2026-03-26 17:00:00,Hostel B,35.606,13.433,3.004,0.0,0.0,1.043,17.481
2026-03-26 18:00:00,Hostel B,36.278,37.168,8.915,5.1,0.0,1.049,52.232
2026-03-26 19:00:00,Hostel B,32.757,25.572,7.207,5.1,0.0,1.029,38.909
2026-03-26 20:00:00,Hostel B,31.188,17.928,8.781,5.1,0.0,1.028,32.837
2026-03-26 21:00:00,Hostel B,29.559,12.763,7.283,5.1,0.0,1.104,26.251
2026-03-26 22:00:00,Hostel B,28.836,11.19,8.674,5.1,0.0,1.106,26.069
2026-03-26 23:00:00,Hostel B,24.878,0.0,8.119,5.1,0.0,1.042,14.26
2026-03-27 00:00:00,Hostel B,25.622,0.0,7.49,5.1,0.0,1.108,13.699
2026-03-27 01:00:00,Hostel B,25.684,0.0,7.553,5.1,0.0,1.077,13.73
2026-03-27 02:00:00,Hostel B,23.678,0.0,7.768,5.1,0.0,1.093,13.96
2026-03-27 03:00:00,Hostel B,24.187,0.0,8.557,5.1,0.0,1.112,14.769
2026-03-27 04:00:00,Hostel B,26.314,0.989,7.403,5.1,0.0,1.047,14.538
2026-03-27 05:00:00,Hostel B,25.135,0.0,7.572,5.1,13.866,1.087,27.625
2026-03-27 06:00:00,Hostel B,23.518,0.0,8.376,5.1,16.847,1.047,31.37
2026-03-27 07:00:00,Hostel B,25.59,0.0,8.236,0.0,12.421,1.114,21.771
2026-03-27 08:00:00,Hostel B,28.196,8.323,7.891,0.0,12.13,1.046,29.39
2026-03-27 09:00:00,Hostel B,29.196,4.437,2.984,0.0,0.0,1.083,8.504
2026-03-27 10:00:00,Hostel B,31.656,8.352,3.35,0.0,0.0,1.034,12.737
2026-03-27 11:00:00,Hostel B,32.705,9.824,3.108,0.0,0.0,1.054,13.987
2026-03-27 12:00:00,Hostel B,35.409,11.232,3.39,0.0,0.0,1.052,15.674
2026-03-27 13:00:00,Hostel B,34.105,11.006,3.142,0.0,0.0,1.097,15.244
2026-03-27 14:00:00,Hostel B,35.588,13.087,3.661,0.0,0.0,1.045,17.792
2026-03-27 15:00:00,Hostel B,36.217,16.247,3.374,0.0,0.0,1.049,20.67
2026-03-27 16:00:00,Hostel B,36.137,16.058,3.36,0.0,0.0,1.014,20.432
2026-03-27 17:00:00,Hostel B,35.343,10.995,3.555,0.0,0.0,1.048,15.598
2026-03-27 18:00:00,Hostel B,31.831,22.155,8.913,5.1,0.0,1.043,37.211
2026-03-27 19:00:00,Hostel B,33.083,24.935,8.531,5.1,0.0,1.074,39.639
2026-03-27 20:00:00,Hostel B,31.402,15.172,8.2,5.1,0.0,1.058,29.53
2026-03-27 21:00:00,Hostel B,30.864,15.785,8.681,5.1,0.0,1.123,30.689
2026-03-27 22:00:00,Hostel B,29.17,12.207,7.463,5.1,0.0,1.074,25.844
2026-03-27 23:00:00,Hostel B,27.241,3.992,8.504,5.1,0.0,1.021,18.617
2026-03-28 00:00:00,Hostel B,26.071,0.216,7.101,4.335,0.0,1.104,12.755
2026-03-28 01:00:00,Hostel B,26.156,0.46,6.924,4.335,0.0,1.018,12.737
2026-03-28 02:00:00,Hostel B,25.355,0.0,7.384,4.335,0.0,1.107,12.826
2026-03-28 03:00:00,Hostel B,24.275,0.0,7.146,4.335,0.0,1.058,12.539
2026-03-28 04:00:00,Hostel B,26.35,1.001,7.156,4.335,0.0,1.019,13.512
2026-03-28 05:00:00,Hostel B,24.176,0.0,7.449,4.335,18.867,1.122,31.774
2026-03-28 06:00:00,Hostel B,24.572,0.0,7.13,4.335,14.19,1.068,26.724
2026-03-28 07:00:00,Hostel B,26.989,2.537,6.457,0.0,13.348,1.109,23.45
2026-03-28 08:00:00,Hostel B,28.073,5.799,6.348,0.0,16.269,1.06,29.476
2026-03-28 09:00:00,Hostel B,27.535,1.969,2.82,0.0,0.0,1.064,5.853
2026-03-28 10:00:00,Hostel B,30.901,5.758,2.646,0.0,0.0,1.053,9.457
2026-03-28 11:00:00,Hostel B,33.344,9.418,2.936,0.0,0.0,1.054,13.408
2026-03-28 12:00:00,Hostel B,34.185,8.811,3.025,0.0,0.0,1.102,12.938
2026-03-28 13:00:00,Hostel B,34.42,10.272,2.681,0.0,0.0,1.016,13.969
2026-03-28 14:00:00,Hostel B,35.838,13.161,3.07,0.0,0.0,1.068,17.298
2026-03-28 15:00:00,Hostel B,36.123,12.123,2.966,0.0,0.0,1.042,16.131
2026-03-28 16:00:00,Hostel B,36.511,13.06,3.116,0.0,0.0,1.075,17.252
2026-03-28 17:00:00,Hostel B,34.555,10.78,2.623,0.0,0.0,1.037,14.44
2026-03-28 18:00:00,Hostel B,35.116,28.464,6.769,4.335,0.0,1.052,40.62
2026-03-28 19:00:00,Hostel B,31.909,16.112,7.041,4.335,0.0,1.072,28.56
2026-03-28 20:00:00,Hostel B,31.05,15.187,7.227,4.335,0.0,1.096,27.844
2026-03-28 21:00:00,Hostel B,31.699,15.92,7.453,4.335,0.0,1.119,28.827
2026-03-28 22:00:00,Hostel B,27.423,3.939,7.421,4.335,0.0,1.04,16.735
2026-03-28 23:00:00,Hostel B,26.341,0.974,6.427,4.335,0.0,1.067,12.803
2026-03-29 00:00:00,Hostel B,24.504,0.0,6.71,4.335,0.0,1.052,12.097
2026-03-29 01:00:00,Hostel B,23.977,0.0,7.159,4.335,0.0,1.081,12.575
2026-03-29 02:00:00,Hostel B,24.343,0.0,6.27,4.335,0.0,1.054,11.658
2026-03-29 03:00:00,Hostel B,24.707,0.0,7.525,4.335,0.0,1.023,12.883
2026-03-29 04:00:00,Hostel B,24.186,0.0,7.202,4.335,0.0,1.082,12.619
2026-03-29 05:00:00,Hostel B,24.479,0.0,7.327,4.335,16.614,1.017,29.292
2026-03-29 06:00:00,Hostel B,24.515,0.0,7.446,4.335,17.19,1.017,29.988
2026-03-29 07:00:00,Hostel B,26.273,0.791,6.339,0.0,18.567,1.112,26.809
2026-03-29 08:00:00,Hostel B,26.901,2.798,6.709,0.0,17.993,1.11,28.612
2026-03-29 09:00:00,Hostel B,30.737,5.593,2.906,0.0,0.0,1.076,9.575
2026-03-29 10:00:00,Hostel B,32.359,8.454,3.013,0.0,0.0,1.015,12.482
2026-03-29 11:00:00,Hostel B,32.96,7.019,2.96,0.0,0.0,1.051,11.03
2026-03-29 12:00:00,Hostel B,34.684,10.705,2.575,0.0,0.0,1.051,14.331
2026-03-29 13:00:00,Hostel B,36.072,11.398,2.902,0.0,0.0,1.094,15.394
2026-03-29 14:00:00,Hostel B,35.897,10.931,2.683,0.0,0.0,1.104,14.718
2026-03-29 15:00:00,Hostel B,37.394,15.62,2.753,0.0,0.0,1.052,19.425
2026-03-29 16:00:00,Hostel B,34.772,11.733,3.12,0.0,0.0,1.06,15.913
2026-03-29 17:00:00,Hostel B,34.847,9.317,2.597,0.0,0.0,1.038,12.952
2026-03-29 18:00:00,Hostel B,33.775,18.886,6.227,4.335,0.0,1.094,30.542
2026-03-29 19:00:00,Hostel B,33.647,24.868,6.69,4.335,0.0,1.052,36.944
2026-03-29 20:00:00,Hostel B,30.119,10.473,7.38,4.335,0.0,1.092,23.28
2026-03-29 21:00:00,Hostel B,31.448,18.054,6.315,4.335,0.0,1.092,29.796
2026-03-29 22:00:00,Hostel B,29.009,7.981,6.19,4.335,0.0,1.03,19.536
2026-03-29 23:00:00,Hostel B,28.75,7.67,6.704,4.335,0.0,1.112,19.822
2026-03-30 00:00:00,Hostel B,25.717,0.0,8.269,5.1,0.0,1.105,14.474
2026-03-30 01:00:00,Hostel B,24.254,0.0,7.416,5.1,0.0,1.078,13.594
2026-03-30 02:00:00,Hostel B,24.862,0.0,8.576,5.1,0.0,1.022,14.698
2026-03-30 03:00:00,Hostel B,25.031,0.0,8.65,5.1,0.0,1.031,14.781
2026-03-30 04:00:00,Hostel B,23.49,0.0,8.073,5.1,0.0,1.023,14.196
2026-03-30 05:00:00,Hostel B,22.806,0.0,7.194,5.1,17.891,1.065,31.25
2026-03-30 06:00:00,Hostel B,23.931,0.0,8.061,5.1,16.033,1.042,30.237
2026-03-30 07:00:00,Hostel B,27.261,3.823,7.522,0.0,16.731,1.106,29.182
2026-03-30 08:00:00,Hostel B,29.987,14.027,7.936,0.0,19.293,1.062,42.318
2026-03-30 09:00:00,Hostel B,28.699,3.484,3.498,0.0,0.0,1.063,8.046
2026-03-30 10:00:00,Hostel B,31.281,7.836,2.98,0.0,0.0,1.116,11.932
2026-03-30 11:00:00,Hostel B,32.652,10.162,2.94,0.0,0.0,1.077,14.179
2026-03-30 12:00:00,Hostel B,36.163,16.077,3.038,0.0,0.0,1.056,20.171
2026-03-30 13:00:00,Hostel B,37.455,18.334,2.973,0.0,0.0,1.123,22.431
2026-03-30 14:00:00,Hostel B,36.22,12.951,3.131,0.0,0.0,1.065,17.147
2026-03-30 15:00:00,Hostel B,36.898,13.208,3.237,0.0,0.0,1.078,17.522
2026-03-30 16:00:00,Hostel B,36.666,12.504,3.513,0.0,0.0,1.055,17.072
2026-03-30 17:00:00,Hostel B,33.916,11.897,2.962,0.0,0.0,1.088,15.947
2026-03-30 18:00:00,Hostel B,34.941,26.935,7.767,5.1,0.0,1.1,40.901
2026-03-30 19:00:00,Hostel B,31.98,22.4,8.799,5.1,0.0,1.083,37.382
2026-03-30 20:00:00,Hostel B,31.381,21.215,8.169,5.1,0.0,1.04,35.524
2026-03-30 21:00:00,Hostel B,31.14,15.244,8.616,5.1,0.0,1.119,30.078
2026-03-30 22:00:00,Hostel B,28.528,7.907,8.003,5.1,0.0,1.07,22.08
2026-03-30 23:00:00,Hostel B,28.102,7.181,7.314,5.1,0.0,1.105,20.7
2026-03-31 00:00:00,Hostel B,27.057,3.491,7.474,5.1,0.0,1.013,17.078
2026-03-31 01:00:00,Hostel B,23.047,0.0,8.493,5.1,0.0,1.071,14.664
2026-03-31 02:00:00,Hostel B,22.027,0.0,8.682,5.1,0.0,1.118,14.9
2026-03-31 03:00:00,Hostel B,25.162,0.0,7.975,5.1,0.0,1.09,14.164
2026-03-31 04:00:00,Hostel B,25.407,0.0,8.019,5.1,0.0,1.025,14.144
2026-03-31 05:00:00,Hostel B,25.06,0.0,7.943,5.1,16.783,1.092,30.919
2026-03-31 06:00:00,Hostel B,26.15,0.418,7.173,5.1,19.914,1.014,33.619
2026-03-31 07:00:00,Hostel B,27.893,7.006,7.31,0.0,19.935,1.054,35.305
2026-03-31 08:00:00,Hostel B,29.321,9.327,8.911,0.0,15.336,1.039,34.613
2026-03-31 09:00:00,Hostel B,29.696,5.846,2.971,0.0,0.0,1.041,9.858
2026-03-31 10:00:00,Hostel B,32.509,9.171,3.196,0.0,0.0,1.017,13.385
2026-03-31 11:00:00,Hostel B,32.654,10.687,3.448,0.0,0.0,1.082,15.217
2026-03-31 12:00:00,Hostel B,34.486,12.97,3.252,0.0,0.0,1.096,17.318
2026-03-31 13:00:00,Hostel B,35.396,14.927,3.662,0.0,0.0,1.045,19.635
2026-03-31 14:00:00,Hostel B,34.936,13.534,2.964,0.0,0.0,1.079,17.577
2026-03-31 15:00:00,Hostel B,35.257,13.258,3.583,0.0,0.0,1.068,17.91
2026-03-31 16:00:00,Hostel B,38.03,14.803,3.039,0.0,0.0,1.124,18.967
2026-03-31 17:00:00,Hostel B,34.304,12.511,3.091,0.0,0.0,1.104,16.705
2026-03-31 18:00:00,Hostel B,34.613,30.119,8.083,5.1,0.0,1.119,44.421
2026-03-31 19:00:00,Hostel B,33.58,25.26,8.696,5.1,0.0,1.105,40.161
2026-03-31 20:00:00,Hostel B,31.499,19.008,7.879,5.1,0.0,1.086,33.073
2026-03-31 21:00:00,Hostel B,30.671,14.326,7.664,5.1,0.0,1.021,28.111
2026-03-31 22:00:00,Hostel B,28.776,9.085,7.857,5.1,0.0,1.109,23.151
2026-03-31 23:00:00,Hostel B,26.13,0.381,7.308,5.1,0.0,1.098,13.888
2026-04-01 00:00:00,Hostel B,29.294,10.801,8.636,5.1,0.0,1.044,25.582
2026-04-01 01:00:00,Hostel B,27.259,17.909,8.774,7.138,0.0,1.043,34.863
2026-04-01 02:00:00,Hostel B,28.945,24.928,8.346,7.138,0.0,1.071,41.483
2026-04-01 03:00:00,Hostel B,27.429,18.581,7.934,7.138,0.0,1.044,34.696
2026-04-01 04:00:00,Hostel B,26.504,15.648,8.236,7.138,0.0,1.122,32.144
2026-04-01 05:00:00,Hostel B,28.146,22.163,8.125,7.138,18.277,1.034,56.737
2026-04-01 06:00:00,Hostel B,27.833,5.218,7.232,5.1,17.807,1.03,36.387
2026-04-01 07:00:00,Hostel B,30.258,14.914,7.844,0.0,0.0,1.017,23.776
2026-04-01 08:00:00,Hostel B,31.221,16.43,8.312,0.0,0.0,1.075,25.817
2026-04-01 09:00:00,Hostel B,32.173,9.676,3.563,0.0,0.0,1.096,14.335
2026-04-01 10:00:00,Hostel B,33.713,10.734,3.204,0.0,0.0,1.078,15.017
2026-04-01 11:00:00,Hostel B,38.435,14.242,3.542,0.0,0.0,1.036,18.821
2026-04-01 12:00:00,Hostel B,37.334,14.216,3.496,0.0,0.0,1.116,18.829
2026-04-01 13:00:00,Hostel B,37.764,17.413,3.623,0.0,0.0,1.055,22.091
2026-04-01 14:00:00,Hostel B,38.191,14.251,3.667,0.0,0.0,1.028,18.947
2026-04-01 15:00:00,Hostel B,39.471,16.02,2.971,0.0,0.0,1.034,20.025
2026-04-01 16:00:00,Hostel B,38.157,18.929,3.262,0.0,0.0,1.062,23.253
2026-04-01 17:00:00,Hostel B,37.102,12.909,3.509,0.0,0.0,1.074,17.491
2026-04-01 18:00:00,Hostel B,37.21,40.595,8.609,5.1,0.0,1.08,55.384
2026-04-01 19:00:00,Hostel B,35.96,35.821,7.288,5.1,0.0,1.021,49.23
2026-04-01 20:00:00,Hostel B,34.136,25.811,8.223,5.1,0.0,1.11,40.243
2026-04-01 21:00:00,Hostel B,32.109,17.861,8.744,5.1,0.0,1.05,32.755
2026-04-01 22:00:00,Hostel B,31.056,14.721,7.545,5.1,0.0,1.042,28.408
2026-04-01 23:00:00,Hostel B,29.53,13.936,7.76,5.1,0.0,1.09,27.886
2026-04-02 00:00:00,Hostel B,28.149,7.732,7.845,5.1,0.0,1.082,21.759
2026-04-02 01:00:00,Hostel B,28.08,6.737,7.844,5.1,0.0,1.124,20.806
2026-04-02 02:00:00,Hostel B,29.431,12.987,8.143,5.1,0.0,1.059,27.288
2026-04-02 03:00:00,Hostel B,28.332,6.791,7.249,5.1,0.0,1.033,20.173
2026-04-02 04:00:00,Hostel B,29.146,9.253,8.531,5.1,0.0,1.122,24.006
2026-04-02 05:00:00,Hostel B,27.236,3.74,7.359,5.1,12.442,1.067,29.708
2026-04-02 06:00:00,Hostel B,30.432,16.406,8.592,5.1,0.0,1.087,31.185
2026-04-02 07:00:00,Hostel B,30.227,13.856,7.171,0.0,0.0,1.017,22.044
2026-04-02 08:00:00,Hostel B,32.433,22.885,8.545,0.0,0.0,1.05,32.48
2026-04-02 09:00:00,Hostel B,33.458,9.418,3.201,0.0,0.0,1.124,13.743
2026-04-02 10:00:00,Hostel B,34.21,12.569,3.422,0.0,0.0,1.121,17.112
2026-04-02 11:00:00,Hostel B,36.719,16.54,3.072,0.0,0.0,1.123,20.735
2026-04-02 12:00:00,Hostel B,37.728,15.854,3.335,0.0,0.0,1.105,20.294
2026-04-02 13:00:00,Hostel B,36.428,13.05,3.16,0.0,0.0,1.069,17.279
2026-04-02 14:00:00,Hostel B,38.671,17.502,2.943,0.0,0.0,1.077,21.522
2026-04-02 15:00:00,Hostel B,39.872,15.294,3.473,0.0,0.0,1.021,19.788
2026-04-02 16:00:00,Hostel B,39.073,14.657,3.036,0.0,0.0,1.102,18.795
2026-04-02 17:00:00,Hostel B,38.666,17.418,3.631,0.0,0.0,1.097,22.146
2026-04-02 18:00:00,Hostel B,36.491,35.693,8.111,5.1,0.0,1.092,49.995
2026-04-02 19:00:00,Hostel B,36.256,38.21,7.143,5.1,0.0,1.056,51.508
2026-04-02 20:00:00,Hostel B,34.457,26.541,8.827,5.1,0.0,1.042,41.51
2026-04-02 21:00:00,Hostel B,32.797,20.786,7.377,5.1,0.0,1.104,34.367
2026-04-02 22:00:00,Hostel B,30.768,16.948,8.629,5.1,0.0,1.122,31.799
2026-04-02 23:00:00,Hostel B,30.915,17.826,7.728,5.1,0.0,1.06,31.714
2026-04-03 00:00:00,Hostel B,29.103,10.187,8.154,5.1,0.0,1.019,24.46
2026-04-03 01:00:00,Hostel B,28.048,6.796,8.632,5.1,0.0,1.114,21.642
2026-04-03 02:00:00,Hostel B,29.255,9.56,7.23,5.1,0.0,1.09,22.979
2026-04-03 03:00:00,Hostel B,27.474,4.937,8.354,5.1,0.0,1.088,19.479
2026-04-03 04:00:00,Hostel B,28.405,9.471,7.405,5.1,0.0,1.119,23.095
2026-04-03 05:00:00,Hostel B,28.077,6.075,8.419,5.1,18.066,1.088,38.747
2026-04-03 06:00:00,Hostel B,28.404,8.338,7.427,5.1,17.288,1.082,39.234
2026-04-03 07:00:00,Hostel B,28.941,8.267,7.179,0.0,19.855,1.092,36.393
2026-04-03 08:00:00,Hostel B,31.688,18.078,7.417,0.0,0.0,1.067,26.562
2026-04-03 09:00:00,Hostel B,30.337,6.605,3.4,0.0,0.0,1.045,11.049
2026-04-03 10:00:00,Hostel B,34.825,12.599,3.665,0.0,0.0,1.041,17.304
2026-04-03 11:00:00,Hostel B,36.315,12.259,3.653,0.0,0.0,1.094,17.006
2026-04-03 12:00:00,Hostel B,37.025,15.113,3.488,0.0,0.0,1.04,19.641
2026-04-03 13:00:00,Hostel B,38.104,14.248,3.546,0.0,0.0,1.117,18.912
2026-04-03 14:00:00,Hostel B,37.544,15.38,3.582,0.0,0.0,1.058,20.021
2026-04-03 15:00:00,Hostel B,40.386,18.323,3.328,0.0,0.0,1.084,22.735
2026-04-03 16:00:00,Hostel B,38.458,15.307,3.108,0.0,0.0,1.017,19.432
2026-04-03 17:00:00,Hostel B,37.224,15.395,3.426,0.0,0.0,1.063,19.884
2026-04-03 18:00:00,Hostel B,37.787,39.925,7.393,5.1,0.0,1.057,53.475
2026-04-03 19:00:00,Hostel B,36.111,38.512,8.626,5.1,0.0,1.097,53.335
2026-04-03 20:00:00,Hostel B,34.195,24.045,7.876,5.1,0.0,1.019,38.04
2026-04-03 21:00:00,Hostel B,32.536,22.529,7.616,5.1,0.0,1.058,36.303
2026-04-03 22:00:00,Hostel B,31.441,15.377,8.646,5.1,0.0,1.109,30.231
2026-04-03 23:00:00,Hostel B,31.346,15.506,7.338,5.1,0.0,1.088,29.032
2026-04-04 00:00:00,Hostel B,29.227,8.374,7.548,4.335,0.0,1.1,21.357
2026-04-04 01:00:00,Hostel B,27.769,18.32,7.511,6.68,0.0,1.098,33.61
2026-04-04 02:00:00,Hostel B,28.057,17.794,6.993,6.68,0.0,1.087,32.554
2026-04-04 03:00:00,Hostel B,27.028,16.254,7.149,6.68,0.0,1.057,31.14
2026-04-04 04:00:00,Hostel B,27.606,17.337,6.125,6.68,0.0,1.057,31.2
2026-04-04 05:00:00,Hostel B,27.955,19.132,6.732,6.68,13.161,1.018,46.724
2026-04-04 06:00:00,Hostel B,29.347,8.69,7.411,4.335,12.917,1.034,34.387
2026-04-04 07:00:00,Hostel B,29.556,9.65,6.086,0.0,15.124,1.075,31.936
2026-04-04 08:00:00,Hostel B,30.308,13.394,6.51,0.0,0.0,1.113,21.017
2026-04-04 09:00:00,Hostel B,33.907,8.973,2.72,0.0,0.0,1.081,12.774
2026-04-04 10:00:00,Hostel B,36.058,11.954,2.921,0.0,0.0,1.056,15.93
2026-04-04 11:00:00,Hostel B,34.908,11.712,2.939,0.0,0.0,1.106,15.757
2026-04-04 12:00:00,Hostel B,37.422,14.261,2.54,0.0,0.0,1.063,17.864
2026-04-04 13:00:00,Hostel B,37.747,15.575,2.635,0.0,0.0,1.042,19.252
2026-04-04 14:00:00,Hostel B,39.679,12.148,3.015,0.0,0.0,1.022,16.184
2026-04-04 15:00:00,Hostel B,39.247,14.767,2.619,0.0,0.0,1.106,18.491
2026-04-04 16:00:00,Hostel B,42.123,14.732,2.678,0.0,0.0,1.082,18.492
2026-04-04 17:00:00,Hostel B,37.895,14.632,2.6,0.0,0.0,1.078,18.311
2026-04-04 18:00:00,Hostel B,38.78,35.627,7.213,4.335,0.0,1.094,48.269
2026-04-04 19:00:00,Hostel B,37.635,36.139,6.11,4.335,0.0,1.081,47.664
2026-04-04 20:00:00,Hostel B,35.087,29.334,6.527,4.335,0.0,1.052,41.248
2026-04-04 21:00:00,Hostel B,33.037,18.324,6.877,4.335,0.0,1.082,30.618
2026-04-04 22:00:00,Hostel B,31.542,13.727,6.078,4.335,0.0,1.028,25.168
2026-04-04 23:00:00,Hostel B,30.01,9.808,7.516,4.335,0.0,1.046,22.706
2026-04-05 00:00:00,Hostel B,29.891,9.85,7.388,4.335,0.0,1.073,22.646
2026-04-05 01:00:00,Hostel B,26.931,15.266,7.051,8.21,0.0,1.02,31.547
2026-04-05 02:00:00,Hostel B,27.043,15.353,6.735,8.21,0.0,1.105,31.403
2026-04-05 03:00:00,Hostel B,26.718,14.394,6.305,8.21,0.0,1.018,29.926
2026-04-05 04:00:00,Hostel B,25.478,12.437,6.909,8.21,0.0,1.054,28.611
2026-04-05 05:00:00,Hostel B,28.663,21.185,6.432,8.21,17.643,1.064,54.534
2026-04-05 06:00:00,Hostel B,29.82,11.148,7.037,4.335,14.162,1.089,37.772
2026-04-05 07:00:00,Hostel B,29.366,9.547,6.29,0.0,15.403,1.03,32.27
2026-04-05 08:00:00,Hostel B,32.477,17.135,7.157,0.0,0.0,1.105,25.397
2026-04-05 09:00:00,Hostel B,31.416,6.329,2.701,0.0,0.0,1.06,10.091
2026-04-05 10:00:00,Hostel B,34.577,9.847,2.813,0.0,0.0,1.041,13.7
2026-04-05 11:00:00,Hostel B,35.874,9.667,2.6,0.0,0.0,1.024,13.291
2026-04-05 12:00:00,Hostel B,37.33,14.656,2.659,0.0,0.0,1.117,18.432
2026-04-05 13:00:00,Hostel B,38.279,13.916,2.78,0.0,0.0,1.058,17.754
2026-04-05 14:00:00,Hostel B,38.719,12.833,2.785,0.0,0.0,1.055,16.673
2026-04-05 15:00:00,Hostel B,38.612,15.059,3.124,0.0,0.0,1.033,19.215
2026-04-05 16:00:00,Hostel B,38.687,13.961,2.709,0.0,0.0,1.069,17.74
2026-04-05 17:00:00,Hostel B,39.559,13.289,2.552,0.0,0.0,1.048,16.889
2026-04-05 18:00:00,Hostel B,36.664,27.782,6.864,4.335,0.0,1.031,40.012
2026-04-05 19:00:00,Hostel B,38.255,29.17,6.557,4.335,0.0,1.097,41.159
2026-04-05 20:00:00,Hostel B,33.918,22.817,7.401,4.335,0.0,1.114,35.667
2026-04-05 21:00:00,Hostel B,33.24,19.926,6.388,4.335,0.0,1.052,31.701
2026-04-05 22:00:00,Hostel B,32.018,14.514,7.367,4.335,0.0,1.045,27.261
2026-04-05 23:00:00,Hostel B,29.708,11.852,7.076,4.335,0.0,1.055,24.317
2026-04-06 00:00:00,Hostel B,30.14,15.546,7.476,5.1,0.0,1.117,29.238
2026-04-06 01:00:00,Hostel B,28.349,25.046,7.863,8.157,0.0,1.078,42.145
2026-04-06 02:00:00,Hostel B,27.0,20.909,8.019,8.157,0.0,1.031,38.116
2026-04-06 03:00:00,Hostel B,28.371,25.096,8.071,8.157,0.0,1.084,42.408
2026-04-06 04:00:00,Hostel B,26.189,17.684,7.849,8.157,0.0,1.058,34.748
2026-04-06 05:00:00,Hostel B,27.238,21.339,8.184,8.157,14.795,1.014,53.489
2026-04-06 06:00:00,Hostel B,29.32,10.5,8.419,5.1,15.212,1.122,40.353
2026-04-06 07:00:00,Hostel B,30.801,15.988,8.044,0.0,0.0,1.025,25.057
2026-04-06 08:00:00,Hostel B,31.77,22.786,8.215,0.0,0.0,1.059,32.061
2026-04-06 09:00:00,Hostel B,32.873,9.096,3.572,0.0,0.0,1.086,13.754
2026-04-06 10:00:00,Hostel B,34.301,10.416,3.306,0.0,0.0,1.078,14.8
2026-04-06 11:00:00,Hostel B,37.131,13.488,3.246,0.0,0.0,1.013,17.747
2026-04-06 12:00:00,Hostel B,37.483,18.183,3.122,0.0,0.0,1.081,22.386
2026-04-06 13:00:00,Hostel B,37.324,13.088,3.037,0.0,0.0,1.094,17.219
2026-04-06 14:00:00,Hostel B,37.866,18.927,3.155,0.0,0.0,1.108,23.189
2026-04-06 15:00:00,Hostel B,40.513,14.146,3.239,0.0,0.0,1.033,18.418
2026-04-06 16:00:00,Hostel B,38.077,18.227,3.502,0.0,0.0,1.017,22.745
2026-04-06 17:00:00,Hostel B,38.469,15.516,3.1,0.0,0.0,1.119,19.734
2026-04-06 18:00:00,Hostel B,38.594,37.053,8.393,5.1,0.0,1.089,51.636
2026-04-06 19:00:00,Hostel B,36.542,31.67,7.281,5.1,0.0,1.064,45.115
2026-04-06 20:00:00,Hostel B,33.795,22.995,7.423,5.1,0.0,1.094,36.612
2026-04-06 21:00:00,Hostel B,31.984,17.164,7.722,5.1,0.0,1.03,31.017
2026-04-06 22:00:00,Hostel B,33.317,21.764,7.979,5.1,0.0,1.12,35.962
2026-04-06 23:00:00,Hostel B,28.959,10.334,7.463,5.1,0.0,1.086,23.983
2026-04-07 00:00:00,Hostel B,28.204,7.648,7.34,5.1,0.0,1.111,21.199
2026-04-07 01:00:00,Hostel B,28.176,17.723,8.15,7.243,0.0,1.075,34.191
2026-04-07 02:00:00,Hostel B,26.986,14.472,7.875,7.243,0.0,1.103,30.693
2026-04-07 03:00:00,Hostel B,27.574,16.759,7.882,7.243,0.0,1.049,32.934
2026-04-07 04:00:00,Hostel B,25.737,10.922,7.69,7.243,0.0,1.027,26.882
2026-04-07 05:00:00,Hostel B,27.593,16.204,7.803,7.243,13.59,1.052,45.892
2026-04-07 06:00:00,Hostel B,29.435,11.119,7.469,5.1,15.711,1.113,40.512
2026-04-07 07:00:00,Hostel B,30.681,18.501,7.623,0.0,0.0,1.091,27.215
2026-04-07 08:00:00,Hostel B,30.875,19.085,8.108,0.0,0.0,1.064,28.257
2026-04-07 09:00:00,Hostel B,31.978,9.593,3.324,0.0,0.0,1.039,13.956
2026-04-07 10:00:00,Hostel B,34.767,12.695,3.606,0.0,0.0,1.08,17.38
2026-04-07 11:00:00,Hostel B,34.688,12.618,3.552,0.0,0.0,1.079,17.25
2026-04-07 12:00:00,Hostel B,38.527,19.262,2.945,0.0,0.0,1.072,23.28
2026-04-07 13:00:00,Hostel B,38.354,16.615,3.109,0.0,0.0,1.096,20.82
2026-04-07 14:00:00,Hostel B,38.099,15.042,3.592,0.0,0.0,1.04,19.674
2026-04-07 15:00:00,Hostel B,37.945,19.511,3.171,0.0,0.0,1.07,23.753
2026-04-07 16:00:00,Hostel B,38.162,18.755,3.291,0.0,0.0,1.047,23.093
2026-04-07 17:00:00,Hostel B,36.634,12.506,3.436,0.0,0.0,1.036,16.978
2026-04-07 18:00:00,Hostel B,37.737,34.314,8.11,5.1,0.0,1.05,48.574
2026-04-07 19:00:00,Hostel B,35.197,35.349,7.149,5.1,0.0,1.103,48.7
2026-04-07 20:00:00,Hostel B,34.953,28.191,7.509,5.1,0.0,1.025,41.825
2026-04-07 21:00:00,Hostel B,33.538,27.297,7.319,5.1,0.0,1.043,40.76
2026-04-07 22:00:00,Hostel B,32.413,18.79,7.439,5.1,0.0,1.072,32.401
2026-04-07 23:00:00,Hostel B,30.252,12.725,7.403,5.1,0.0,1.058,26.286
2026-04-08 00:00:00,Hostel B,29.883,14.297,8.252,5.1,0.0,1.106,28.755
2026-04-08 01:00:00,Hostel B,29.19,27.121,7.866,7.968,0.0,1.1,44.055
2026-04-08 02:00:00,Hostel B,27.463,19.447,7.259,7.968,0.0,1.089,35.763
2026-04-08 03:00:00,Hostel B,27.319,18.235,7.287,7.968,0.0,1.044,34.534
2026-04-08 04:00:00,Hostel B,26.647,16.475,8.836,7.968,0.0,1.015,34.295
2026-04-08 05:00:00,Hostel B,26.816,16.974,7.416,7.968,12.109,1.048,45.515
2026-04-08 06:00:00,Hostel B,30.039,15.782,7.593,5.1,0.0,1.08,29.555
2026-04-08 07:00:00,Hostel B,30.606,15.153,8.165,0.0,0.0,1.024,24.342
2026-04-08 08:00:00,Hostel B,32.134,24.056,7.474,0.0,0.0,1.105,32.635
2026-04-08 09:00:00,Hostel B,32.409,10.072,3.085,0.0,0.0,1.123,14.281
2026-04-08 10:00:00,Hostel B,36.177,13.946,2.993,0.0,0.0,1.095,18.034
2026-04-08 11:00:00,Hostel B,35.771,11.341,3.661,0.0,0.0,1.059,16.061
2026-04-08 12:00:00,Hostel B,36.441,16.99,3.385,0.0,0.0,1.102,21.478
2026-04-08 13:00:00,Hostel B,37.622,13.405,3.329,0.0,0.0,1.043,17.778
2026-04-08 14:00:00,Hostel B,40.367,18.838,3.593,0.0,0.0,1.12,23.551
2026-04-08 15:00:00,Hostel B,37.889,16.072,3.377,0.0,0.0,1.054,20.502
2026-04-08 16:00:00,Hostel B,38.044,15.561,3.133,0.0,0.0,1.09,19.784
2026-04-08 17:00:00,Hostel B,41.095,16.193,3.287,0.0,0.0,1.015,20.495
2026-04-08 18:00:00,Hostel B,38.184,38.588,7.992,5.1,0.0,1.083,52.764
2026-04-08 19:00:00,Hostel B,35.267,33.479,7.851,5.1,0.0,1.046,47.476
2026-04-08 20:00:00,Hostel B,33.471,25.953,8.485,5.1,0.0,1.024,40.562
2026-04-08 21:00:00,Hostel B,31.327,16.494,7.336,5.1,0.0,1.061,29.991
2026-04-08 22:00:00,Hostel B,31.544,18.959,7.424,5.1,0.0,1.024,32.508
2026-04-08 23:00:00,Hostel B,30.728,15.475,7.804,5.1,0.0,1.033,29.413
2026-04-09 00:00:00,Hostel B,30.276,16.632,7.267,5.1,0.0,1.113,30.112
2026-04-09 01:00:00,Hostel B,25.91,10.099,8.903,7.633,0.0,1.02,27.655
2026-04-09 02:00:00,Hostel B,25.879,10.099,8.025,7.633,0.0,1.083,26.84
2026-04-09 03:00:00,Hostel B,26.88,13.571,7.229,7.633,0.0,1.019,29.453
2026-04-09 04:00:00,Hostel B,29.992,23.024,8.225,7.633,0.0,1.093,39.975
2026-04-09 05:00:00,Hostel B,28.69,17.884,8.534,7.633,13.939,1.123,49.113
2026-04-09 06:00:00,Hostel B,29.13,8.909,7.868,5.1,17.216,1.061,40.153
2026-04-09 07:00:00,Hostel B,28.775,10.504,7.998,0.0,13.688,1.121,33.311
2026-04-09 08:00:00,Hostel B,29.327,10.805,8.391,0.0,12.747,1.085,33.027
2026-04-09 09:00:00,Hostel B,33.039,11.064,3.112,0.0,0.0,1.079,15.255
2026-04-09 10:00:00,Hostel B,34.454,11.617,3.379,0.0,0.0,1.032,16.028
2026-04-09 11:00:00,Hostel B,35.732,11.23,3.404,0.0,0.0,1.12,15.754
2026-04-09 12:00:00,Hostel B,36.862,15.301,3.531,0.0,0.0,1.109,19.942
2026-04-09 13:00:00,Hostel B,37.448,16.497,3.595,0.0,0.0,1.027,21.119
2026-04-09 14:00:00,Hostel B,37.818,16.198,3.632,0.0,0.0,1.016,20.846
2026-04-09 15:00:00,Hostel B,40.39,18.731,3.033,0.0,0.0,1.053,22.817
2026-04-09 16:00:00,Hostel B,37.909,17.452,3.54,0.0,0.0,1.03,22.022
2026-04-09 17:00:00,Hostel B,37.92,15.829,3.436,0.0,0.0,1.05,20.316
2026-04-09 18:00:00,Hostel B,37.204,40.876,7.802,5.1,0.0,1.12,54.898
2026-04-09 19:00:00,Hostel B,36.706,33.951,8.787,5.1,0.0,1.109,48.947
2026-04-09 20:00:00,Hostel B,33.701,29.198,8.675,5.1,0.0,1.062,44.035
2026-04-09 21:00:00,Hostel B,33.978,24.922,8.522,5.1,0.0,1.044,39.588
2026-04-09 22:00:00,Hostel B,30.867,17.454,7.243,5.1,0.0,1.078,30.874
2026-04-09 23:00:00,Hostel B,29.838,12.609,7.456,5.1,0.0,1.118,26.283
2026-04-10 00:00:00,Hostel B,30.4,12.805,8.779,5.1,0.0,1.101,27.786
2026-04-10 01:00:00,Hostel B,26.835,2.956,8.893,5.1,0.0,1.11,18.059
2026-04-10 02:00:00,Hostel B,27.925,6.251,7.635,5.1,0.0,1.098,20.085
2026-04-10 03:00:00,Hostel B,28.005,7.111,7.635,5.1,0.0,1.069,20.915
2026-04-10 04:00:00,Hostel B,27.514,5.201,8.229,5.1,0.0,1.028,19.559
2026-04-10 05:00:00,Hostel B,27.686,4.787,7.276,5.1,12.669,1.105,30.937
2026-04-10 06:00:00,Hostel B,30.883,14.816,8.203,5.1,0.0,1.086,29.204
2026-04-10 07:00:00,Hostel B,29.986,14.455,8.869,0.0,19.318,1.099,43.741
2026-04-10 08:00:00,Hostel B,31.651,18.92,7.67,0.0,0.0,1.095,27.686
2026-04-10 09:00:00,Hostel B,32.663,9.182,3.486,0.0,0.0,1.04,13.709
2026-04-10 10:00:00,Hostel B,34.704,10.006,3.326,0.0,0.0,1.045,14.377
2026-04-10 11:00:00,Hostel B,36.964,14.226,3.151,0.0,0.0,1.109,18.486
2026-04-10 12:00:00,Hostel B,36.967,16.209,3.243,0.0,0.0,1.058,20.511
2026-04-10 13:00:00,Hostel B,36.088,15.989,3.345,0.0,0.0,1.032,20.366
2026-04-10 14:00:00,Hostel B,39.309,17.171,3.5,0.0,0.0,1.085,21.756
2026-04-10 15:00:00,Hostel B,37.922,16.864,3.337,0.0,0.0,1.046,21.247
2026-04-10 16:00:00,Hostel B,39.537,16.559,3.62,0.0,0.0,1.085,21.264
2026-04-10 17:00:00,Hostel B,38.195,17.789,3.026,0.0,0.0,1.079,21.893
2026-04-10 18:00:00,Hostel B,38.186,44.917,8.849,5.1,0.0,1.087,59.954
2026-04-10 19:00:00,Hostel B,35.052,27.633,8.123,5.1,0.0,1.124,41.981
2026-04-10 20:00:00,Hostel B,34.018,29.204,7.839,5.1,0.0,1.044,43.187
2026-04-10 21:00:00,Hostel B,32.66,20.516,7.276,5.1,0.0,1.122,34.014
2026-04-10 22:00:00,Hostel B,29.965,11.209,7.669,5.1,0.0,1.098,25.076
2026-04-10 23:00:00,Hostel B,31.111,14.712,7.922,5.1,0.0,1.109,28.843
2026-04-11 00:00:00,Hostel B,27.132,2.737,7.491,4.335,0.0,1.103,15.666
2026-04-11 01:00:00,Hostel B,28.901,7.704,7.217,4.335,0.0,1.015,20.27
2026-04-11 02:00:00,Hostel B,27.629,4.072,6.159,4.335,0.0,1.069,15.635
2026-04-11 03:00:00,Hostel B,26.801,1.969,6.566,4.335,0.0,1.024,13.894
2026-04-11 04:00:00,Hostel B,27.55,3.906,6.815,4.335,0.0,1.088,16.144
2026-04-11 05:00:00,Hostel B,28.122,5.112,7.359,4.335,17.309,1.019,35.134
2026-04-11 06:00:00,Hostel B,28.357,6.41,7.247,4.335,12.166,1.016,31.175
2026-04-11 07:00:00,Hostel B,30.298,13.783,6.397,0.0,0.0,1.115,21.294
2026-04-11 08:00:00,Hostel B,32.178,18.123,6.146,0.0,0.0,1.116,25.384
2026-04-11 09:00:00,Hostel B,32.055,6.076,2.582,0.0,0.0,1.083,9.74
2026-04-11 10:00:00,Hostel B,34.899,10.083,2.813,0.0,0.0,1.064,13.961
2026-04-11 11:00:00,Hostel B,33.374,8.524,2.555,0.0,0.0,1.106,12.185
2026-04-11 12:00:00,Hostel B,35.313,9.763,2.655,0.0,0.0,1.121,13.539
2026-04-11 13:00:00,Hostel B,38.761,13.587,3.012,0.0,0.0,1.019,17.617
2026-04-11 14:00:00,Hostel B,38.378,13.405,2.75,0.0,0.0,1.024,17.179
2026-04-11 15:00:00,Hostel B,38.147,14.193,3.121,0.0,0.0,1.114,18.429
2026-04-11 16:00:00,Hostel B,38.743,15.215,2.971,0.0,0.0,1.024,19.21
2026-04-11 17:00:00,Hostel B,37.8,13.883,2.665,0.0,0.0,1.093,17.64
2026-04-11 18:00:00,Hostel B,36.254,25.08,6.08,4.335,0.0,1.075,36.57
2026-04-11 19:00:00,Hostel B,34.361,20.29,6.869,4.335,0.0,1.071,32.566
2026-04-11 20:00:00,Hostel B,32.585,21.551,7.14,4.335,0.0,1.023,34.05
2026-04-11 21:00:00,Hostel B,33.739,23.809,6.782,4.335,0.0,1.094,36.02
2026-04-11 22:00:00,Hostel B,31.025,15.267,7.444,4.335,0.0,1.08,28.126
2026-04-11 23:00:00,Hostel B,30.97,16.392,7.234,4.335,0.0,1.117,29.078
2026-04-12 00:00:00,Hostel B,28.325,6.79,6.858,4.335,0.0,1.067,19.05
2026-04-12 01:00:00,Hostel B,28.159,21.23,6.098,6.632,0.0,1.115,35.075
2026-04-12 02:00:00,Hostel B,27.079,19.292,6.582,6.632,0.0,1.033,33.539
2026-04-12 03:00:00,Hostel B,27.044,18.599,6.819,6.632,0.0,1.035,33.086
2026-04-12 04:00:00,Hostel B,27.297,19.905,6.449,6.632,0.0,1.119,34.105
2026-04-12 05:00:00,Hostel B,27.358,19.723,7.34,6.632,19.613,1.024,54.332
2026-04-12 06:00:00,Hostel B,27.528,3.666,6.713,4.335,12.898,1.039,28.65
2026-04-12 07:00:00,Hostel B,30.766,11.568,6.378,0.0,0.0,1.028,18.975
2026-04-12 08:00:00,Hostel B,33.041,19.5,7.251,0.0,0.0,1.092,27.843
2026-04-12 09:00:00,Hostel B,34.659,10.607,2.879,0.0,0.0,1.1,14.586
2026-04-12 10:00:00,Hostel B,34.0,8.381,2.622,0.0,0.0,1.114,12.117
2026-04-12 11:00:00,Hostel B,35.267,9.46,2.832,0.0,0.0,1.029,13.321
2026-04-12 12:00:00,Hostel B,36.688,12.116,2.933,0.0,0.0,1.049,16.098
2026-04-12 13:00:00,Hostel B,38.02,15.751,2.779,0.0,0.0,1.048,19.579
2026-04-12 14:00:00,Hostel B,38.743,15.65,2.688,0.0,0.0,1.122,19.46
2026-04-12 15:00:00,Hostel B,38.002,15.149,2.93,0.0,0.0,1.078,19.157
2026-04-12 16:00:00,Hostel B,37.316,13.06,2.928,0.0,0.0,1.05,17.039
2026-04-12 17:00:00,Hostel B,38.246,13.933,2.51,0.0,0.0,1.046,17.488
2026-04-12 18:00:00,Hostel B,33.712,20.054,6.424,4.335,0.0,1.048,31.861
2026-04-12 19:00:00,Hostel B,35.899,24.848,7.05,4.335,0.0,1.093,37.325
2026-04-12 20:00:00,Hostel B,33.608,18.159,6.409,4.335,0.0,1.074,29.978
2026-04-12 21:00:00,Hostel B,33.78,25.244,7.53,4.335,0.0,1.083,38.191
2026-04-12 22:00:00,Hostel B,32.495,18.671,6.316,4.335,0.0,1.065,30.388
2026-04-12 23:00:00,Hostel B,31.071,12.038,7.204,4.335,0.0,1.015,24.593
2026-04-13 00:00:00,Hostel B,28.411,8.249,8.922,5.1,0.0,1.09,23.361
2026-04-13 01:00:00,Hostel B,26.669,2.072,7.759,5.1,0.0,1.094,16.024
2026-04-13 02:00:00,Hostel B,26.39,1.286,8.217,5.1,0.0,1.033,15.636
2026-04-13 03:00:00,Hostel B,27.288,4.626,7.329,5.1,0.0,1.086,18.14
2026-04-13 04:00:00,Hostel B,25.559,0.0,8.25,5.1,0.0,1.111,14.461
2026-04-13 05:00:00,Hostel B,29.197,11.595,8.903,5.1,17.739,1.08,44.417
2026-04-13 06:00:00,Hostel B,28.427,9.368,8.877,5.1,18.441,1.088,42.874
2026-04-13 07:00:00,Hostel B,30.5,13.814,7.875,0.0,0.0,1.091,22.78
2026-04-13 08:00:00,Hostel B,29.666,13.122,8.605,0.0,14.785,1.049,37.56
2026-04-13 09:00:00,Hostel B,32.074,9.636,3.548,0.0,0.0,1.03,14.213
2026-04-13 10:00:00,Hostel B,32.647,8.643,3.181,0.0,0.0,1.066,12.889
2026-04-13 11:00:00,Hostel B,37.021,16.994,3.545,0.0,0.0,1.039,21.577
2026-04-13 12:00:00,Hostel B,37.082,17.856,3.059,0.0,0.0,1.09,22.005
2026-04-13 13:00:00,Hostel B,38.767,17.584,3.659,0.0,0.0,1.093,22.337
2026-04-13 14:00:00,Hostel B,38.859,14.751,3.575,0.0,0.0,1.013,19.34
2026-04-13 15:00:00,Hostel B,39.468,15.322,3.315,0.0,0.0,1.12,19.757
2026-04-13 16:00:00,Hostel B,38.458,17.797,3.223,0.0,0.0,1.117,22.137
2026-04-13 17:00:00,Hostel B,37.993,18.885,3.635,0.0,0.0,1.027,23.548
2026-04-13 18:00:00,Hostel B,37.151,31.417,7.267,5.1,0.0,1.066,44.85
2026-04-13 19:00:00,Hostel B,36.406,33.081,8.03,5.1,0.0,1.036,47.247
2026-04-13 20:00:00,Hostel B,34.985,27.568,8.009,5.1,0.0,1.121,41.798
2026-04-13 21:00:00,Hostel B,35.811,32.315,7.821,5.1,0.0,1.076,46.311
2026-04-13 22:00:00,Hostel B,33.129,26.431,7.341,5.1,0.0,1.091,39.963
2026-04-13 23:00:00,Hostel B,28.221,7.53,7.589,5.1,0.0,1.123,21.341
2026-04-14 00:00:00,Hostel B,28.614,8.911,8.895,5.1,0.0,1.088,23.994
2026-04-14 01:00:00,Hostel B,27.398,20.294,8.582,7.266,0.0,1.11,37.252
2026-04-14 02:00:00,Hostel B,28.485,23.838,8.636,7.266,0.0,1.04,40.78
2026-04-14 03:00:00,Hostel B,26.684,17.848,8.05,7.266,0.0,1.038,34.202
2026-04-14 04:00:00,Hostel B,27.669,20.245,8.321,7.266,0.0,1.062,36.894
2026-04-14 05:00:00,Hostel B,25.467,15.377,8.041,7.266,17.054,1.112,48.85
2026-04-14 06:00:00,Hostel B,27.244,4.698,8.349,5.1,16.984,1.017,36.148
2026-04-14 07:00:00,Hostel B,32.092,20.479,8.681,0.0,0.0,1.062,30.223
2026-04-14 08:00:00,Hostel B,31.497,17.294,7.573,0.0,0.0,1.105,25.972
2026-04-14 09:00:00,Hostel B,32.002,8.234,3.639,0.0,0.0,1.032,12.906
2026-04-14 10:00:00,Hostel B,34.796,12.916,3.612,0.0,0.0,1.082,17.609
2026-04-14 11:00:00,Hostel B,34.947,10.811,3.248,0.0,0.0,1.02,15.079
2026-04-14 12:00:00,Hostel B,36.959,15.41,3.658,0.0,0.0,1.014,20.082
2026-04-14 13:00:00,Hostel B,36.744,12.924,3.589,0.0,0.0,1.048,17.561
2026-04-14 14:00:00,Hostel B,38.007,18.858,2.969,0.0,0.0,1.103,22.931
2026-04-14 15:00:00,Hostel B,38.584,17.103,2.971,0.0,0.0,1.017,21.091
2026-04-14 16:00:00,Hostel B,39.916,18.57,3.46,0.0,0.0,1.054,23.084
2026-04-14 17:00:00,Hostel B,38.66,18.04,3.516,0.0,0.0,1.094,22.65
2026-04-14 18:00:00,Hostel B,37.881,44.715,7.584,5.1,0.0,1.054,58.453
2026-04-14 19:00:00,Hostel B,35.974,31.894,8.03,5.1,0.0,1.066,46.09
2026-04-14 20:00:00,Hostel B,35.376,27.713,8.103,5.1,0.0,1.069,41.984
2026-04-14 21:00:00,Hostel B,32.126,23.616,7.935,5.1,0.0,1.115,37.766
2026-04-14 22:00:00,Hostel B,30.714,18.134,7.263,5.1,0.0,1.111,31.608
2026-04-14 23:00:00,Hostel B,30.408,16.947,7.531,5.1,0.0,1.02,30.597
2026-04-15 00:00:00,Hostel B,28.478,9.842,8.594,5.1,0.0,1.09,24.627
2026-04-15 01:00:00,Hostel B,27.79,6.268,7.27,5.1,0.0,1.074,19.712
2026-04-15 02:00:00,Hostel B,27.04,3.539,8.251,5.1,0.0,1.052,17.942
2026-04-15 03:00:00,Hostel B,28.253,8.433,8.272,5.1,0.0,1.068,22.873
2026-04-15 04:00:00,Hostel B,28.51,7.331,8.847,5.1,0.0,1.111,22.39
2026-04-15 05:00:00,Hostel B,27.178,4.387,8.903,5.1,18.218,1.099,37.707
2026-04-15 06:00:00,Hostel B,26.997,3.75,8.827,5.1,14.891,1.076,33.644
2026-04-15 07:00:00,Hostel B,29.289,11.441,8.106,0.0,14.207,1.032,34.786
2026-04-15 08:00:00,Hostel B,30.55,14.8,7.215,0.0,0.0,1.082,23.097
2026-04-15 09:00:00,Hostel B,33.832,11.524,3.144,0.0,0.0,1.069,15.736
2026-04-15 10:00:00,Hostel B,35.473,15.146,3.289,0.0,0.0,1.063,19.498
2026-04-15 11:00:00,Hostel B,34.969,10.998,2.969,0.0,0.0,1.119,15.085
2026-04-15 12:00:00,Hostel B,36.488,13.651,2.967,0.0,0.0,1.124,17.742
2026-04-15 13:00:00,Hostel B,36.717,15.85,3.178,0.0,0.0,1.12,20.147
2026-04-15 14:00:00,Hostel B,38.93,18.702,3.225,0.0,0.0,1.096,23.023
2026-04-15 15:00:00,Hostel B,38.955,17.633,3.367,0.0,0.0,1.08,22.079
2026-04-15 16:00:00,Hostel B,39.585,17.271,3.626,0.0,0.0,1.048,21.945
2026-04-15 17:00:00,Hostel B,38.693,14.288,3.228,0.0,0.0,1.119,18.634
2026-04-15 18:00:00,Hostel B,37.853,39.203,7.226,5.1,0.0,1.064,52.593
2026-04-15 19:00:00,Hostel B,34.458,32.59,8.104,5.1,0.0,1.035,46.829
2026-04-15 20:00:00,Hostel B,33.927,25.534,7.779,5.1,0.0,1.025,39.438
2026-04-15 21:00:00,Hostel B,33.949,25.79,8.748,5.1,0.0,1.107,40.745
2026-04-15 22:00:00,Hostel B,30.909,15.788,7.91,5.1,0.0,1.049,29.848
2026-04-15 23:00:00,Hostel B,28.372,7.646,7.714,5.1,0.0,1.099,21.559
2026-04-16 00:00:00,Hostel B,29.565,11.669,8.432,5.1,0.0,1.083,26.284
2026-04-16 01:00:00,Hostel B,27.227,4.555,8.02,5.1,0.0,1.044,18.72
2026-04-16 02:00:00,Hostel B,28.267,7.556,8.131,5.1,0.0,1.108,21.895
2026-04-16 03:00:00,Hostel B,26.982,3.45,7.411,5.1,0.0,1.108,17.069
2026-04-16 04:00:00,Hostel B,26.927,3.076,7.81,5.1,0.0,1.032,17.018
2026-04-16 05:00:00,Hostel B,29.167,12.141,7.223,5.1,16.882,1.026,42.372
2026-04-16 06:00:00,Hostel B,27.455,4.368,8.487,5.1,18.396,1.08,37.432
2026-04-16 07:00:00,Hostel B,31.434,15.955,7.578,0.0,0.0,1.039,24.572
2026-04-16 08:00:00,Hostel B,30.808,15.752,7.355,0.0,0.0,1.05,24.157
2026-04-16 09:00:00,Hostel B,33.162,11.66,3.373,0.0,0.0,1.118,16.151
2026-04-16 10:00:00,Hostel B,34.725,13.025,3.366,0.0,0.0,1.032,17.423
2026-04-16 11:00:00,Hostel B,35.573,13.898,3.172,0.0,0.0,1.065,18.135
2026-04-16 12:00:00,Hostel B,36.481,14.05,3.647,0.0,0.0,1.046,18.743
2026-04-16 13:00:00,Hostel B,37.826,15.3,3.407,0.0,0.0,1.052,19.759
2026-04-16 14:00:00,Hostel B,37.781,19.076,3.621,0.0,0.0,1.054,23.751
2026-04-16 15:00:00,Hostel B,40.962,16.303,3.161,0.0,0.0,1.042,20.505
2026-04-16 16:00:00,Hostel B,38.314,17.981,3.346,0.0,0.0,1.098,22.425
2026-04-16 17:00:00,Hostel B,39.355,18.568,3.244,0.0,0.0,1.104,22.916
2026-04-16 18:00:00,Hostel B,38.27,42.9,7.878,5.1,0.0,1.073,56.951
2026-04-16 19:00:00,Hostel B,36.363,31.784,7.225,5.1,0.0,1.114,45.223
2026-04-16 20:00:00,Hostel B,34.417,26.374,7.532,5.1,0.0,1.028,40.034
2026-04-16 21:00:00,Hostel B,33.194,20.262,8.692,5.1,0.0,1.069,35.123
2026-04-16 22:00:00,Hostel B,32.019,23.763,8.657,5.1,0.0,1.106,38.625
2026-04-16 23:00:00,Hostel B,30.1,15.527,7.328,5.1,0.0,1.082,29.037
2026-04-17 00:00:00,Hostel B,27.191,3.896,7.172,5.1,0.0,1.123,17.291
2026-04-17 01:00:00,Hostel B,25.986,11.032,7.322,8.597,0.0,1.08,28.031
2026-04-17 02:00:00,Hostel B,28.713,19.098,8.28,8.597,0.0,1.121,37.096
2026-04-17 03:00:00,Hostel B,24.365,11.032,7.568,8.597,0.0,1.024,28.221
2026-04-17 04:00:00,Hostel B,27.4,15.163,8.501,8.597,0.0,1.017,33.279
2026-04-17 05:00:00,Hostel B,27.569,17.064,7.15,8.597,18.623,1.053,52.487
2026-04-17 06:00:00,Hostel B,28.918,8.699,8.418,5.1,18.643,1.107,41.967
2026-04-17 07:00:00,Hostel B,28.86,8.21,8.722,0.0,18.347,1.018,36.297
2026-04-17 08:00:00,Hostel B,31.798,17.456,7.22,0.0,0.0,1.041,25.717
2026-04-17 09:00:00,Hostel B,33.206,9.748,3.578,0.0,0.0,1.123,14.449
2026-04-17 10:00:00,Hostel B,37.314,15.758,3.615,0.0,0.0,1.085,20.457
2026-04-17 11:00:00,Hostel B,36.13,12.81,3.334,0.0,0.0,1.057,17.2
2026-04-17 12:00:00,Hostel B,38.591,18.54,3.149,0.0,0.0,1.021,22.71
2026-04-17 13:00:00,Hostel B,36.697,17.339,3.354,0.0,0.0,1.097,21.79
2026-04-17 14:00:00,Hostel B,39.816,15.499,3.168,0.0,0.0,1.117,19.784
2026-04-17 15:00:00,Hostel B,39.226,19.28,3.626,0.0,0.0,1.096,24.002
2026-04-17 16:00:00,Hostel B,39.065,18.612,3.34,0.0,0.0,1.026,22.977
2026-04-17 17:00:00,Hostel B,38.48,19.014,3.527,0.0,0.0,1.072,23.614
2026-04-17 18:00:00,Hostel B,38.949,34.325,8.229,5.1,0.0,1.058,48.712
2026-04-17 19:00:00,Hostel B,36.255,38.826,7.655,5.1,0.0,1.114,52.695
2026-04-17 20:00:00,Hostel B,33.769,27.109,8.033,5.1,0.0,1.098,41.34
2026-04-17 21:00:00,Hostel B,32.384,18.097,8.711,5.1,0.0,1.103,33.011
2026-04-17 22:00:00,Hostel B,32.264,23.114,7.823,5.1,0.0,1.059,37.097
2026-04-17 23:00:00,Hostel B,30.447,13.689,7.749,5.1,0.0,1.015,27.554
2026-04-18 00:00:00,Hostel B,27.227,3.902,7.52,4.335,0.0,1.098,16.855
2026-04-18 01:00:00,Hostel B,28.318,21.829,6.576,6.353,0.0,1.084,35.841
2026-04-18 02:00:00,Hostel B,26.122,15.208,7.373,6.353,0.0,1.028,29.963
2026-04-18 03:00:00,Hostel B,27.438,18.301,6.339,6.353,0.0,1.098,32.092
2026-04-18 04:00:00,Hostel B,26.399,16.164,7.27,6.353,0.0,1.029,30.817
2026-04-18 05:00:00,Hostel B,27.522,18.695,7.003,6.353,17.682,1.096,50.828
2026-04-18 06:00:00,Hostel B,28.213,7.11,6.251,4.335,14.212,1.093,33.001
2026-04-18 07:00:00,Hostel B,31.519,16.942,6.166,0.0,0.0,1.013,24.122
2026-04-18 08:00:00,Hostel B,31.849,14.28,6.522,0.0,0.0,1.1,21.901
2026-04-18 09:00:00,Hostel B,34.261,9.938,2.91,0.0,0.0,1.058,13.906
2026-04-18 10:00:00,Hostel B,37.448,15.782,2.724,0.0,0.0,1.069,19.575
2026-04-18 11:00:00,Hostel B,36.047,13.686,2.668,0.0,0.0,1.121,17.476
2026-04-18 12:00:00,Hostel B,38.745,12.449,2.863,0.0,0.0,1.116,16.427
2026-04-18 13:00:00,Hostel B,37.497,12.056,3.094,0.0,0.0,1.056,16.205
2026-04-18 14:00:00,Hostel B,40.05,12.485,2.575,0.0,0.0,1.092,16.153
2026-04-18 15:00:00,Hostel B,38.192,15.51,2.902,0.0,0.0,1.07,19.482
2026-04-18 16:00:00,Hostel B,38.777,12.521,3.069,0.0,0.0,1.105,16.695
2026-04-18 17:00:00,Hostel B,38.733,12.038,2.837,0.0,0.0,1.048,15.924
2026-04-18 18:00:00,Hostel B,37.937,33.033,7.532,4.335,0.0,1.065,45.965
2026-04-18 19:00:00,Hostel B,34.727,29.264,6.976,4.335,0.0,1.025,41.6
2026-04-18 20:00:00,Hostel B,33.686,20.628,7.09,4.335,0.0,1.117,33.169
2026-04-18 21:00:00,Hostel B,33.611,23.645,7.27,4.335,0.0,1.114,36.364
2026-04-18 22:00:00,Hostel B,31.079,12.785,6.372,4.335,0.0,1.044,24.535
2026-04-18 23:00:00,Hostel B,28.603,7.813,6.919,4.335,0.0,1.078,20.145
2026-04-19 00:00:00,Hostel B,28.686,7.955,7.001,4.335,0.0,1.055,20.346
2026-04-19 01:00:00,Hostel B,27.685,21.137,6.251,6.733,0.0,1.03,35.151
2026-04-19 02:00:00,Hostel B,27.381,19.875,6.76,6.733,0.0,1.018,34.385
2026-04-19 03:00:00,Hostel B,27.529,19.407,7.238,6.733,0.0,1.105,34.484
2026-04-19 04:00:00,Hostel B,27.67,20.241,6.131,6.733,0.0,1.045,34.149
2026-04-19 05:00:00,Hostel B,27.036,18.05,6.696,6.733,19.374,1.07,51.924
2026-04-19 06:00:00,Hostel B,28.347,6.137,6.29,4.335,14.478,1.114,32.355
2026-04-19 07:00:00,Hostel B,30.928,16.545,6.336,0.0,0.0,1.015,23.896
2026-04-19 08:00:00,Hostel B,30.904,13.896,6.847,0.0,0.0,1.074,21.817
2026-04-19 09:00:00,Hostel B,32.605,8.845,2.517,0.0,0.0,1.12,12.482
2026-04-19 10:00:00,Hostel B,33.049,6.951,2.764,0.0,0.0,1.104,10.819
2026-04-19 11:00:00,Hostel B,35.971,13.405,2.515,0.0,0.0,1.037,16.957
2026-04-19 12:00:00,Hostel B,37.588,15.624,3.077,0.0,0.0,1.035,19.736
2026-04-19 13:00:00,Hostel B,36.221,12.771,3.051,0.0,0.0,1.098,16.92
2026-04-19 14:00:00,Hostel B,37.725,12.016,2.631,0.0,0.0,1.021,15.669
2026-04-19 15:00:00,Hostel B,37.578,15.546,2.54,0.0,0.0,1.08,19.166
2026-04-19 16:00:00,Hostel B,39.584,16.232,2.656,0.0,0.0,1.039,19.926
2026-04-19 17:00:00,Hostel B,36.284,10.904,2.517,0.0,0.0,1.107,14.527
2026-04-19 18:00:00,Hostel B,37.164,37.13,7.184,4.335,0.0,1.055,49.705
2026-04-19 19:00:00,Hostel B,36.718,35.003,6.94,4.335,0.0,1.059,47.337
2026-04-19 20:00:00,Hostel B,34.741,22.541,6.894,4.335,0.0,1.102,34.872
2026-04-19 21:00:00,Hostel B,32.56,18.177,7.362,4.335,0.0,1.022,30.896
2026-04-19 22:00:00,Hostel B,31.794,15.717,7.297,4.335,0.0,1.08,28.429
2026-04-19 23:00:00,Hostel B,31.037,14.491,6.689,4.335,0.0,1.121,26.636
2026-04-20 00:00:00,Hostel B,28.65,10.206,8.229,5.1,0.0,1.086,24.621
2026-04-20 01:00:00,Hostel B,25.565,11.313,7.929,8.765,0.0,1.022,29.028
2026-04-20 02:00:00,Hostel B,28.352,18.368,8.254,8.765,0.0,1.115,36.501
2026-04-20 03:00:00,Hostel B,27.4,16.141,7.41,8.765,0.0,1.027,33.343
2026-04-20 04:00:00,Hostel B,27.171,15.328,7.676,8.765,0.0,1.054,32.822
2026-04-20 05:00:00,Hostel B,25.823,11.313,7.59,8.765,19.305,1.033,48.006
2026-04-20 06:00:00,Hostel B,28.459,8.959,7.439,5.1,16.087,1.094,38.679
2026-04-20 07:00:00,Hostel B,29.125,11.127,7.879,0.0,15.616,1.042,35.664
2026-04-20 08:00:00,Hostel B,30.231,13.191,8.437,0.0,0.0,1.042,22.67
2026-04-20 09:00:00,Hostel B,32.864,9.059,3.231,0.0,0.0,1.059,13.349
2026-04-20 10:00:00,Hostel B,34.017,12.712,3.662,0.0,0.0,1.045,17.419
2026-04-20 11:00:00,Hostel B,35.53,12.473,3.162,0.0,0.0,1.101,16.735
2026-04-20 12:00:00,Hostel B,37.982,16.38,3.637,0.0,0.0,1.072,21.089
2026-04-20 13:00:00,Hostel B,38.452,19.527,3.082,0.0,0.0,1.075,23.685
2026-04-20 14:00:00,Hostel B,38.3,18.845,3.176,0.0,0.0,1.031,23.051
2026-04-20 15:00:00,Hostel B,38.378,17.909,3.061,0.0,0.0,1.115,22.085
2026-04-20 16:00:00,Hostel B,38.341,15.577,3.115,0.0,0.0,1.052,19.743
2026-04-20 17:00:00,Hostel B,37.949,17.42,3.055,0.0,0.0,1.055,21.53
2026-04-20 18:00:00,Hostel B,37.827,42.061,8.255,5.1,0.0,1.04,56.456
2026-04-20 19:00:00,Hostel B,34.957,29.389,7.498,5.1,0.0,1.121,43.108
2026-04-20 20:00:00,Hostel B,36.011,28.355,7.292,5.1,0.0,1.081,41.827
2026-04-20 21:00:00,Hostel B,33.585,24.477,7.616,5.1,0.0,1.019,38.212
2026-04-20 22:00:00,Hostel B,28.709,9.201,8.351,5.1,0.0,1.034,23.687
2026-04-20 23:00:00,Hostel B,30.085,16.034,7.905,5.1,0.0,1.067,30.106
2026-04-21 00:00:00,Hostel B,29.798,13.896,7.419,5.1,0.0,1.034,27.448
2026-04-21 01:00:00,Hostel B,28.193,20.374,7.253,8.255,0.0,1.081,36.962
2026-04-21 02:00:00,Hostel B,26.792,16.47,8.442,8.255,0.0,1.047,34.214
2026-04-21 03:00:00,Hostel B,26.939,17.18,8.397,8.255,0.0,1.052,34.883
2026-04-21 04:00:00,Hostel B,27.383,18.578,7.964,8.255,0.0,1.101,35.898
2026-04-21 05:00:00,Hostel B,28.573,21.169,8.082,8.255,14.217,1.071,52.794
2026-04-21 06:00:00,Hostel B,27.342,5.244,7.569,5.1,14.054,1.025,32.992
2026-04-21 07:00:00,Hostel B,29.395,13.137,8.006,0.0,19.131,1.054,41.329
2026-04-21 08:00:00,Hostel B,33.086,27.586,8.441,0.0,0.0,1.113,37.14
2026-04-21 09:00:00,Hostel B,33.033,9.56,3.507,0.0,0.0,1.108,14.175
2026-04-21 10:00:00,Hostel B,36.081,15.712,3.19,0.0,0.0,1.098,20.0
2026-04-21 11:00:00,Hostel B,38.986,17.966,3.439,0.0,0.0,1.107,22.512
2026-04-21 12:00:00,Hostel B,36.751,15.054,3.298,0.0,0.0,1.023,19.375
2026-04-21 13:00:00,Hostel B,36.999,13.049,3.483,0.0,0.0,1.026,17.559
2026-04-21 14:00:00,Hostel B,38.53,14.773,3.448,0.0,0.0,1.015,19.235
2026-04-21 15:00:00,Hostel B,40.099,15.188,3.492,0.0,0.0,1.027,19.706
2026-04-21 16:00:00,Hostel B,40.034,19.073,3.061,0.0,0.0,1.105,23.239
2026-04-21 17:00:00,Hostel B,40.468,17.711,3.177,0.0,0.0,1.017,21.905
2026-04-21 18:00:00,Hostel B,37.206,44.421,7.613,5.1,0.0,1.065,58.199
2026-04-21 19:00:00,Hostel B,36.488,36.353,7.938,5.1,0.0,1.04,50.431
2026-04-21 20:00:00,Hostel B,33.841,22.663,7.97,5.1,0.0,1.106,36.839
2026-04-21 21:00:00,Hostel B,30.493,15.097,8.331,5.1,0.0,1.103,29.631
2026-04-21 22:00:00,Hostel B,31.407,15.804,8.157,5.1,0.0,1.099,30.16
2026-04-21 23:00:00,Hostel B,28.846,11.005,8.175,5.1,0.0,1.055,25.335
2026-04-22 00:00:00,Hostel B,29.401,10.617,8.27,5.1,0.0,1.117,25.103
2026-04-22 01:00:00,Hostel B,25.922,10.703,7.627,7.614,0.0,1.113,27.057
2026-04-22 02:00:00,Hostel B,26.465,12.284,7.544,7.614,0.0,1.086,28.527
2026-04-22 03:00:00,Hostel B,27.268,15.461,7.524,7.614,0.0,1.081,31.68
2026-04-22 04:00:00,Hostel B,27.577,16.062,8.531,7.614,0.0,1.05,33.258
2026-04-22 05:00:00,Hostel B,27.756,15.682,7.314,7.614,14.03,1.095,45.735
2026-04-22 06:00:00,Hostel B,30.625,17.006,7.704,5.1,0.0,1.118,30.928
2026-04-22 07:00:00,Hostel B,31.569,15.76,7.64,0.0,0.0,1.048,24.449
2026-04-22 08:00:00,Hostel B,30.763,16.724,8.197,0.0,0.0,1.045,25.966
2026-04-22 09:00:00,Hostel B,34.609,12.502,3.619,0.0,0.0,1.042,17.163
2026-04-22 10:00:00,Hostel B,36.315,12.905,3.586,0.0,0.0,1.123,17.614
2026-04-22 11:00:00,Hostel B,35.876,13.513,3.017,0.0,0.0,1.073,17.604
2026-04-22 12:00:00,Hostel B,37.288,12.998,3.337,0.0,0.0,1.121,17.456
2026-04-22 13:00:00,Hostel B,38.145,15.457,2.967,0.0,0.0,1.082,19.506
2026-04-22 14:00:00,Hostel B,38.151,17.439,3.522,0.0,0.0,1.046,22.007
2026-04-22 15:00:00,Hostel B,38.454,15.46,3.215,0.0,0.0,1.078,19.754
2026-04-22 16:00:00,Hostel B,40.115,14.063,3.098,0.0,0.0,1.03,18.19
2026-04-22 17:00:00,Hostel B,38.634,17.764,3.296,0.0,0.0,1.063,22.122
2026-04-22 18:00:00,Hostel B,36.688,39.296,7.917,5.1,0.0,1.062,53.375
2026-04-22 19:00:00,Hostel B,35.074,34.668,8.823,5.1,0.0,1.077,49.669
2026-04-22 20:00:00,Hostel B,33.795,29.898,7.199,5.1,0.0,1.056,43.253
2026-04-22 21:00:00,Hostel B,32.836,23.122,8.836,5.1,0.0,1.064,38.121
2026-04-22 22:00:00,Hostel B,32.36,20.836,7.558,5.1,0.0,1.111,34.606
2026-04-22 23:00:00,Hostel B,29.14,10.956,7.399,5.1,0.0,1.033,24.488
2026-04-23 00:00:00,Hostel B,29.659,13.672,8.464,5.1,0.0,1.116,28.353
2026-04-23 01:00:00,Hostel B,28.001,23.539,8.073,8.58,0.0,1.073,41.265
2026-04-23 02:00:00,Hostel B,27.347,22.182,8.739,8.58,0.0,1.083,40.584
2026-04-23 03:00:00,Hostel B,28.026,24.015,8.109,8.58,0.0,1.024,41.728
2026-04-23 04:00:00,Hostel B,28.048,23.287,8.042,8.58,0.0,1.029,40.938
2026-04-23 05:00:00,Hostel B,26.399,18.314,7.508,8.58,12.641,1.095,48.138
2026-04-23 06:00:00,Hostel B,27.673,4.969,8.835,5.1,16.332,1.114,36.35
2026-04-23 07:00:00,Hostel B,29.77,14.734,8.326,0.0,17.601,1.071,41.732
2026-04-23 08:00:00,Hostel B,31.803,18.546,8.214,0.0,0.0,1.031,27.791
2026-04-23 09:00:00,Hostel B,34.365,12.426,3.521,0.0,0.0,1.102,17.049
2026-04-23 10:00:00,Hostel B,34.618,12.55,3.014,0.0,0.0,1.116,16.68
2026-04-23 11:00:00,Hostel B,37.704,13.993,3.577,0.0,0.0,1.088,18.658
2026-04-23 12:00:00,Hostel B,36.536,15.842,3.308,0.0,0.0,1.033,20.183
2026-04-23 13:00:00,Hostel B,37.659,15.178,3.53,0.0,0.0,1.059,19.767
2026-04-23 14:00:00,Hostel B,38.49,16.033,3.464,0.0,0.0,1.118,20.615
2026-04-23 15:00:00,Hostel B,38.183,14.351,3.272,0.0,0.0,1.034,18.657
2026-04-23 16:00:00,Hostel B,39.955,18.566,3.506,0.0,0.0,1.032,23.103
2026-04-23 17:00:00,Hostel B,35.426,14.817,3.47,0.0,0.0,1.091,19.378
2026-04-23 18:00:00,Hostel B,36.739,31.675,7.147,5.1,0.0,1.074,44.996
2026-04-23 19:00:00,Hostel B,37.148,41.922,8.406,5.1,0.0,1.036,56.463
2026-04-23 20:00:00,Hostel B,34.241,31.829,8.048,5.1,0.0,1.082,46.059
2026-04-23 21:00:00,Hostel B,34.073,23.455,8.638,5.1,0.0,1.118,38.311
2026-04-23 22:00:00,Hostel B,33.645,30.436,8.585,5.1,0.0,1.109,45.23
2026-04-23 23:00:00,Hostel B,30.08,11.403,7.445,5.1,0.0,1.013,24.96
2026-04-24 00:00:00,Hostel B,29.926,14.904,7.179,5.1,0.0,1.111,28.294
2026-04-24 01:00:00,Hostel B,30.223,14.596,7.49,5.1,0.0,1.083,28.27
2026-04-24 02:00:00,Hostel B,27.607,6.319,8.463,5.1,0.0,1.043,20.924
2026-04-24 03:00:00,Hostel B,26.952,3.04,8.695,5.1,0.0,1.023,17.858
2026-04-24 04:00:00,Hostel B,28.107,6.785,8.391,5.1,0.0,1.122,21.397
2026-04-24 05:00:00,Hostel B,28.988,11.335,8.605,5.1,19.598,1.016,45.654
2026-04-24 06:00:00,Hostel B,28.719,9.892,8.188,5.1,12.213,1.033,36.426
2026-04-24 07:00:00,Hostel B,29.516,12.331,8.044,0.0,19.714,1.088,41.177
2026-04-24 08:00:00,Hostel B,33.164,25.501,8.872,0.0,0.0,1.098,35.47
2026-04-24 09:00:00,Hostel B,32.729,9.989,2.999,0.0,0.0,1.042,14.031
2026-04-24 10:00:00,Hostel B,35.747,11.423,3.25,0.0,0.0,1.095,15.768
2026-04-24 11:00:00,Hostel B,36.263,12.381,3.144,0.0,0.0,1.099,16.624
2026-04-24 12:00:00,Hostel B,39.07,14.852,3.03,0.0,0.0,1.103,18.984
2026-04-24 13:00:00,Hostel B,37.347,14.019,3.385,0.0,0.0,1.097,18.501
2026-04-24 14:00:00,Hostel B,37.945,18.673,3.133,0.0,0.0,1.016,22.823
2026-04-24 15:00:00,Hostel B,39.854,16.111,3.28,0.0,0.0,1.113,20.504
2026-04-24 16:00:00,Hostel B,37.665,16.207,3.04,0.0,0.0,1.076,20.323
2026-04-24 17:00:00,Hostel B,38.313,14.309,3.227,0.0,0.0,1.061,18.597
2026-04-24 18:00:00,Hostel B,38.791,45.956,7.497,5.1,0.0,1.015,59.569
2026-04-24 19:00:00,Hostel B,34.215,23.013,8.741,5.1,0.0,1.079,37.933
2026-04-24 20:00:00,Hostel B,34.955,25.868,8.072,5.1,0.0,1.031,40.071
2026-04-24 21:00:00,Hostel B,34.212,30.874,8.567,5.1,0.0,1.074,45.616
2026-04-24 22:00:00,Hostel B,31.421,15.966,8.007,5.1,0.0,1.034,30.107
2026-04-24 23:00:00,Hostel B,29.073,11.485,7.216,5.1,0.0,1.09,24.89
2026-04-25 00:00:00,Hostel B,28.495,6.803,7.123,4.335,0.0,1.022,19.283
2026-04-25 01:00:00,Hostel B,26.965,3.05,6.142,4.335,0.0,1.08,14.606
2026-04-25 02:00:00,Hostel B,27.274,3.084,6.668,4.335,0.0,1.085,15.173
2026-04-25 03:00:00,Hostel B,26.723,1.966,6.899,4.335,0.0,1.057,14.256
2026-04-25 04:00:00,Hostel B,26.691,1.977,7.252,4.335,0.0,1.116,14.679
2026-04-25 05:00:00,Hostel B,28.27,6.825,7.432,4.335,14.945,1.072,34.609
2026-04-25 06:00:00,Hostel B,30.336,13.965,6.38,4.335,0.0,1.097,25.777
2026-04-25 07:00:00,Hostel B,30.328,11.335,7.076,0.0,0.0,1.063,19.473
2026-04-25 08:00:00,Hostel B,32.791,20.645,6.782,0.0,0.0,1.102,28.529
2026-04-25 09:00:00,Hostel B,34.579,8.919,2.979,0.0,0.0,1.113,13.011
2026-04-25 10:00:00,Hostel B,33.966,10.427,3.086,0.0,0.0,1.059,14.572
2026-04-25 11:00:00,Hostel B,36.275,14.042,2.832,0.0,0.0,1.121,17.995
2026-04-25 12:00:00,Hostel B,36.818,10.774,2.678,0.0,0.0,1.03,14.482
2026-04-25 13:00:00,Hostel B,36.714,10.817,2.998,0.0,0.0,1.108,14.922
2026-04-25 14:00:00,Hostel B,39.151,15.668,2.828,0.0,0.0,1.072,19.567
2026-04-25 15:00:00,Hostel B,37.948,16.063,3.05,0.0,0.0,1.028,20.141
2026-04-25 16:00:00,Hostel B,39.28,14.968,2.853,0.0,0.0,1.083,18.904
2026-04-25 17:00:00,Hostel B,36.64,12.44,3.084,0.0,0.0,1.027,16.551
2026-04-25 18:00:00,Hostel B,37.414,35.977,6.096,4.335,0.0,1.112,47.52
2026-04-25 19:00:00,Hostel B,34.429,22.55,7.19,4.335,0.0,1.104,35.18
2026-04-25 20:00:00,Hostel B,35.227,31.171,6.595,4.335,0.0,1.086,43.187
2026-04-25 21:00:00,Hostel B,32.607,21.354,7.083,4.335,0.0,1.039,33.812
2026-04-25 22:00:00,Hostel B,30.957,16.22,7.499,4.335,0.0,1.121,29.175
2026-04-25 23:00:00,Hostel B,31.127,16.606,7.061,4.335,0.0,1.108,29.111
2026-04-26 00:00:00,Hostel B,28.436,8.083,7.199,4.335,0.0,1.093,20.711
2026-04-26 01:00:00,Hostel B,27.915,20.282,6.309,7.299,0.0,1.054,34.944
2026-04-26 02:00:00,Hostel B,27.006,18.931,6.328,7.299,0.0,1.067,33.624
2026-04-26 03:00:00,Hostel B,27.507,19.572,6.939,7.299,0.0,1.051,34.861
2026-04-26 04:00:00,Hostel B,28.247,21.766,6.722,7.299,0.0,1.108,36.895
2026-04-26 05:00:00,Hostel B,28.639,22.869,6.238,7.299,16.053,1.047,53.506
2026-04-26 06:00:00,Hostel B,28.291,5.972,7.174,4.335,12.697,1.039,31.217
2026-04-26 07:00:00,Hostel B,31.209,14.669,7.129,0.0,0.0,1.037,22.836
2026-04-26 08:00:00,Hostel B,30.531,13.068,6.208,0.0,0.0,1.058,20.334
2026-04-26 09:00:00,Hostel B,32.258,6.498,2.529,0.0,0.0,1.083,10.11
2026-04-26 10:00:00,Hostel B,34.425,9.492,2.736,0.0,0.0,1.106,13.333
2026-04-26 11:00:00,Hostel B,37.047,12.393,2.894,0.0,0.0,1.117,16.404
2026-04-26 12:00:00,Hostel B,36.072,12.675,3.057,0.0,0.0,1.022,16.754
2026-04-26 13:00:00,Hostel B,39.088,14.63,2.77,0.0,0.0,1.018,18.418
2026-04-26 14:00:00,Hostel B,38.741,15.309,2.552,0.0,0.0,1.053,18.914
2026-04-26 15:00:00,Hostel B,38.566,15.65,3.024,0.0,0.0,1.104,19.777
2026-04-26 16:00:00,Hostel B,39.893,15.063,2.577,0.0,0.0,1.115,18.754
2026-04-26 17:00:00,Hostel B,37.393,12.272,2.897,0.0,0.0,1.031,16.201
2026-04-26 18:00:00,Hostel B,39.528,34.57,6.696,4.335,0.0,1.045,46.646
2026-04-26 19:00:00,Hostel B,35.823,27.945,7.449,4.335,0.0,1.114,40.843
2026-04-26 20:00:00,Hostel B,34.703,21.286,7.139,4.335,0.0,1.077,33.837
2026-04-26 21:00:00,Hostel B,34.543,28.017,6.069,4.335,0.0,1.058,39.479
2026-04-26 22:00:00,Hostel B,31.623,13.853,6.635,4.335,0.0,1.04,25.862
2026-04-26 23:00:00,Hostel B,31.189,17.449,6.343,4.335,0.0,1.025,29.152
2026-04-27 00:00:00,Hostel B,26.804,2.273,7.646,5.1,0.0,1.025,16.044
2026-04-27 01:00:00,Hostel B,27.361,4.984,7.852,5.1,0.0,1.088,19.024
2026-04-27 02:00:00,Hostel B,27.601,5.016,8.106,5.1,0.0,1.094,19.316
2026-04-27 03:00:00,Hostel B,28.081,8.056,8.565,5.1,0.0,1.054,22.775
2026-04-27 04:00:00,Hostel B,27.974,7.45,7.294,5.1,0.0,1.081,20.925
2026-04-27 05:00:00,Hostel B,28.48,6.991,7.927,5.1,18.32,1.03,39.368
2026-04-27 06:00:00,Hostel B,29.818,10.75,8.659,5.1,18.729,1.015,44.252
2026-04-27 07:00:00,Hostel B,30.475,15.708,7.911,0.0,0.0,1.024,24.643
2026-04-27 08:00:00,Hostel B,29.304,9.806,8.067,0.0,15.025,1.024,33.922
2026-04-27 09:00:00,Hostel B,34.442,9.754,3.512,0.0,0.0,1.123,14.39
2026-04-27 10:00:00,Hostel B,33.715,12.535,3.464,0.0,0.0,1.039,17.038
2026-04-27 11:00:00,Hostel B,36.314,15.057,3.315,0.0,0.0,1.028,19.4
2026-04-27 12:00:00,Hostel B,37.424,13.18,3.651,0.0,0.0,1.102,17.933
2026-04-27 13:00:00,Hostel B,38.243,16.678,2.967,0.0,0.0,1.054,20.699
2026-04-27 14:00:00,Hostel B,37.69,14.331,2.98,0.0,0.0,1.036,18.347
2026-04-27 15:00:00,Hostel B,37.061,17.087,3.254,0.0,0.0,1.037,21.378
2026-04-27 16:00:00,Hostel B,37.793,13.71,3.056,0.0,0.0,1.028,17.794
2026-04-27 17:00:00,Hostel B,39.022,15.972,3.099,0.0,0.0,1.021,20.093
2026-04-27 18:00:00,Hostel B,35.796,30.109,7.408,5.1,0.0,1.089,43.706
2026-04-27 19:00:00,Hostel B,35.12,36.128,8.376,5.1,0.0,1.062,50.666
2026-04-27 20:00:00,Hostel B,34.971,25.858,7.892,5.1,0.0,1.029,39.879
2026-04-27 21:00:00,Hostel B,31.973,21.797,8.629,5.1,0.0,1.102,36.628
2026-04-27 22:00:00,Hostel B,30.904,16.48,7.587,5.1,0.0,1.015,30.181
2026-04-27 23:00:00,Hostel B,30.082,15.368,8.253,5.1,0.0,1.061,29.782
2026-04-28 00:00:00,Hostel B,29.04,9.257,7.521,5.1,0.0,1.027,22.905
2026-04-28 01:00:00,Hostel B,26.757,2.884,7.166,5.1,0.0,1.016,16.165
2026-04-28 02:00:00,Hostel B,27.345,5.281,8.37,5.1,0.0,1.074,19.825
2026-04-28 03:00:00,Hostel B,27.399,4.258,7.4,5.1,0.0,1.03,17.788
2026-04-28 04:00:00,Hostel B,25.931,0.0,8.378,5.1,0.0,1.02,14.499
2026-04-28 05:00:00,Hostel B,28.019,7.956,8.373,5.1,16.557,1.066,39.052
2026-04-28 06:00:00,Hostel B,28.041,6.751,8.333,5.1,16.189,1.107,37.48
2026-04-28 07:00:00,Hostel B,30.124,15.619,8.197,0.0,0.0,1.067,24.883
2026-04-28 08:00:00,Hostel B,32.17,23.422,8.72,0.0,0.0,1.021,33.163
2026-04-28 09:00:00,Hostel B,32.824,8.881,2.996,0.0,0.0,1.047,12.923
2026-04-28 10:00:00,Hostel B,35.466,11.704,3.625,0.0,0.0,1.063,16.392
2026-04-28 11:00:00,Hostel B,36.791,14.339,2.988,0.0,0.0,1.044,18.372
2026-04-28 12:00:00,Hostel B,38.15,17.277,3.304,0.0,0.0,1.05,21.632
2026-04-28 13:00:00,Hostel B,38.599,16.717,3.619,0.0,0.0,1.069,21.405
2026-04-28 14:00:00,Hostel B,39.896,18.133,3.138,0.0,0.0,1.119,22.389
2026-04-28 15:00:00,Hostel B,39.385,17.023,3.556,0.0,0.0,1.103,21.682
2026-04-28 16:00:00,Hostel B,37.128,17.192,3.376,0.0,0.0,1.035,21.604
2026-04-28 17:00:00,Hostel B,37.404,13.68,3.573,0.0,0.0,1.101,18.354
2026-04-28 18:00:00,Hostel B,37.031,36.557,7.227,5.1,0.0,1.057,49.941
2026-04-28 19:00:00,Hostel B,35.913,27.838,8.132,5.1,0.0,1.104,42.174
2026-04-28 20:00:00,Hostel B,34.911,26.139,7.477,5.1,0.0,1.082,39.798
2026-04-28 21:00:00,Hostel B,32.193,19.727,7.172,5.1,0.0,1.089,33.088
2026-04-28 22:00:00,Hostel B,33.456,28.829,8.37,5.1,0.0,1.053,43.352
2026-04-28 23:00:00,Hostel B,29.898,12.642,8.478,5.1,0.0,1.093,27.312
2026-04-29 00:00:00,Hostel B,28.75,8.568,8.454,5.1,0.0,1.076,23.198
2026-04-29 01:00:00,Hostel B,27.133,18.605,8.438,7.709,0.0,1.082,35.834
2026-04-29 02:00:00,Hostel B,26.201,15.266,8.568,7.709,0.0,1.074,32.617
2026-04-29 03:00:00,Hostel B,26.874,17.475,7.978,7.709,0.0,1.019,34.182
2026-04-29 04:00:00,Hostel B,27.232,18.397,7.76,7.709,0.0,1.066,34.932
2026-04-29 05:00:00,Hostel B,27.717,19.944,8.516,7.709,15.781,1.018,52.969
2026-04-29 06:00:00,Hostel B,30.413,13.285,8.33,5.1,0.0,1.031,27.747
2026-04-29 07:00:00,Hostel B,29.874,12.483,7.497,0.0,13.831,1.066,34.877
2026-04-29 08:00:00,Hostel B,31.361,16.031,7.917,0.0,0.0,1.058,25.006
2026-04-29 09:00:00,Hostel B,33.815,11.448,3.074,0.0,0.0,1.018,15.54
2026-04-29 10:00:00,Hostel B,34.382,13.317,3.512,0.0,0.0,1.028,17.857
2026-04-29 11:00:00,Hostel B,36.539,13.423,3.122,0.0,0.0,1.065,17.609
2026-04-29 12:00:00,Hostel B,35.964,12.63,3.398,0.0,0.0,1.121,17.149
2026-04-29 13:00:00,Hostel B,36.925,17.376,3.48,0.0,0.0,1.067,21.924
2026-04-29 14:00:00,Hostel B,38.918,17.136,3.669,0.0,0.0,1.099,21.904
2026-04-29 15:00:00,Hostel B,38.768,18.091,3.258,0.0,0.0,1.062,22.412
2026-04-29 16:00:00,Hostel B,37.987,19.011,3.581,0.0,0.0,1.034,23.627
2026-04-29 17:00:00,Hostel B,38.318,17.709,3.428,0.0,0.0,1.015,22.152
2026-04-29 18:00:00,Hostel B,37.452,42.103,7.155,5.1,0.0,1.055,55.413
2026-04-29 19:00:00,Hostel B,35.29,30.208,7.838,5.1,0.0,1.116,44.262
2026-04-29 20:00:00,Hostel B,34.034,31.417,7.844,5.1,0.0,1.049,45.41
2026-04-29 21:00:00,Hostel B,33.217,26.2,7.354,5.1,0.0,1.054,39.707
2026-04-29 22:00:00,Hostel B,30.426,12.724,7.92,5.1,0.0,1.09,26.834
2026-04-29 23:00:00,Hostel B,29.396,11.888,7.348,5.1,0.0,1.095,25.431
2026-04-30 00:00:00,Hostel B,29.291,9.552,8.631,5.1,0.0,1.081,24.364
2026-04-30 01:00:00,Hostel B,27.78,6.075,7.786,5.1,0.0,1.051,20.012
2026-04-30 02:00:00,Hostel B,26.727,2.105,7.467,5.1,0.0,1.119,15.791
2026-04-30 03:00:00,Hostel B,26.097,0.343,8.214,5.1,0.0,1.052,14.709
2026-04-30 04:00:00,Hostel B,26.191,0.638,8.671,5.1,0.0,1.045,15.454
2026-04-30 05:00:00,Hostel B,27.672,5.769,8.809,5.1,18.859,1.107,39.644
2026-04-30 06:00:00,Hostel B,30.783,17.051,8.736,5.1,0.0,1.118,32.005
2026-04-30 07:00:00,Hostel B,30.566,14.101,8.714,0.0,0.0,1.12,23.935
2026-04-30 08:00:00,Hostel B,30.114,13.046,7.761,0.0,0.0,1.072,21.88
2026-04-30 09:00:00,Hostel B,33.707,10.68,3.311,0.0,0.0,1.11,15.102
2026-04-30 10:00:00,Hostel B,33.794,11.123,3.213,0.0,0.0,1.033,15.369
2026-04-30 11:00:00,Hostel B,35.995,16.023,3.618,0.0,0.0,1.113,20.753
2026-04-30 12:00:00,Hostel B,36.654,14.08,3.008,0.0,0.0,1.098,18.186
2026-04-30 13:00:00,Hostel B,40.219,17.276,3.347,0.0,0.0,1.057,21.681
2026-04-30 14:00:00,Hostel B,37.661,18.688,3.121,0.0,0.0,1.04,22.849
2026-04-30 15:00:00,Hostel B,39.314,18.021,3.565,0.0,0.0,1.098,22.684
2026-04-30 16:00:00,Hostel B,38.11,15.721,3.189,0.0,0.0,1.061,19.971
2026-04-30 17:00:00,Hostel B,38.935,16.231,3.575,0.0,0.0,1.123,20.928
2026-04-30 18:00:00,Hostel B,37.536,44.293,8.797,5.1,0.0,1.109,59.298
2026-04-30 19:00:00,Hostel B,37.255,37.278,7.447,5.1,0.0,1.101,50.926
2026-04-30 20:00:00,Hostel B,35.271,28.651,8.486,5.1,0.0,1.05,43.287
2026-04-30 21:00:00,Hostel B,32.306,21.532,7.765,5.1,0.0,1.093,35.489
2026-04-30 22:00:00,Hostel B,34.363,25.185,7.86,5.1,0.0,1.098,39.242
2026-04-30 23:00:00,Hostel B,30.555,15.875,7.63,5.1,0.0,1.059,29.663
2026-05-01 00:00:00,Hostel B,31.207,20.693,8.241,5.1,0.0,1.023,35.056
2026-05-01 01:00:00,Hostel B,31.009,32.41,7.753,8.876,0.0,1.095,50.133
2026-05-01 02:00:00,Hostel B,30.835,29.668,8.462,8.876,0.0,1.046,48.051
2026-05-01 03:00:00,Hostel B,30.593,30.309,8.53,8.876,0.0,1.027,48.742
2026-05-01 04:00:00,Hostel B,30.7,30.324,7.845,8.876,0.0,1.017,48.063
2026-05-01 05:00:00,Hostel B,31.77,35.285,7.148,8.876,0.0,1.049,52.359
2026-05-01 06:00:00,Hostel B,32.626,25.394,7.258,5.1,0.0,1.07,38.821
2026-05-01 07:00:00,Hostel B,32.152,23.777,7.629,0.0,0.0,1.017,32.423
2026-05-01 08:00:00,Hostel B,36.555,32.335,8.843,0.0,0.0,1.076,42.254
2026-05-01 09:00:00,Hostel B,37.969,14.676,3.229,0.0,0.0,1.113,19.019
2026-05-01 10:00:00,Hostel B,38.354,14.041,3.487,0.0,0.0,1.08,18.608
2026-05-01 11:00:00,Hostel B,39.039,17.675,3.628,0.0,0.0,1.072,22.375
2026-05-01 12:00:00,Hostel B,40.299,19.295,3.191,0.0,0.0,1.039,23.525
2026-05-01 13:00:00,Hostel B,40.872,19.651,3.353,0.0,0.0,1.062,24.066
2026-05-01 14:00:00,Hostel B,41.601,18.815,3.566,0.0,0.0,1.08,23.462
2026-05-01 15:00:00,Hostel B,39.813,18.689,3.392,0.0,0.0,1.11,23.191
2026-05-01 16:00:00,Hostel B,43.326,16.846,3.022,0.0,0.0,1.112,20.98
2026-05-01 17:00:00,Hostel B,42.374,16.451,3.506,0.0,0.0,1.063,21.02
2026-05-01 18:00:00,Hostel B,38.566,42.653,8.754,5.1,0.0,1.033,57.54
2026-05-01 19:00:00,Hostel B,39.89,33.794,8.512,5.1,0.0,1.092,48.499
2026-05-01 20:00:00,Hostel B,37.545,43.162,8.483,5.1,0.0,1.119,57.865
2026-05-01 21:00:00,Hostel B,35.801,35.038,8.489,5.1,0.0,1.12,49.747
2026-05-01 22:00:00,Hostel B,34.94,26.751,8.233,5.1,0.0,1.125,41.209
2026-05-01 23:00:00,Hostel B,31.257,18.657,7.582,5.1,0.0,1.041,32.381
2026-05-02 00:00:00,Hostel B,31.746,17.122,7.451,4.335,0.0,1.107,30.015
2026-05-02 01:00:00,Hostel B,30.883,29.192,6.265,7.498,0.0,1.018,43.972
2026-05-02 02:00:00,Hostel B,30.285,27.509,7.324,7.498,0.0,1.014,43.345
2026-05-02 03:00:00,Hostel B,28.633,20.624,6.614,7.498,0.0,1.088,35.824
2026-05-02 04:00:00,Hostel B,30.651,28.581,7.091,7.498,0.0,1.026,44.196
2026-05-02 05:00:00,Hostel B,31.864,28.691,7.291,7.498,0.0,1.056,44.535
2026-05-02 06:00:00,Hostel B,32.165,17.084,7.281,4.335,0.0,1.014,29.713
2026-05-02 07:00:00,Hostel B,32.771,19.441,6.313,0.0,0.0,1.022,26.776
2026-05-02 08:00:00,Hostel B,37.136,35.508,6.996,0.0,0.0,1.036,43.54
2026-05-02 09:00:00,Hostel B,35.075,12.28,2.633,0.0,0.0,1.075,15.988
2026-05-02 10:00:00,Hostel B,38.326,11.8,2.569,0.0,0.0,1.05,15.419
2026-05-02 11:00:00,Hostel B,39.243,15.415,2.82,0.0,0.0,1.076,19.311
2026-05-02 12:00:00,Hostel B,42.255,16.119,3.116,0.0,0.0,1.086,20.321
2026-05-02 13:00:00,Hostel B,41.583,16.505,3.112,0.0,0.0,1.013,20.63
2026-05-02 14:00:00,Hostel B,42.397,13.059,2.857,0.0,0.0,1.108,17.024
2026-05-02 15:00:00,Hostel B,42.506,12.582,2.981,0.0,0.0,1.019,16.583
2026-05-02 16:00:00,Hostel B,40.737,14.219,2.655,0.0,0.0,1.111,17.985
2026-05-02 17:00:00,Hostel B,40.327,16.237,2.639,0.0,0.0,1.122,19.999
2026-05-02 18:00:00,Hostel B,39.967,32.296,7.141,4.335,0.0,1.114,44.887
2026-05-02 19:00:00,Hostel B,39.957,34.606,7.262,4.335,0.0,1.073,47.276
2026-05-02 20:00:00,Hostel B,37.786,39.863,7.195,4.335,0.0,1.099,52.491
2026-05-02 21:00:00,Hostel B,35.793,27.754,6.228,4.335,0.0,1.032,39.349
2026-05-02 22:00:00,Hostel B,35.819,29.546,6.61,4.335,0.0,1.118,41.609
2026-05-02 23:00:00,Hostel B,31.018,16.971,6.136,4.335,0.0,1.015,28.457
2026-05-03 00:00:00,Hostel B,30.462,12.242,7.262,4.335,0.0,1.075,24.913
2026-05-03 01:00:00,Hostel B,28.307,6.11,6.542,4.335,0.0,1.064,18.051
2026-05-03 02:00:00,Hostel B,31.413,14.387,6.721,4.335,0.0,1.102,26.545
2026-05-03 03:00:00,Hostel B,29.903,11.7,6.947,4.335,0.0,1.096,24.079
2026-05-03 04:00:00,Hostel B,31.171,13.113,6.07,4.335,0.0,1.05,24.568
2026-05-03 05:00:00,Hostel B,30.695,11.914,6.606,4.335,0.0,1.031,23.886
2026-05-03 06:00:00,Hostel B,32.781,17.867,7.172,4.335,0.0,1.102,30.476
2026-05-03 07:00:00,Hostel B,32.873,20.072,6.503,0.0,0.0,1.122,27.697
2026-05-03 08:00:00,Hostel B,34.857,28.594,6.935,0.0,0.0,1.024,36.552
2026-05-03 09:00:00,Hostel B,36.264,12.292,3.109,0.0,0.0,1.095,16.496
2026-05-03 10:00:00,Hostel B,37.891,15.501,2.573,0.0,0.0,1.071,19.144
2026-05-03 11:00:00,Hostel B,40.685,16.521,2.667,0.0,0.0,1.048,20.235
2026-05-03 12:00:00,Hostel B,38.618,15.429,2.926,0.0,0.0,1.014,19.37
2026-05-03 13:00:00,Hostel B,41.128,14.941,2.873,0.0,0.0,1.094,18.908
2026-05-03 14:00:00,Hostel B,41.994,11.755,3.11,0.0,0.0,1.027,15.893
2026-05-03 15:00:00,Hostel B,42.048,13.965,2.521,0.0,0.0,1.108,17.594
2026-05-03 16:00:00,Hostel B,41.398,13.06,3.048,0.0,0.0,1.042,17.15
2026-05-03 17:00:00,Hostel B,40.661,14.287,2.804,0.0,0.0,1.079,18.17
2026-05-03 18:00:00,Hostel B,41.773,40.044,6.413,4.335,0.0,1.044,51.837
2026-05-03 19:00:00,Hostel B,38.929,32.355,6.833,4.335,0.0,1.092,44.615
2026-05-03 20:00:00,Hostel B,39.991,30.409,6.694,4.335,0.0,1.026,42.464
2026-05-03 21:00:00,Hostel B,36.528,33.794,6.341,4.335,0.0,1.051,45.521
2026-05-03 22:00:00,Hostel B,34.157,27.549,6.402,4.335,0.0,1.07,39.356
2026-05-03 23:00:00,Hostel B,33.553,23.891,6.506,4.335,0.0,1.078,35.811
2026-05-04 00:00:00,Hostel B,31.866,17.332,8.126,5.1,0.0,1.078,31.635
2026-05-04 01:00:00,Hostel B,32.146,31.483,7.288,7.933,0.0,1.021,47.726
2026-05-04 02:00:00,Hostel B,29.037,20.237,7.299,7.933,0.0,1.016,36.485
2026-05-04 03:00:00,Hostel B,28.199,18.094,7.732,7.933,0.0,1.039,34.798
2026-05-04 04:00:00,Hostel B,30.565,26.678,8.403,7.933,0.0,1.017,44.031
2026-05-04 05:00:00,Hostel B,31.64,31.466,8.886,7.933,0.0,1.037,49.323
2026-05-04 06:00:00,Hostel B,32.043,18.589,7.161,5.1,0.0,1.019,31.87
2026-05-04 07:00:00,Hostel B,33.672,30.246,8.876,0.0,0.0,1.072,40.194
2026-05-04 08:00:00,Hostel B,34.973,27.327,8.365,0.0,0.0,1.024,36.716
2026-05-04 09:00:00,Hostel B,34.52,10.305,3.602,0.0,0.0,1.059,14.966
2026-05-04 10:00:00,Hostel B,37.834,18.419,3.334,0.0,0.0,1.099,22.852
2026-05-04 11:00:00,Hostel B,40.317,16.517,3.28,0.0,0.0,1.099,20.897
2026-05-04 12:00:00,Hostel B,40.414,16.677,3.517,0.0,0.0,1.076,21.27
2026-05-04 13:00:00,Hostel B,39.886,15.664,3.345,0.0,0.0,1.016,20.025
2026-05-04 14:00:00,Hostel B,41.462,14.055,3.6,0.0,0.0,1.073,18.728
2026-05-04 15:00:00,Hostel B,42.557,14.925,3.596,0.0,0.0,1.041,19.562
2026-05-04 16:00:00,Hostel B,43.591,18.28,3.33,0.0,0.0,1.076,22.686
2026-05-04 17:00:00,Hostel B,39.24,15.107,3.362,0.0,0.0,1.115,19.583
2026-05-04 18:00:00,Hostel B,40.604,47.707,7.954,5.1,0.0,1.08,61.842
2026-05-04 19:00:00,Hostel B,38.068,44.746,8.371,5.1,0.0,1.118,59.335
2026-05-04 20:00:00,Hostel B,38.061,45.641,8.358,5.1,0.0,1.036,60.135
2026-05-04 21:00:00,Hostel B,36.588,40.582,8.301,5.1,0.0,1.043,55.026
2026-05-04 22:00:00,Hostel B,34.214,29.968,7.251,5.1,0.0,1.029,43.348
2026-05-04 23:00:00,Hostel B,33.632,25.538,8.86,5.1,0.0,1.021,40.519
2026-05-05 00:00:00,Hostel B,32.897,26.797,7.739,5.1,0.0,1.014,40.65
2026-05-05 01:00:00,Hostel B,30.639,32.374,7.579,8.611,0.0,1.117,49.682
2026-05-05 02:00:00,Hostel B,28.867,25.395,7.517,8.611,0.0,1.063,42.587
2026-05-05 03:00:00,Hostel B,31.426,36.07,7.264,8.611,0.0,1.118,53.063
2026-05-05 04:00:00,Hostel B,31.033,31.743,7.956,8.611,0.0,1.11,49.42
2026-05-05 05:00:00,Hostel B,31.368,36.246,7.214,8.611,0.0,1.096,53.167
2026-05-05 06:00:00,Hostel B,31.066,20.171,7.427,5.1,0.0,1.116,33.814
2026-05-05 07:00:00,Hostel B,33.985,28.717,7.149,0.0,0.0,1.042,36.908
2026-05-05 08:00:00,Hostel B,36.49,31.896,7.452,0.0,0.0,1.109,40.457
2026-05-05 09:00:00,Hostel B,35.879,12.015,3.672,0.0,0.0,1.089,16.776
2026-05-05 10:00:00,Hostel B,37.647,15.419,3.338,0.0,0.0,1.08,19.837
2026-05-05 11:00:00,Hostel B,37.935,14.563,2.989,0.0,0.0,1.082,18.634
2026-05-05 12:00:00,Hostel B,39.523,17.146,3.355,0.0,0.0,1.114,21.615
2026-05-05 13:00:00,Hostel B,40.122,18.406,3.382,0.0,0.0,1.117,22.905
2026-05-05 14:00:00,Hostel B,41.926,17.668,3.343,0.0,0.0,1.032,22.043
2026-05-05 15:00:00,Hostel B,41.659,17.427,3.187,0.0,0.0,1.022,21.635
2026-05-05 16:00:00,Hostel B,42.168,16.354,3.423,0.0,0.0,1.043,20.82
2026-05-05 17:00:00,Hostel B,40.304,14.801,3.045,0.0,0.0,1.104,18.95
2026-05-05 18:00:00,Hostel B,40.075,42.617,7.532,5.1,0.0,1.023,56.272
2026-05-05 19:00:00,Hostel B,38.046,39.484,8.916,5.1,0.0,1.087,54.586
2026-05-05 20:00:00,Hostel B,37.74,37.032,7.882,5.1,0.0,1.057,51.071
2026-05-05 21:00:00,Hostel B,34.368,29.932,7.404,5.1,0.0,1.115,43.551
2026-05-05 22:00:00,Hostel B,34.599,27.873,7.527,5.1,0.0,1.105,41.605
2026-05-05 23:00:00,Hostel B,32.721,20.098,8.433,5.1,0.0,1.07,34.701
2026-05-06 00:00:00,Hostel B,31.938,19.994,7.348,5.1,0.0,1.055,33.497
2026-05-06 01:00:00,Hostel B,29.152,9.879,7.772,5.1,0.0,1.106,23.858
2026-05-06 02:00:00,Hostel B,30.859,17.813,7.726,5.1,0.0,1.04,31.679
2026-05-06 03:00:00,Hostel B,29.701,10.531,7.547,5.1,0.0,1.074,24.252
2026-05-06 04:00:00,Hostel B,30.422,16.839,7.991,5.1,0.0,1.117,31.048
2026-05-06 05:00:00,Hostel B,28.934,9.8,7.337,5.1,16.832,1.08,40.15
2026-05-06 06:00:00,Hostel B,30.515,12.678,7.955,5.1,0.0,1.117,26.85
2026-05-06 07:00:00,Hostel B,32.61,19.489,7.198,0.0,0.0,1.062,27.749
2026-05-06 08:00:00,Hostel B,35.823,38.496,8.872,0.0,0.0,1.083,48.452
2026-05-06 09:00:00,Hostel B,36.527,14.872,3.385,0.0,0.0,1.118,19.375
2026-05-06 10:00:00,Hostel B,37.683,17.836,2.995,0.0,0.0,1.095,21.927
2026-05-06 11:00:00,Hostel B,38.076,18.995,3.08,0.0,0.0,1.114,23.19
2026-05-06 12:00:00,Hostel B,39.136,15.673,3.481,0.0,0.0,1.106,20.26
2026-05-06 13:00:00,Hostel B,41.473,17.011,3.478,0.0,0.0,1.021,21.511
2026-05-06 14:00:00,Hostel B,42.496,17.622,3.208,0.0,0.0,1.042,21.872
2026-05-06 15:00:00,Hostel B,42.209,18.752,3.049,0.0,0.0,1.096,22.897
2026-05-06 16:00:00,Hostel B,43.505,16.262,3.334,0.0,0.0,1.113,20.709
2026-05-06 17:00:00,Hostel B,40.514,19.403,3.143,0.0,0.0,1.103,23.648
2026-05-06 18:00:00,Hostel B,40.422,42.177,7.313,5.1,0.0,1.048,55.638
2026-05-06 19:00:00,Hostel B,37.307,43.346,7.758,5.1,0.0,1.082,57.286
2026-05-06 20:00:00,Hostel B,37.764,33.983,8.481,5.1,0.0,1.087,48.65
2026-05-06 21:00:00,Hostel B,37.469,38.341,7.772,5.1,0.0,1.062,52.275
2026-05-06 22:00:00,Hostel B,33.406,22.241,7.213,5.1,0.0,1.079,35.632
2026-05-06 23:00:00,Hostel B,33.842,30.42,7.355,5.1,0.0,1.123,43.998
2026-05-07 00:00:00,Hostel B,33.198,22.099,8.204,5.1,0.0,1.074,36.477
2026-05-07 01:00:00,Hostel B,30.114,31.742,8.072,7.487,0.0,1.034,48.335
2026-05-07 02:00:00,Hostel B,30.671,30.141,8.345,7.487,0.0,1.069,47.042
2026-05-07 03:00:00,Hostel B,31.58,33.662,8.161,7.487,0.0,1.032,50.342
2026-05-07 04:00:00,Hostel B,30.435,30.826,8.028,7.487,0.0,1.09,47.43
2026-05-07 05:00:00,Hostel B,31.591,37.578,7.988,7.487,0.0,1.114,54.167
2026-05-07 06:00:00,Hostel B,29.983,12.306,8.856,5.1,15.126,1.089,42.477
2026-05-07 07:00:00,Hostel B,33.597,28.607,8.679,0.0,0.0,1.111,38.397
2026-05-07 08:00:00,Hostel B,34.964,33.452,7.823,0.0,0.0,1.094,42.37
2026-05-07 09:00:00,Hostel B,34.674,14.197,3.42,0.0,0.0,1.062,18.679
2026-05-07 10:00:00,Hostel B,36.589,15.689,2.955,0.0,0.0,1.073,19.717
2026-05-07 11:00:00,Hostel B,39.604,17.546,2.955,0.0,0.0,1.072,21.574
2026-05-07 12:00:00,Hostel B,39.94,17.334,3.174,0.0,0.0,1.057,21.565
2026-05-07 13:00:00,Hostel B,42.308,14.429,3.495,0.0,0.0,1.023,18.946
2026-05-07 14:00:00,Hostel B,42.106,16.812,3.62,0.0,0.0,1.091,21.524
2026-05-07 15:00:00,Hostel B,42.056,18.81,3.442,0.0,0.0,1.018,23.27
2026-05-07 16:00:00,Hostel B,41.625,13.904,3.459,0.0,0.0,1.035,18.399
2026-05-07 17:00:00,Hostel B,41.489,14.529,2.964,0.0,0.0,1.064,18.556
2026-05-07 18:00:00,Hostel B,41.046,42.083,8.8,5.1,0.0,1.124,57.107
2026-05-07 19:00:00,Hostel B,39.534,45.618,7.295,5.1,0.0,1.047,59.06
2026-05-07 20:00:00,Hostel B,37.13,35.131,8.83,5.1,0.0,1.102,50.163
2026-05-07 21:00:00,Hostel B,37.239,43.055,7.393,5.1,0.0,1.06,56.608
2026-05-07 22:00:00,Hostel B,35.105,29.067,7.2,5.1,0.0,1.037,42.404
2026-05-07 23:00:00,Hostel B,33.385,24.707,8.146,5.1,0.0,1.015,38.968
2026-05-08 00:00:00,Hostel B,31.849,22.976,7.343,5.1,0.0,1.022,36.442
2026-05-08 01:00:00,Hostel B,31.304,17.44,7.191,5.1,0.0,1.059,30.791
2026-05-08 02:00:00,Hostel B,28.373,8.318,8.332,5.1,0.0,1.058,22.808
2026-05-08 03:00:00,Hostel B,30.241,16.572,8.458,5.1,0.0,1.083,31.213
2026-05-08 04:00:00,Hostel B,31.845,18.148,7.663,5.1,0.0,1.019,31.93
2026-05-08 05:00:00,Hostel B,31.024,14.564,8.092,5.1,0.0,1.044,28.801
2026-05-08 06:00:00,Hostel B,31.841,22.979,8.186,5.1,0.0,1.015,37.28
2026-05-08 07:00:00,Hostel B,32.404,22.147,7.427,0.0,0.0,1.111,30.685
2026-05-08 08:00:00,Hostel B,34.94,35.255,7.926,0.0,0.0,1.057,44.237
2026-05-08 09:00:00,Hostel B,35.805,15.443,3.408,0.0,0.0,1.078,19.93
2026-05-08 10:00:00,Hostel B,38.862,17.293,3.591,0.0,0.0,1.092,21.977
2026-05-08 11:00:00,Hostel B,38.136,16.565,3.248,0.0,0.0,1.043,20.856
2026-05-08 12:00:00,Hostel B,39.79,16.618,3.454,0.0,0.0,1.028,21.099
2026-05-08 13:00:00,Hostel B,40.595,14.762,3.309,0.0,0.0,1.078,19.148
2026-05-08 14:00:00,Hostel B,43.63,16.46,3.46,0.0,0.0,1.114,21.034
2026-05-08 15:00:00,Hostel B,41.81,18.635,3.52,0.0,0.0,1.113,23.267
2026-05-08 16:00:00,Hostel B,41.247,19.621,3.33,0.0,0.0,1.047,23.998
2026-05-08 17:00:00,Hostel B,39.106,19.453,2.985,0.0,0.0,1.042,23.481
2026-05-08 18:00:00,Hostel B,39.331,47.27,8.703,5.1,0.0,1.052,62.125
2026-05-08 19:00:00,Hostel B,39.528,33.741,8.213,5.1,0.0,1.04,48.094
2026-05-08 20:00:00,Hostel B,38.077,40.867,8.212,5.1,0.0,1.121,55.3
2026-05-08 21:00:00,Hostel B,35.349,28.311,8.049,5.1,0.0,1.016,42.477
2026-05-08 22:00:00,Hostel B,33.851,27.673,7.451,5.1,0.0,1.034,41.257
2026-05-08 23:00:00,Hostel B,34.86,34.727,8.008,5.1,0.0,1.016,48.851
2026-05-09 00:00:00,Hostel B,34.454,27.571,6.883,4.335,0.0,1.109,39.898
2026-05-09 01:00:00,Hostel B,31.954,19.356,6.651,4.335,0.0,1.066,31.408
2026-05-09 02:00:00,Hostel B,31.764,15.806,6.295,4.335,0.0,1.038,27.474
2026-05-09 03:00:00,Hostel B,31.771,16.621,7.226,4.335,0.0,1.057,29.239
2026-05-09 04:00:00,Hostel B,32.419,17.056,6.762,4.335,0.0,1.024,29.178
2026-05-09 05:00:00,Hostel B,30.502,13.206,7.132,4.335,0.0,1.025,25.698
2026-05-09 06:00:00,Hostel B,30.879,13.071,6.14,4.335,0.0,1.119,24.665
2026-05-09 07:00:00,Hostel B,34.833,28.2,6.834,0.0,0.0,1.091,36.125
2026-05-09 08:00:00,Hostel B,33.483,21.27,6.181,0.0,0.0,1.084,28.536
2026-05-09 09:00:00,Hostel B,34.971,11.386,2.957,0.0,0.0,1.066,15.409
2026-05-09 10:00:00,Hostel B,36.547,14.147,2.862,0.0,0.0,1.068,18.076
2026-05-09 11:00:00,Hostel B,38.869,13.219,2.781,0.0,0.0,1.099,17.099
2026-05-09 12:00:00,Hostel B,38.258,14.837,3.107,0.0,0.0,1.018,18.962
2026-05-09 13:00:00,Hostel B,39.763,15.96,2.703,0.0,0.0,1.088,19.751
2026-05-09 14:00:00,Hostel B,41.173,16.487,2.763,0.0,0.0,1.074,20.325
2026-05-09 15:00:00,Hostel B,40.804,12.533,2.96,0.0,0.0,1.047,16.539
2026-05-09 16:00:00,Hostel B,42.858,15.135,2.827,0.0,0.0,1.037,18.999
2026-05-09 17:00:00,Hostel B,41.203,13.899,2.91,0.0,0.0,1.109,17.919
2026-05-09 18:00:00,Hostel B,40.82,31.93,7.55,4.335,0.0,1.117,44.932
2026-05-09 19:00:00,Hostel B,39.468,30.372,7.125,4.335,0.0,1.023,42.854
2026-05-09 20:00:00,Hostel B,37.346,33.647,6.298,4.335,0.0,1.032,45.311
2026-05-09 21:00:00,Hostel B,36.988,29.779,6.387,4.335,0.0,1.088,41.589
2026-05-09 22:00:00,Hostel B,34.899,27.137,7.389,4.335,0.0,1.1,39.96
2026-05-09 23:00:00,Hostel B,32.682,17.748,6.142,4.335,0.0,1.068,29.292
2026-05-10 00:00:00,Hostel B,30.073,9.659,6.842,4.335,0.0,1.117,21.953
2026-05-10 01:00:00,Hostel B,31.325,16.773,7.444,4.335,0.0,1.111,29.663
2026-05-10 02:00:00,Hostel B,28.943,7.46,7.247,4.335,0.0,1.027,20.068
2026-05-10 03:00:00,Hostel B,30.38,11.508,6.244,4.335,0.0,1.029,23.116
2026-05-10 04:00:00,Hostel B,30.283,11.179,7.192,4.335,0.0,1.022,23.728
2026-05-10 05:00:00,Hostel B,29.443,9.361,6.649,4.335,14.313,1.111,35.768
2026-05-10 06:00:00,Hostel B,32.016,17.228,7.436,4.335,0.0,1.075,30.075
2026-05-10 07:00:00,Hostel B,33.191,22.985,6.938,0.0,0.0,1.118,31.041
2026-05-10 08:00:00,Hostel B,34.642,26.197,6.902,0.0,0.0,1.095,34.193
2026-05-10 09:00:00,Hostel B,36.147,10.525,2.504,0.0,0.0,1.095,14.124
2026-05-10 10:00:00,Hostel B,36.901,11.478,2.655,0.0,0.0,1.027,15.16
2026-05-10 11:00:00,Hostel B,39.592,15.967,2.757,0.0,0.0,1.025,19.748
2026-05-10 12:00:00,Hostel B,39.555,12.968,2.951,0.0,0.0,1.117,17.037
2026-05-10 13:00:00,Hostel B,40.122,12.812,2.824,0.0,0.0,1.067,16.703
2026-05-10 14:00:00,Hostel B,42.47,11.732,3.032,0.0,0.0,1.124,15.888
2026-05-10 15:00:00,Hostel B,42.936,15.6,2.52,0.0,0.0,1.049,19.169
2026-05-10 16:00:00,Hostel B,42.402,15.421,2.701,0.0,0.0,1.082,19.204
2026-05-10 17:00:00,Hostel B,40.989,13.459,2.872,0.0,0.0,1.077,17.408
2026-05-10 18:00:00,Hostel B,38.303,28.538,7.068,4.335,0.0,1.02,40.961
2026-05-10 19:00:00,Hostel B,40.482,38.026,6.831,4.335,0.0,1.071,50.263
2026-05-10 20:00:00,Hostel B,35.598,23.723,6.674,4.335,0.0,1.116,35.848
2026-05-10 21:00:00,Hostel B,36.586,30.049,6.178,4.335,0.0,1.064,41.625
2026-05-10 22:00:00,Hostel B,36.557,34.04,7.125,4.335,0.0,1.066,46.566
2026-05-10 23:00:00,Hostel B,33.149,18.724,7.44,4.335,0.0,1.091,31.59
2026-05-11 00:00:00,Hostel B,32.049,19.615,8.584,5.1,0.0,1.1,34.399
2026-05-11 01:00:00,Hostel B,31.183,29.582,8.392,8.358,0.0,1.106,47.437
2026-05-11 02:00:00,Hostel B,30.403,26.853,8.272,8.358,0.0,1.063,44.546
2026-05-11 03:00:00,Hostel B,32.351,32.256,8.518,8.358,0.0,1.062,50.194
2026-05-11 04:00:00,Hostel B,29.361,22.149,8.526,8.358,0.0,1.066,40.098
2026-05-11 05:00:00,Hostel B,29.835,23.651,7.152,8.358,15.207,1.122,55.489
2026-05-11 06:00:00,Hostel B,31.43,18.299,7.779,5.1,0.0,1.117,32.295
2026-05-11 07:00:00,Hostel B,34.741,28.0,8.689,0.0,0.0,1.083,37.773
2026-05-11 08:00:00,Hostel B,33.87,24.363,8.659,0.0,0.0,1.044,34.066
2026-05-11 09:00:00,Hostel B,36.43,13.601,3.462,0.0,0.0,1.114,18.177
2026-05-11 10:00:00,Hostel B,38.624,16.603,3.167,0.0,0.0,1.032,20.802
2026-05-11 11:00:00,Hostel B,39.779,16.038,3.526,0.0,0.0,1.025,20.589
2026-05-11 12:00:00,Hostel B,41.261,17.24,3.11,0.0,0.0,1.059,21.409
2026-05-11 13:00:00,Hostel B,42.614,17.509,3.105,0.0,0.0,1.09,21.703
2026-05-11 14:00:00,Hostel B,42.104,19.665,3.334,0.0,0.0,1.018,24.017
2026-05-11 15:00:00,Hostel B,41.543,17.415,3.36,0.0,0.0,1.048,21.822
2026-05-11 16:00:00,Hostel B,41.943,18.12,3.198,0.0,0.0,1.101,22.419
2026-05-11 17:00:00,Hostel B,40.857,14.36,3.384,0.0,0.0,1.087,18.831
2026-05-11 18:00:00,Hostel B,42.764,44.376,8.406,5.1,0.0,1.022,58.904
2026-05-11 19:00:00,Hostel B,38.467,40.768,7.462,5.1,0.0,1.035,54.365
2026-05-11 20:00:00,Hostel B,38.036,45.898,7.655,5.1,0.0,1.094,59.748
2026-05-11 21:00:00,Hostel B,34.499,33.568,8.389,5.1,0.0,1.026,48.083
2026-05-11 22:00:00,Hostel B,34.58,26.292,8.795,5.1,0.0,1.014,41.201
2026-05-11 23:00:00,Hostel B,32.713,26.174,8.719,5.1,0.0,1.124,41.117
2026-05-12 00:00:00,Hostel B,32.433,23.107,7.371,5.1,0.0,1.082,36.66
2026-05-12 01:00:00,Hostel B,31.506,33.133,8.157,8.213,0.0,1.061,50.564
2026-05-12 02:00:00,Hostel B,31.621,31.766,8.568,8.213,0.0,1.08,49.627
2026-05-12 03:00:00,Hostel B,31.338,30.064,7.564,8.213,0.0,1.088,46.928
2026-05-12 04:00:00,Hostel B,30.138,28.413,8.288,8.213,0.0,1.068,45.981
2026-05-12 05:00:00,Hostel B,29.859,23.779,7.903,8.213,18.245,1.087,59.227
2026-05-12 06:00:00,Hostel B,30.93,16.937,8.323,5.1,0.0,1.092,31.452
2026-05-12 07:00:00,Hostel B,33.303,21.012,7.197,0.0,0.0,1.033,29.242
2026-05-12 08:00:00,Hostel B,34.605,26.619,7.699,0.0,0.0,1.06,35.377
2026-05-12 09:00:00,Hostel B,36.258,15.442,3.166,0.0,0.0,1.047,19.655
2026-05-12 10:00:00,Hostel B,37.018,16.746,3.248,0.0,0.0,1.102,21.096
2026-05-12 11:00:00,Hostel B,40.437,19.032,3.024,0.0,0.0,1.099,23.155
2026-05-12 12:00:00,Hostel B,38.77,18.007,3.261,0.0,0.0,1.104,22.371
2026-05-12 13:00:00,Hostel B,40.606,17.766,3.338,0.0,0.0,1.062,22.166
2026-05-12 14:00:00,Hostel B,40.718,19.363,2.96,0.0,0.0,1.077,23.4
2026-05-12 15:00:00,Hostel B,41.791,16.955,3.161,0.0,0.0,1.092,21.208
2026-05-12 16:00:00,Hostel B,43.042,17.643,3.07,0.0,0.0,1.049,21.762
2026-05-12 17:00:00,Hostel B,40.908,18.908,3.655,0.0,0.0,1.122,23.685
2026-05-12 18:00:00,Hostel B,40.344,44.423,7.372,5.1,0.0,1.055,57.951
2026-05-12 19:00:00,Hostel B,39.664,44.512,8.26,5.1,0.0,1.073,58.945
2026-05-12 20:00:00,Hostel B,37.218,38.484,7.857,5.1,0.0,1.106,52.547
2026-05-12 21:00:00,Hostel B,36.383,35.509,7.653,5.1,0.0,1.097,49.358
2026-05-12 22:00:00,Hostel B,34.698,31.003,8.665,5.1,0.0,1.069,45.837
2026-05-12 23:00:00,Hostel B,31.869,21.284,8.325,5.1,0.0,1.058,35.768
2026-05-13 00:00:00,Hostel B,31.293,18.218,8.247,5.1,0.0,1.084,32.649
2026-05-13 01:00:00,Hostel B,31.158,15.531,7.307,5.1,0.0,1.062,28.999
2026-05-13 02:00:00,Hostel B,31.487,16.932,7.602,5.1,0.0,1.079,30.713
2026-05-13 03:00:00,Hostel B,31.281,17.842,7.634,5.1,0.0,1.102,31.678
2026-05-13 04:00:00,Hostel B,32.3,19.108,7.915,5.1,0.0,1.026,33.149
2026-05-13 05:00:00,Hostel B,31.289,17.43,8.785,5.1,0.0,1.091,32.405
2026-05-13 06:00:00,Hostel B,31.344,15.845,7.861,5.1,0.0,1.019,29.824
2026-05-13 07:00:00,Hostel B,32.936,20.557,7.726,0.0,0.0,1.095,29.378
2026-05-13 08:00:00,Hostel B,34.333,31.641,7.267,0.0,0.0,1.036,39.944
2026-05-13 09:00:00,Hostel B,35.592,13.576,3.223,0.0,0.0,1.068,17.867
2026-05-13 10:00:00,Hostel B,37.936,18.292,2.978,0.0,0.0,1.043,22.313
2026-05-13 11:00:00,Hostel B,39.429,13.849,3.208,0.0,0.0,1.049,18.107
2026-05-13 12:00:00,Hostel B,39.069,15.468,3.651,0.0,0.0,1.083,20.203
2026-05-13 13:00:00,Hostel B,42.284,13.886,3.349,0.0,0.0,1.061,18.295
2026-05-13 14:00:00,Hostel B,39.959,13.801,3.094,0.0,0.0,1.067,17.962
2026-05-13 15:00:00,Hostel B,41.778,13.97,3.16,0.0,0.0,1.125,18.255
2026-05-13 16:00:00,Hostel B,42.945,16.862,3.36,0.0,0.0,1.026,21.247
2026-05-13 17:00:00,Hostel B,41.804,14.318,2.954,0.0,0.0,1.056,18.328
2026-05-13 18:00:00,Hostel B,39.886,44.92,8.746,5.1,0.0,1.072,59.838
2026-05-13 19:00:00,Hostel B,40.969,40.873,8.172,5.1,0.0,1.104,55.249
2026-05-13 20:00:00,Hostel B,37.113,34.254,8.019,5.1,0.0,1.044,48.417
2026-05-13 21:00:00,Hostel B,33.998,30.325,8.418,5.1,0.0,1.057,44.9
2026-05-13 22:00:00,Hostel B,34.9,30.244,7.497,5.1,0.0,1.105,43.946
2026-05-13 23:00:00,Hostel B,31.221,16.752,7.179,5.1,0.0,1.072,30.103
2026-05-14 00:00:00,Hostel B,30.926,17.083,8.238,5.1,0.0,1.109,31.53
2026-05-14 01:00:00,Hostel B,31.427,32.011,7.426,8.321,0.0,1.02,48.777
2026-05-14 02:00:00,Hostel B,29.744,25.455,7.162,8.321,0.0,1.045,41.982
2026-05-14 03:00:00,Hostel B,30.581,30.396,8.798,8.321,0.0,1.075,48.59
2026-05-14 04:00:00,Hostel B,29.046,22.299,8.547,8.321,0.0,1.026,40.193
2026-05-14 05:00:00,Hostel B,31.662,31.081,7.344,8.321,0.0,1.067,47.812
2026-05-14 06:00:00,Hostel B,30.066,15.516,8.74,5.1,0.0,1.014,30.371
2026-05-14 07:00:00,Hostel B,34.319,29.54,7.261,0.0,0.0,1.069,37.87
2026-05-14 08:00:00,Hostel B,33.972,31.441,8.573,0.0,0.0,1.116,41.13
2026-05-14 09:00:00,Hostel B,37.531,17.739,3.245,0.0,0.0,1.119,22.103
2026-05-14 10:00:00,Hostel B,36.712,15.007,3.321,0.0,0.0,1.048,19.376
2026-05-14 11:00:00,Hostel B,40.925,17.53,3.431,0.0,0.0,1.013,21.974
2026-05-14 12:00:00,Hostel B,39.285,16.18,3.013,0.0,0.0,1.115,20.307
2026-05-14 13:00:00,Hostel B,39.402,14.535,3.607,0.0,0.0,1.076,19.219
2026-05-14 14:00:00,Hostel B,41.839,16.186,3.046,0.0,0.0,1.078,20.309
2026-05-14 15:00:00,Hostel B,43.234,15.444,3.632,0.0,0.0,1.104,20.18
2026-05-14 16:00:00,Hostel B,42.586,17.786,3.007,0.0,0.0,1.057,21.85
2026-05-14 17:00:00,Hostel B,42.359,17.734,3.066,0.0,0.0,1.06,21.86
2026-05-14 18:00:00,Hostel B,41.053,46.914,7.243,5.1,0.0,1.108,60.365
2026-05-14 19:00:00,Hostel B,38.18,34.608,7.85,5.1,0.0,1.068,48.626
2026-05-14 20:00:00,Hostel B,38.319,40.175,8.195,5.1,0.0,1.095,54.565
2026-05-14 21:00:00,Hostel B,36.093,32.959,8.256,5.1,0.0,1.114,47.429
2026-05-14 22:00:00,Hostel B,33.737,26.458,8.619,5.1,0.0,1.057,41.234
2026-05-14 23:00:00,Hostel B,33.179,21.05,8.083,5.1,0.0,1.113,35.345
2026-05-15 00:00:00,Hostel B,31.701,19.249,8.051,5.1,0.0,1.049,33.449
2026-05-15 01:00:00,Hostel B,32.22,37.482,7.722,8.698,0.0,1.117,55.019
2026-05-15 02:00:00,Hostel B,29.69,26.924,8.302,8.698,0.0,1.047,44.971
2026-05-15 03:00:00,Hostel B,29.438,27.513,8.762,8.698,0.0,1.039,46.011
2026-05-15 04:00:00,Hostel B,29.506,26.141,7.774,8.698,0.0,1.094,43.707
2026-05-15 05:00:00,Hostel B,32.701,36.896,7.776,8.698,0.0,1.116,54.487
2026-05-15 06:00:00,Hostel B,31.115,19.812,7.753,5.1,0.0,1.099,33.764
2026-05-15 07:00:00,Hostel B,34.297,23.389,7.546,0.0,0.0,1.096,32.031
2026-05-15 08:00:00,Hostel B,33.416,23.101,8.152,0.0,0.0,1.122,32.375
2026-05-15 09:00:00,Hostel B,36.507,16.905,3.018,0.0,0.0,1.075,20.998
2026-05-15 10:00:00,Hostel B,37.815,14.424,3.554,0.0,0.0,1.112,19.09
2026-05-15 11:00:00,Hostel B,40.233,16.128,3.041,0.0,0.0,1.017,20.186
2026-05-15 12:00:00,Hostel B,41.331,16.463,3.068,0.0,0.0,1.027,20.558
2026-05-15 13:00:00,Hostel B,41.278,17.636,2.99,0.0,0.0,1.043,21.669
2026-05-15 14:00:00,Hostel B,41.258,17.395,3.22,0.0,0.0,1.119,21.734
2026-05-15 15:00:00,Hostel B,43.625,17.483,3.497,0.0,0.0,1.035,22.015
2026-05-15 16:00:00,Hostel B,41.159,19.336,3.609,0.0,0.0,1.056,24.0
2026-05-15 17:00:00,Hostel B,38.928,16.101,3.259,0.0,0.0,1.016,20.377
2026-05-15 18:00:00,Hostel B,38.384,40.495,7.56,5.1,0.0,1.021,54.176
2026-05-15 19:00:00,Hostel B,37.385,44.872,8.435,5.1,0.0,1.078,59.485
2026-05-15 20:00:00,Hostel B,38.149,35.307,8.368,5.1,0.0,1.023,49.799
2026-05-15 21:00:00,Hostel B,38.214,47.07,8.357,5.1,0.0,1.114,61.64
2026-05-15 22:00:00,Hostel B,32.407,25.132,7.932,5.1,0.0,1.112,39.276
2026-05-15 23:00:00,Hostel B,32.217,24.427,8.149,5.1,0.0,1.082,38.758
2026-05-16 00:00:00,Hostel B,31.846,14.258,6.163,4.335,0.0,1.057,25.813
2026-05-16 01:00:00,Hostel B,32.349,18.778,6.448,4.335,0.0,1.112,30.674
2026-05-16 02:00:00,Hostel B,29.417,11.009,7.475,4.335,0.0,1.067,23.887
2026-05-16 03:00:00,Hostel B,30.591,12.347,6.132,4.335,0.0,1.034,23.848
2026-05-16 04:00:00,Hostel B,29.954,11.747,6.527,4.335,0.0,1.051,23.66
2026-05-16 05:00:00,Hostel B,33.411,19.5,6.413,4.335,0.0,1.053,31.301
2026-05-16 06:00:00,Hostel B,31.902,14.769,6.267,4.335,0.0,1.078,26.448
2026-05-16 07:00:00,Hostel B,33.356,23.807,7.471,0.0,0.0,1.058,32.337
2026-05-16 08:00:00,Hostel B,34.531,28.73,6.26,0.0,0.0,1.105,36.095
2026-05-16 09:00:00,Hostel B,35.585,9.637,2.805,0.0,0.0,1.083,13.524
2026-05-16 10:00:00,Hostel B,38.503,12.323,3.023,0.0,0.0,1.041,16.387
2026-05-16 11:00:00,Hostel B,37.841,14.475,2.501,0.0,0.0,1.058,18.034
2026-05-16 12:00:00,Hostel B,38.241,12.147,2.567,0.0,0.0,1.094,15.808
2026-05-16 13:00:00,Hostel B,41.046,14.883,2.713,0.0,0.0,1.04,18.635
2026-05-16 14:00:00,Hostel B,42.611,15.326,2.591,0.0,0.0,1.023,18.94
2026-05-16 15:00:00,Hostel B,41.419,13.796,2.613,0.0,0.0,1.093,17.501
2026-05-16 16:00:00,Hostel B,41.982,15.511,2.868,0.0,0.0,1.058,19.437
2026-05-16 17:00:00,Hostel B,39.975,12.285,2.606,0.0,0.0,1.026,15.917
2026-05-16 18:00:00,Hostel B,41.305,32.121,7.038,4.335,0.0,1.066,44.561
2026-05-16 19:00:00,Hostel B,39.652,38.295,7.458,4.335,0.0,1.076,51.164
2026-05-16 20:00:00,Hostel B,37.573,28.474,6.417,4.335,0.0,1.015,40.242
2026-05-16 21:00:00,Hostel B,36.169,27.052,6.391,4.335,0.0,1.102,38.88
2026-05-16 22:00:00,Hostel B,33.054,21.173,6.086,4.335,0.0,1.068,32.662
2026-05-16 23:00:00,Hostel B,31.651,14.818,6.091,4.335,0.0,1.015,26.259
2026-05-17 00:00:00,Hostel B,31.635,16.113,6.671,4.335,0.0,1.109,28.228
2026-05-17 01:00:00,Hostel B,31.318,17.13,6.811,4.335,0.0,1.078,29.354
2026-05-17 02:00:00,Hostel B,30.769,12.612,6.346,4.335,0.0,1.121,24.414
2026-05-17 03:00:00,Hostel B,29.637,10.233,6.559,4.335,0.0,1.044,22.171
2026-05-17 04:00:00,Hostel B,30.95,11.826,6.282,4.335,0.0,1.059,23.502
2026-05-17 05:00:00,Hostel B,32.225,19.237,7.103,4.335,0.0,1.087,31.761
2026-05-17 06:00:00,Hostel B,31.669,15.484,6.665,4.335,0.0,1.115,27.599
2026-05-17 07:00:00,Hostel B,33.31,23.716,7.183,0.0,0.0,1.102,32.001
2026-05-17 08:00:00,Hostel B,34.239,20.274,6.904,0.0,0.0,1.085,28.263
2026-05-17 09:00:00,Hostel B,35.874,12.87,2.735,0.0,0.0,1.102,16.706
2026-05-17 10:00:00,Hostel B,37.722,15.434,2.89,0.0,0.0,1.023,19.348
2026-05-17 11:00:00,Hostel B,40.703,15.61,2.503,0.0,0.0,1.094,19.208
2026-05-17 12:00:00,Hostel B,41.158,15.401,2.93,0.0,0.0,1.078,19.409
2026-05-17 13:00:00,Hostel B,42.021,12.908,2.731,0.0,0.0,1.043,16.682
2026-05-17 14:00:00,Hostel B,41.342,13.806,2.82,0.0,0.0,1.039,17.665
2026-05-17 15:00:00,Hostel B,41.102,13.652,2.826,0.0,0.0,1.045,17.523
2026-05-17 16:00:00,Hostel B,42.185,12.924,2.848,0.0,0.0,1.026,16.798
2026-05-17 17:00:00,Hostel B,42.44,14.183,2.938,0.0,0.0,1.043,18.164
2026-05-17 18:00:00,Hostel B,41.966,36.953,6.237,4.335,0.0,1.021,48.545
2026-05-17 19:00:00,Hostel B,36.547,30.135,6.811,4.335,0.0,1.088,42.369
2026-05-17 20:00:00,Hostel B,39.999,40.329,6.195,4.335,0.0,1.07,51.93
2026-05-17 21:00:00,Hostel B,36.417,32.197,6.424,4.335,0.0,1.027,43.983
2026-05-17 22:00:00,Hostel B,35.356,26.389,6.356,4.335,0.0,1.091,38.171
2026-05-17 23:00:00,Hostel B,31.26,14.629,6.977,4.335,0.0,1.033,26.974
2026-05-18 00:00:00,Hostel B,31.52,19.248,8.222,5.1,0.0,1.068,33.638
2026-05-18 01:00:00,Hostel B,31.627,35.151,8.623,8.082,0.0,1.116,52.972
2026-05-18 02:00:00,Hostel B,29.03,25.807,8.071,8.082,0.0,1.098,43.059
2026-05-18 03:00:00,Hostel B,27.112,20.347,8.469,8.082,0.0,1.078,37.976
2026-05-18 04:00:00,Hostel B,30.54,32.866,8.727,8.082,0.0,1.078,50.754
2026-05-18 05:00:00,Hostel B,30.754,31.85,7.378,8.082,0.0,1.02,48.33
2026-05-18 06:00:00,Hostel B,33.199,22.516,8.427,5.1,0.0,1.061,37.103
2026-05-18 07:00:00,Hostel B,32.84,20.855,7.725,0.0,0.0,1.047,29.627
2026-05-18 08:00:00,Hostel B,34.36,26.943,7.636,0.0,0.0,1.066,35.646
2026-05-18 09:00:00,Hostel B,36.698,13.572,3.648,0.0,0.0,1.12,18.34
2026-05-18 10:00:00,Hostel B,38.586,18.288,3.092,0.0,0.0,1.101,22.481
2026-05-18 11:00:00,Hostel B,38.291,17.554,3.612,0.0,0.0,1.081,22.247
2026-05-18 12:00:00,Hostel B,41.187,15.476,3.545,0.0,0.0,1.092,20.113
2026-05-18 13:00:00,Hostel B,40.674,19.639,3.586,0.0,0.0,1.095,24.32
2026-05-18 14:00:00,Hostel B,41.812,17.595,3.371,0.0,0.0,1.064,22.029
2026-05-18 15:00:00,Hostel B,42.671,14.623,3.37,0.0,0.0,1.11,19.102
2026-05-18 16:00:00,Hostel B,42.641,18.68,3.236,0.0,0.0,1.082,22.997
2026-05-18 17:00:00,Hostel B,41.514,18.233,3.235,0.0,0.0,1.096,22.563
2026-05-18 18:00:00,Hostel B,39.162,40.641,8.658,5.1,0.0,1.014,55.413
2026-05-18 19:00:00,Hostel B,37.13,34.147,7.832,5.1,0.0,1.073,48.153
2026-05-18 20:00:00,Hostel B,37.365,42.713,8.009,5.1,0.0,1.053,56.875
2026-05-18 21:00:00,Hostel B,36.971,32.233,8.919,5.1,0.0,1.019,47.27
2026-05-18 22:00:00,Hostel B,34.897,29.259,7.772,5.1,0.0,1.085,43.217
2026-05-18 23:00:00,Hostel B,33.242,27.274,8.608,5.1,0.0,1.117,42.099
2026-05-19 00:00:00,Hostel B,31.75,21.547,7.635,5.1,0.0,1.095,35.376
2026-05-19 01:00:00,Hostel B,31.113,18.11,7.185,5.1,0.0,1.021,31.416
2026-05-19 02:00:00,Hostel B,29.21,8.984,8.199,5.1,0.0,1.019,23.302
2026-05-19 03:00:00,Hostel B,30.78,15.236,7.996,5.1,0.0,1.051,29.383
2026-05-19 04:00:00,Hostel B,31.051,19.238,8.544,5.1,0.0,1.039,33.921
2026-05-19 05:00:00,Hostel B,30.449,16.243,7.147,5.1,0.0,1.016,29.506
2026-05-19 06:00:00,Hostel B,32.194,23.278,7.266,5.1,0.0,1.017,36.661
2026-05-19 07:00:00,Hostel B,31.283,15.134,8.675,0.0,0.0,1.051,24.859
2026-05-19 08:00:00,Hostel B,34.627,33.763,7.998,0.0,0.0,1.028,42.789
2026-05-19 09:00:00,Hostel B,35.867,12.444,3.312,0.0,0.0,1.034,16.79
2026-05-19 10:00:00,Hostel B,38.812,15.744,3.105,0.0,0.0,1.11,19.96
2026-05-19 11:00:00,Hostel B,38.801,18.746,3.621,0.0,0.0,1.124,23.491
2026-05-19 12:00:00,Hostel B,41.111,16.18,3.612,0.0,0.0,1.103,20.896
2026-05-19 13:00:00,Hostel B,40.805,17.579,3.32,0.0,0.0,1.039,21.938
2026-05-19 14:00:00,Hostel B,39.509,17.044,3.1,0.0,0.0,1.032,21.176
2026-05-19 15:00:00,Hostel B,41.774,18.897,3.662,0.0,0.0,1.078,23.636
2026-05-19 16:00:00,Hostel B,41.992,14.703,3.596,0.0,0.0,1.101,19.4
2026-05-19 17:00:00,Hostel B,41.347,14.359,3.323,0.0,0.0,1.086,18.769
2026-05-19 18:00:00,Hostel B,40.409,42.539,8.258,5.1,0.0,1.103,57.0
2026-05-19 19:00:00,Hostel B,38.494,45.584,7.925,5.1,0.0,1.067,59.676
2026-05-19 20:00:00,Hostel B,37.229,43.709,7.508,5.1,0.0,1.124,57.441
2026-05-19 21:00:00,Hostel B,34.874,28.991,8.356,5.1,0.0,1.101,43.549
2026-05-19 22:00:00,Hostel B,32.45,23.657,8.334,5.1,0.0,1.018,38.109
2026-05-19 23:00:00,Hostel B,32.894,22.447,8.117,5.1,0.0,1.053,36.717
2026-05-20 00:00:00,Hostel B,31.012,15.89,8.594,5.1,0.0,1.075,30.659
2026-05-20 01:00:00,Hostel B,31.884,31.898,7.947,7.268,0.0,1.038,48.15
2026-05-20 02:00:00,Hostel B,28.022,21.563,8.677,7.268,0.0,1.058,38.566
2026-05-20 03:00:00,Hostel B,30.291,28.159,7.527,7.268,0.0,1.083,44.037
2026-05-20 04:00:00,Hostel B,32.326,34.992,8.857,7.268,0.0,1.075,52.192
2026-05-20 05:00:00,Hostel B,30.621,29.801,7.506,7.268,0.0,1.109,45.685
2026-05-20 06:00:00,Hostel B,31.755,21.958,7.426,5.1,0.0,1.042,35.526
2026-05-20 07:00:00,Hostel B,33.426,22.518,8.217,0.0,0.0,1.116,31.851
2026-05-20 08:00:00,Hostel B,34.952,33.733,7.306,0.0,0.0,1.049,42.088
2026-05-20 09:00:00,Hostel B,35.591,15.072,3.063,0.0,0.0,1.116,19.251
2026-05-20 10:00:00,Hostel B,36.545,14.517,3.476,0.0,0.0,1.04,19.033
2026-05-20 11:00:00,Hostel B,39.653,18.06,3.166,0.0,0.0,1.07,22.297
2026-05-20 12:00:00,Hostel B,38.335,15.663,3.528,0.0,0.0,1.117,20.308
2026-05-20 13:00:00,Hostel B,42.028,13.886,3.054,0.0,0.0,1.044,17.984
2026-05-20 14:00:00,Hostel B,41.404,17.973,3.223,0.0,0.0,1.108,22.304
2026-05-20 15:00:00,Hostel B,42.003,17.363,3.224,0.0,0.0,1.069,21.656
2026-05-20 16:00:00,Hostel B,41.27,16.506,3.293,0.0,0.0,1.06,20.859
2026-05-20 17:00:00,Hostel B,42.627,19.089,3.242,0.0,0.0,1.087,23.418
2026-05-20 18:00:00,Hostel B,40.492,43.9,7.83,5.1,0.0,1.035,57.866
2026-05-20 19:00:00,Hostel B,38.678,39.573,7.726,5.1,0.0,1.087,53.486
2026-05-20 20:00:00,Hostel B,37.203,31.961,7.167,5.1,0.0,1.032,45.26
2026-05-20 21:00:00,Hostel B,35.852,37.794,8.241,5.1,0.0,1.092,52.227
2026-05-20 22:00:00,Hostel B,36.844,43.008,7.985,5.1,0.0,1.081,57.174
2026-05-20 23:00:00,Hostel B,31.683,20.16,7.806,5.1,0.0,1.028,34.095
2026-05-21 00:00:00,Hostel B,32.84,25.359,7.517,5.1,0.0,1.024,39.0
2026-05-21 01:00:00,Hostel B,31.372,31.999,8.731,7.339,0.0,1.081,49.15
2026-05-21 02:00:00,Hostel B,31.744,31.413,7.565,7.339,0.0,1.026,47.342
2026-05-21 03:00:00,Hostel B,30.629,31.724,8.784,7.339,0.0,1.083,48.93
2026-05-21 04:00:00,Hostel B,30.208,28.965,7.528,7.339,0.0,1.125,44.956
2026-05-21 05:00:00,Hostel B,31.824,33.829,8.874,7.339,0.0,1.026,51.068
2026-05-21 06:00:00,Hostel B,31.987,21.58,7.889,5.1,0.0,1.066,35.635
2026-05-21 07:00:00,Hostel B,33.755,26.374,8.091,0.0,0.0,1.116,35.581
2026-05-21 08:00:00,Hostel B,35.875,28.232,7.673,0.0,0.0,1.118,37.023
2026-05-21 09:00:00,Hostel B,36.093,14.871,3.63,0.0,0.0,1.016,19.517
2026-05-21 10:00:00,Hostel B,37.129,12.809,3.148,0.0,0.0,1.103,17.06
2026-05-21 11:00:00,Hostel B,38.356,15.083,3.477,0.0,0.0,1.039,19.599
2026-05-21 12:00:00,Hostel B,40.693,14.703,2.955,0.0,0.0,1.096,18.754
2026-05-21 13:00:00,Hostel B,40.318,15.79,3.351,0.0,0.0,1.052,20.193
2026-05-21 14:00:00,Hostel B,41.446,19.146,3.485,0.0,0.0,1.038,23.669
2026-05-21 15:00:00,Hostel B,41.032,14.252,3.286,0.0,0.0,1.065,18.604
2026-05-21 16:00:00,Hostel B,42.304,15.892,3.413,0.0,0.0,1.032,20.337
2026-05-21 17:00:00,Hostel B,40.444,18.267,3.505,0.0,0.0,1.06,22.832
2026-05-21 18:00:00,Hostel B,38.956,45.849,8.033,5.1,0.0,1.057,60.039
2026-05-21 19:00:00,Hostel B,37.889,43.621,7.529,5.1,0.0,1.121,57.371
2026-05-21 20:00:00,Hostel B,36.982,43.299,7.848,5.1,0.0,1.073,57.321
2026-05-21 21:00:00,Hostel B,35.52,34.47,8.444,5.1,0.0,1.091,49.105
2026-05-21 22:00:00,Hostel B,34.699,32.005,7.624,5.1,0.0,1.032,45.761
2026-05-21 23:00:00,Hostel B,32.838,22.523,8.268,5.1,0.0,1.125,37.016
2026-05-22 00:00:00,Hostel B,32.128,19.303,7.405,5.1,0.0,1.068,32.876
2026-05-22 01:00:00,Hostel B,31.254,33.363,8.801,8.201,0.0,1.021,51.385
2026-05-22 02:00:00,Hostel B,30.945,34.138,8.216,8.201,0.0,1.081,51.635
2026-05-22 03:00:00,Hostel B,28.092,23.268,7.976,8.201,0.0,1.048,40.493
2026-05-22 04:00:00,Hostel B,29.077,27.229,8.589,8.201,0.0,1.046,45.063
2026-05-22 05:00:00,Hostel B,31.359,34.773,8.563,8.201,0.0,1.048,52.584
2026-05-22 06:00:00,Hostel B,31.969,21.878,7.314,5.1,0.0,1.063,35.355
2026-05-22 07:00:00,Hostel B,33.977,23.732,7.688,0.0,0.0,1.045,32.465
2026-05-22 08:00:00,Hostel B,32.903,21.924,7.959,0.0,0.0,1.1,30.982
2026-05-22 09:00:00,Hostel B,35.525,13.57,3.19,0.0,0.0,1.033,17.792
2026-05-22 10:00:00,Hostel B,37.257,13.019,3.173,0.0,0.0,1.028,17.221
2026-05-22 11:00:00,Hostel B,39.167,19.17,3.199,0.0,0.0,1.024,23.393
2026-05-22 12:00:00,Hostel B,40.279,15.196,3.044,0.0,0.0,1.059,19.299
2026-05-22 13:00:00,Hostel B,41.665,14.304,3.028,0.0,0.0,1.025,18.357
2026-05-22 14:00:00,Hostel B,41.681,17.704,3.131,0.0,0.0,1.015,21.851
2026-05-22 15:00:00,Hostel B,43.372,14.926,2.992,0.0,0.0,1.046,18.963
2026-05-22 16:00:00,Hostel B,43.487,17.1,3.315,0.0,0.0,1.123,21.538
2026-05-22 17:00:00,Hostel B,40.078,15.252,3.053,0.0,0.0,1.014,19.318
2026-05-22 18:00:00,Hostel B,40.288,35.849,7.261,5.1,0.0,1.02,49.229
2026-05-22 19:00:00,Hostel B,39.798,44.011,8.634,5.1,0.0,1.078,58.824
2026-05-22 20:00:00,Hostel B,38.138,39.039,8.189,5.1,0.0,1.069,53.397
2026-05-22 21:00:00,Hostel B,35.592,33.339,8.744,5.1,0.0,1.024,48.207
2026-05-22 22:00:00,Hostel B,34.702,26.518,8.895,5.1,0.0,1.113,41.627
2026-05-22 23:00:00,Hostel B,31.417,18.684,8.199,5.1,0.0,1.088,33.071
2026-05-23 00:00:00,Hostel B,31.738,16.059,7.277,4.335,0.0,1.068,28.739
2026-05-23 01:00:00,Hostel B,29.344,8.101,6.311,4.335,0.0,1.074,19.82
2026-05-23 02:00:00,Hostel B,30.712,14.651,7.129,4.335,0.0,1.102,27.217
2026-05-23 03:00:00,Hostel B,28.884,8.456,6.903,4.335,0.0,1.024,20.717
2026-05-23 04:00:00,Hostel B,30.367,14.469,7.095,4.335,0.0,1.117,27.017
2026-05-23 05:00:00,Hostel B,31.123,16.351,6.228,4.335,0.0,1.025,27.939
2026-05-23 06:00:00,Hostel B,31.833,17.214,7.489,4.335,0.0,1.064,30.102
2026-05-23 07:00:00,Hostel B,32.368,15.375,6.702,0.0,0.0,1.04,23.118
2026-05-23 08:00:00,Hostel B,34.237,25.819,7.246,0.0,0.0,1.087,34.153
2026-05-23 09:00:00,Hostel B,37.181,13.483,3.118,0.0,0.0,1.107,17.708
2026-05-23 10:00:00,Hostel B,37.128,14.751,3.045,0.0,0.0,1.082,18.877
2026-05-23 11:00:00,Hostel B,39.021,14.615,2.694,0.0,0.0,1.038,18.346
2026-05-23 12:00:00,Hostel B,39.686,11.724,2.75,0.0,0.0,1.1,15.575
2026-05-23 13:00:00,Hostel B,42.217,15.805,2.904,0.0,0.0,1.119,19.828
2026-05-23 14:00:00,Hostel B,41.873,15.727,2.835,0.0,0.0,1.031,19.592
2026-05-23 15:00:00,Hostel B,41.236,12.213,2.755,0.0,0.0,1.041,16.009
2026-05-23 16:00:00,Hostel B,41.803,15.147,2.907,0.0,0.0,1.072,19.126
2026-05-23 17:00:00,Hostel B,40.955,14.355,3.067,0.0,0.0,1.096,18.518
2026-05-23 18:00:00,Hostel B,41.635,35.641,6.539,4.335,0.0,1.027,47.541
2026-05-23 19:00:00,Hostel B,38.955,39.292,6.264,4.335,0.0,1.018,50.909
2026-05-23 20:00:00,Hostel B,36.17,26.689,7.094,4.335,0.0,1.076,39.195
2026-05-23 21:00:00,Hostel B,36.499,25.03,6.964,4.335,0.0,1.102,37.43
2026-05-23 22:00:00,Hostel B,36.233,26.428,7.443,4.335,0.0,1.046,39.252
2026-05-23 23:00:00,Hostel B,34.197,27.054,7.196,4.335,0.0,1.078,39.663
2026-05-24 00:00:00,Hostel B,30.654,12.034,6.672,4.335,0.0,1.103,24.143
2026-05-24 01:00:00,Hostel B,30.535,13.859,7.03,4.335,0.0,1.016,26.24
2026-05-24 02:00:00,Hostel B,30.174,13.243,7.377,4.335,0.0,1.05,26.006
2026-05-24 03:00:00,Hostel B,29.981,12.728,6.596,4.335,0.0,1.047,24.706
2026-05-24 04:00:00,Hostel B,30.585,10.919,6.09,4.335,0.0,1.094,22.438
2026-05-24 05:00:00,Hostel B,30.46,10.615,7.019,4.335,0.0,1.087,23.057
2026-05-24 06:00:00,Hostel B,30.842,16.344,6.108,4.335,0.0,1.106,27.892
2026-05-24 07:00:00,Hostel B,33.952,23.113,7.491,0.0,0.0,1.074,31.678
2026-05-24 08:00:00,Hostel B,33.324,17.836,6.324,0.0,0.0,1.038,25.198
2026-05-24 09:00:00,Hostel B,35.198,9.082,2.733,0.0,0.0,1.061,12.876
2026-05-24 10:00:00,Hostel B,36.423,13.71,3.09,0.0,0.0,1.057,17.857
2026-05-24 11:00:00,Hostel B,39.612,16.257,2.549,0.0,0.0,1.088,19.894
2026-05-24 12:00:00,Hostel B,40.349,14.347,2.502,0.0,0.0,1.12,17.969
2026-05-24 13:00:00,Hostel B,42.08,13.58,2.564,0.0,0.0,1.064,17.208
2026-05-24 14:00:00,Hostel B,41.01,15.24,3.115,0.0,0.0,1.084,19.44
2026-05-24 15:00:00,Hostel B,40.747,11.826,3.106,0.0,0.0,1.032,15.965
2026-05-24 16:00:00,Hostel B,41.352,16.227,2.739,0.0,0.0,1.077,20.043
2026-05-24 17:00:00,Hostel B,41.014,13.0,2.963,0.0,0.0,1.094,17.057
2026-05-24 18:00:00,Hostel B,40.452,30.776,7.186,4.335,0.0,1.098,43.395
2026-05-24 19:00:00,Hostel B,37.318,30.404,6.22,4.335,0.0,1.122,42.082
2026-05-24 20:00:00,Hostel B,38.032,29.225,6.426,4.335,0.0,1.124,41.11
2026-05-24 21:00:00,Hostel B,35.106,25.191,7.418,4.335,0.0,1.07,38.014
2026-05-24 22:00:00,Hostel B,33.8,24.155,6.32,4.335,0.0,1.109,35.92
2026-05-24 23:00:00,Hostel B,34.174,23.515,6.859,4.335,0.0,1.095,35.805
2026-05-25 00:00:00,Hostel B,29.574,12.822,7.576,5.1,0.0,1.072,26.57
2026-05-25 01:00:00,Hostel B,31.126,33.0,8.135,7.504,0.0,1.016,49.655
2026-05-25 02:00:00,Hostel B,30.523,32.159,7.491,7.504,0.0,1.122,48.276
2026-05-25 03:00:00,Hostel B,29.181,28.24,7.525,7.504,0.0,1.121,44.391
2026-05-25 04:00:00,Hostel B,29.757,30.444,7.224,7.504,0.0,1.071,46.242
2026-05-25 05:00:00,Hostel B,32.025,35.538,8.907,7.504,0.0,1.051,53.001
2026-05-25 06:00:00,Hostel B,33.72,28.986,7.342,5.1,0.0,1.025,42.453
2026-05-25 07:00:00,Hostel B,34.065,23.363,7.882,0.0,0.0,1.019,32.263
2026-05-25 08:00:00,Hostel B,36.333,30.033,7.885,0.0,0.0,1.103,39.021
2026-05-25 09:00:00,Hostel B,35.309,11.834,3.163,0.0,0.0,1.059,16.056
2026-05-25 10:00:00,Hostel B,35.973,14.665,3.524,0.0,0.0,1.076,19.264
2026-05-25 11:00:00,Hostel B,38.947,14.237,3.188,0.0,0.0,1.046,18.471
2026-05-25 12:00:00,Hostel B,41.047,13.827,3.4,0.0,0.0,1.082,18.308
2026-05-25 13:00:00,Hostel B,39.341,16.57,3.339,0.0,0.0,1.098,21.007
2026-05-25 14:00:00,Hostel B,40.869,15.829,3.575,0.0,0.0,1.113,20.517
2026-05-25 15:00:00,Hostel B,41.185,14.707,3.542,0.0,0.0,1.068,19.318
2026-05-25 16:00:00,Hostel B,42.152,17.655,3.1,0.0,0.0,1.046,21.802
2026-05-25 17:00:00,Hostel B,41.424,17.57,3.491,0.0,0.0,1.021,22.082
2026-05-25 18:00:00,Hostel B,39.467,35.217,8.555,5.1,0.0,1.109,49.98
2026-05-25 19:00:00,Hostel B,39.18,36.765,8.781,5.1,0.0,1.109,51.754
2026-05-25 20:00:00,Hostel B,36.408,33.57,8.859,5.1,0.0,1.052,48.581
2026-05-25 21:00:00,Hostel B,35.574,38.031,8.455,5.1,0.0,1.036,52.622
2026-05-25 22:00:00,Hostel B,33.182,26.63,7.943,5.1,0.0,1.088,40.762
2026-05-25 23:00:00,Hostel B,32.85,21.865,7.663,5.1,0.0,1.098,35.726
2026-05-26 00:00:00,Hostel B,30.957,19.545,8.683,5.1,0.0,1.094,34.422
2026-05-26 01:00:00,Hostel B,31.494,30.7,8.774,8.625,0.0,1.021,49.12
2026-05-26 02:00:00,Hostel B,30.178,25.942,7.314,8.625,0.0,1.123,43.004
2026-05-26 03:00:00,Hostel B,29.773,27.171,8.129,8.625,0.0,1.074,45.0
2026-05-26 04:00:00,Hostel B,31.973,34.302,7.371,8.625,0.0,1.081,51.379
2026-05-26 05:00:00,Hostel B,31.187,30.253,7.589,8.625,0.0,1.018,47.484
2026-05-26 06:00:00,Hostel B,31.389,18.9,7.824,5.1,0.0,1.014,32.838
2026-05-26 07:00:00,Hostel B,32.416,25.356,7.695,0.0,0.0,1.027,34.078
2026-05-26 08:00:00,Hostel B,33.266,21.593,8.418,0.0,0.0,1.056,31.068
2026-05-26 09:00:00,Hostel B,35.934,13.106,2.998,0.0,0.0,1.119,17.223
2026-05-26 10:00:00,Hostel B,37.861,16.079,3.391,0.0,0.0,1.094,20.564
2026-05-26 11:00:00,Hostel B,37.086,18.104,3.367,0.0,0.0,1.125,22.596
2026-05-26 12:00:00,Hostel B,38.879,14.279,3.519,0.0,0.0,1.089,18.886
2026-05-26 13:00:00,Hostel B,40.68,14.441,3.011,0.0,0.0,1.024,18.475
2026-05-26 14:00:00,Hostel B,40.697,16.353,3.184,0.0,0.0,1.091,20.628
2026-05-26 15:00:00,Hostel B,42.043,14.781,3.452,0.0,0.0,1.085,19.318
2026-05-26 16:00:00,Hostel B,41.978,17.826,3.463,0.0,0.0,1.112,22.401
2026-05-26 17:00:00,Hostel B,41.074,15.912,3.27,0.0,0.0,1.074,20.256
2026-05-26 18:00:00,Hostel B,40.793,45.607,7.964,5.1,0.0,1.04,59.711
2026-05-26 19:00:00,Hostel B,38.415,44.207,8.862,5.1,0.0,1.095,59.264
2026-05-26 20:00:00,Hostel B,37.507,38.569,7.722,5.1,0.0,1.097,52.489
2026-05-26 21:00:00,Hostel B,34.997,34.179,7.408,5.1,0.0,1.07,47.757
2026-05-26 22:00:00,Hostel B,34.732,25.406,8.841,5.1,0.0,1.023,40.37
2026-05-26 23:00:00,Hostel B,33.076,24.65,8.585,5.1,0.0,1.059,39.394
2026-05-27 00:00:00,Hostel B,30.559,16.012,7.563,5.1,0.0,1.107,29.782
2026-05-27 01:00:00,Hostel B,30.649,27.833,8.67,8.243,0.0,1.047,45.793
2026-05-27 02:00:00,Hostel B,30.167,25.369,7.59,8.243,0.0,1.095,42.297
2026-05-27 03:00:00,Hostel B,30.281,28.179,8.617,8.243,0.0,1.041,46.08
2026-05-27 04:00:00,Hostel B,30.523,28.891,8.262,8.243,0.0,1.049,46.445
2026-05-27 05:00:00,Hostel B,30.083,28.077,8.001,8.243,0.0,1.05,45.372
2026-05-27 06:00:00,Hostel B,32.521,19.847,8.797,5.1,0.0,1.028,34.772
2026-05-27 07:00:00,Hostel B,33.523,22.598,8.585,0.0,0.0,1.052,32.234
2026-05-27 08:00:00,Hostel B,33.723,30.566,7.372,0.0,0.0,1.094,39.031
2026-05-27 09:00:00,Hostel B,34.857,10.668,3.459,0.0,0.0,1.058,15.184
2026-05-27 10:00:00,Hostel B,36.905,17.887,3.52,0.0,0.0,1.046,22.454
2026-05-27 11:00:00,Hostel B,37.528,17.325,3.338,0.0,0.0,1.091,21.754
2026-05-27 12:00:00,Hostel B,40.451,17.498,3.143,0.0,0.0,1.07,21.712
2026-05-27 13:00:00,Hostel B,42.38,15.788,3.112,0.0,0.0,1.062,19.962
2026-05-27 14:00:00,Hostel B,43.217,18.907,3.656,0.0,0.0,1.102,23.665
2026-05-27 15:00:00,Hostel B,40.911,19.156,3.261,0.0,0.0,1.055,23.473
2026-05-27 16:00:00,Hostel B,42.582,18.045,3.321,0.0,0.0,1.074,22.44
2026-05-27 17:00:00,Hostel B,41.281,17.974,3.38,0.0,0.0,1.016,22.37
2026-05-27 18:00:00,Hostel B,37.847,40.025,7.32,5.1,0.0,1.051,53.495
2026-05-27 19:00:00,Hostel B,38.668,34.585,7.285,5.1,0.0,1.039,48.009
2026-05-27 20:00:00,Hostel B,37.109,44.25,7.494,5.1,0.0,1.112,57.956
2026-05-27 21:00:00,Hostel B,37.211,31.476,7.257,5.1,0.0,1.015,44.848
2026-05-27 22:00:00,Hostel B,33.576,25.617,8.744,5.1,0.0,1.091,40.552
2026-05-27 23:00:00,Hostel B,33.563,24.413,7.404,5.1,0.0,1.098,38.015
2026-05-28 00:00:00,Hostel B,31.65,21.001,7.544,5.1,0.0,1.05,34.695
2026-05-28 01:00:00,Hostel B,29.358,12.319,8.099,5.1,0.0,1.041,26.56
2026-05-28 02:00:00,Hostel B,29.652,12.928,8.74,5.1,0.0,1.031,27.799
2026-05-28 03:00:00,Hostel B,31.532,15.922,7.228,5.1,0.0,1.044,29.293
2026-05-28 04:00:00,Hostel B,30.031,12.384,7.526,5.1,0.0,1.115,26.125
2026-05-28 05:00:00,Hostel B,31.71,16.567,8.42,5.1,0.0,1.017,31.105
2026-05-28 06:00:00,Hostel B,32.608,26.164,8.067,5.1,0.0,1.064,40.395
2026-05-28 07:00:00,Hostel B,32.552,19.274,8.201,0.0,0.0,1.042,28.517
2026-05-28 08:00:00,Hostel B,33.164,28.262,7.17,0.0,0.0,1.091,36.523
2026-05-28 09:00:00,Hostel B,34.848,10.652,3.577,0.0,0.0,1.05,15.28
2026-05-28 10:00:00,Hostel B,39.005,18.874,3.365,0.0,0.0,1.051,23.291
2026-05-28 11:00:00,Hostel B,39.152,17.175,3.553,0.0,0.0,1.019,21.747
2026-05-28 12:00:00,Hostel B,38.509,18.694,3.648,0.0,0.0,1.115,23.457
2026-05-28 13:00:00,Hostel B,42.03,17.526,3.478,0.0,0.0,1.071,22.075
2026-05-28 14:00:00,Hostel B,40.009,18.322,2.963,0.0,0.0,1.02,22.305
2026-05-28 15:00:00,Hostel B,41.174,18.098,3.463,0.0,0.0,1.097,22.658
2026-05-28 16:00:00,Hostel B,41.877,15.318,3.354,0.0,0.0,1.1,19.772
2026-05-28 17:00:00,Hostel B,43.717,19.304,3.016,0.0,0.0,1.064,23.384
2026-05-28 18:00:00,Hostel B,41.059,42.701,7.623,5.1,0.0,1.123,56.546
2026-05-28 19:00:00,Hostel B,38.518,36.367,7.441,5.1,0.0,1.038,49.947
2026-05-28 20:00:00,Hostel B,37.581,36.537,8.791,5.1,0.0,1.107,51.536
2026-05-28 21:00:00,Hostel B,36.92,37.413,8.56,5.1,0.0,1.108,52.181
2026-05-28 22:00:00,Hostel B,35.869,37.928,8.391,5.1,0.0,1.071,52.49
2026-05-28 23:00:00,Hostel B,32.752,25.263,8.503,5.1,0.0,1.073,39.939
2026-05-29 00:00:00,Hostel B,31.539,17.448,8.213,5.1,0.0,1.025,31.786
2026-05-29 01:00:00,Hostel B,29.974,14.353,8.667,5.1,0.0,1.027,29.148
2026-05-29 02:00:00,Hostel B,30.87,13.591,7.548,5.1,0.0,1.06,27.299
2026-05-29 03:00:00,Hostel B,31.026,16.016,7.587,5.1,0.0,1.116,29.819
2026-05-29 04:00:00,Hostel B,28.266,8.593,8.196,5.1,0.0,1.037,22.926
2026-05-29 05:00:00,Hostel B,30.407,13.088,8.586,5.1,0.0,1.066,27.84
2026-05-29 06:00:00,Hostel B,30.544,14.593,8.632,5.1,0.0,1.02,29.344
2026-05-29 07:00:00,Hostel B,33.151,19.953,8.883,0.0,0.0,1.046,29.882
2026-05-29 08:00:00,Hostel B,33.209,20.306,8.501,0.0,0.0,1.054,29.861
2026-05-29 09:00:00,Hostel B,34.68,10.592,3.111,0.0,0.0,1.121,14.824
2026-05-29 10:00:00,Hostel B,38.676,14.383,3.11,0.0,0.0,1.034,18.527
2026-05-29 11:00:00,Hostel B,38.834,16.674,3.268,0.0,0.0,1.024,20.965
2026-05-29 12:00:00,Hostel B,40.183,19.097,3.418,0.0,0.0,1.019,23.533
2026-05-29 13:00:00,Hostel B,41.628,14.281,3.317,0.0,0.0,1.071,18.669
2026-05-29 14:00:00,Hostel B,42.766,18.919,2.99,0.0,0.0,1.071,22.979
2026-05-29 15:00:00,Hostel B,41.581,17.728,3.294,0.0,0.0,1.035,22.056
2026-05-29 16:00:00,Hostel B,41.399,14.779,3.541,0.0,0.0,1.04,19.36
2026-05-29 17:00:00,Hostel B,40.804,15.493,3.117,0.0,0.0,1.048,19.658
2026-05-29 18:00:00,Hostel B,41.324,36.254,8.274,5.1,0.0,1.014,50.641
2026-05-29 19:00:00,Hostel B,38.932,44.79,7.621,5.1,0.0,1.104,58.616
2026-05-29 20:00:00,Hostel B,37.262,41.171,8.132,5.1,0.0,1.099,55.502
2026-05-29 21:00:00,Hostel B,36.391,32.762,8.391,5.1,0.0,1.049,47.302
2026-05-29 22:00:00,Hostel B,36.278,29.334,7.51,5.1,0.0,1.077,43.021
2026-05-29 23:00:00,Hostel B,33.074,21.157,8.46,5.1,0.0,1.049,35.767
2026-05-30 00:00:00,Hostel B,31.488,16.522,7.095,4.335,0.0,1.016,28.968
2026-05-30 01:00:00,Hostel B,32.747,28.67,6.544,7.703,0.0,1.079,43.995
2026-05-30 02:00:00,Hostel B,31.534,28.192,7.427,7.703,0.0,1.094,44.416
2026-05-30 03:00:00,Hostel B,31.185,27.576,7.253,7.703,0.0,1.05,43.582
2026-05-30 04:00:00,Hostel B,29.704,23.424,6.86,7.703,0.0,1.04,39.027
2026-05-30 05:00:00,Hostel B,30.204,22.558,6.194,7.703,0.0,1.042,37.497
2026-05-30 06:00:00,Hostel B,29.923,11.133,6.738,4.335,17.93,1.052,41.187
2026-05-30 07:00:00,Hostel B,33.965,22.632,6.569,0.0,0.0,1.065,30.267
2026-05-30 08:00:00,Hostel B,34.524,27.442,6.467,0.0,0.0,1.097,35.007
2026-05-30 09:00:00,Hostel B,34.199,9.612,2.901,0.0,0.0,1.035,13.547
2026-05-30 10:00:00,Hostel B,38.755,13.756,3.075,0.0,0.0,1.092,17.923
2026-05-30 11:00:00,Hostel B,38.663,12.334,2.591,0.0,0.0,1.121,16.045
2026-05-30 12:00:00,Hostel B,40.029,15.2,2.962,0.0,0.0,1.033,19.196
2026-05-30 13:00:00,Hostel B,39.683,14.826,2.887,0.0,0.0,1.07,18.783
2026-05-30 14:00:00,Hostel B,42.288,15.313,2.916,0.0,0.0,1.053,19.282
2026-05-30 15:00:00,Hostel B,42.502,15.009,3.027,0.0,0.0,1.08,19.116
2026-05-30 16:00:00,Hostel B,41.748,16.108,2.734,0.0,0.0,1.112,19.953
2026-05-30 17:00:00,Hostel B,40.778,16.119,2.861,0.0,0.0,1.112,20.092
2026-05-30 18:00:00,Hostel B,42.869,32.2,6.489,4.335,0.0,1.062,44.086
2026-05-30 19:00:00,Hostel B,37.797,30.153,6.5,4.335,0.0,1.098,42.086
2026-05-30 20:00:00,Hostel B,36.831,35.874,6.848,4.335,0.0,1.07,48.127
2026-05-30 21:00:00,Hostel B,36.708,33.144,6.08,4.335,0.0,1.099,44.658
2026-05-30 22:00:00,Hostel B,33.433,24.953,6.445,4.335,0.0,1.112,36.846
2026-05-30 23:00:00,Hostel B,31.912,17.0,6.299,4.335,0.0,1.093,28.727
2026-05-31 00:00:00,Hostel B,32.889,23.066,6.251,4.335,0.0,1.019,34.672
2026-05-31 01:00:00,Hostel B,31.409,13.498,6.653,4.335,0.0,1.04,25.525
2026-05-31 02:00:00,Hostel B,30.689,13.928,6.227,4.335,0.0,1.101,25.591
2026-05-31 03:00:00,Hostel B,30.182,12.024,6.303,4.335,0.0,1.015,23.677
2026-05-31 04:00:00,Hostel B,29.512,8.336,7.084,4.335,0.0,1.071,20.825
2026-05-31 05:00:00,Hostel B,30.551,11.681,7.057,4.335,0.0,1.081,24.155
2026-05-31 06:00:00,Hostel B,31.678,14.347,7.503,4.335,0.0,1.105,27.29
2026-05-31 07:00:00,Hostel B,33.846,19.086,7.465,0.0,0.0,1.103,27.654
2026-05-31 08:00:00,Hostel B,34.873,29.583,7.395,0.0,0.0,1.021,37.998
2026-05-31 09:00:00,Hostel B,35.072,12.52,2.931,0.0,0.0,1.089,16.54
2026-05-31 10:00:00,Hostel B,38.342,16.191,2.666,0.0,0.0,1.101,19.958
2026-05-31 11:00:00,Hostel B,37.321,15.736,2.61,0.0,0.0,1.024,19.37
2026-05-31 12:00:00,Hostel B,39.922,15.884,3.092,0.0,0.0,1.067,20.044
2026-05-31 13:00:00,Hostel B,40.054,16.394,3.099,0.0,0.0,1.086,20.578
2026-05-31 14:00:00,Hostel B,40.938,12.706,2.814,0.0,0.0,1.051,16.571
2026-05-31 15:00:00,Hostel B,43.927,13.004,2.842,0.0,0.0,1.054,16.9
2026-05-31 16:00:00,Hostel B,40.325,16.042,2.502,0.0,0.0,1.024,19.568
2026-05-31 17:00:00,Hostel B,40.377,14.121,2.592,0.0,0.0,1.1,17.813
2026-05-31 18:00:00,Hostel B,40.753,37.19,6.897,4.335,0.0,1.039,49.461
2026-05-31 19:00:00,Hostel B,38.53,35.299,6.345,4.335,0.0,1.061,47.041
2026-05-31 20:00:00,Hostel B,37.708,31.393,6.795,4.335,0.0,1.071,43.594
2026-05-31 21:00:00,Hostel B,37.43,30.404,7.275,4.335,0.0,1.022,43.036
2026-05-31 22:00:00,Hostel B,35.102,28.496,7.284,4.335,0.0,1.061,41.176
2026-05-31 23:00:00,Hostel B,32.531,19.015,7.376,4.335,0.0,1.03,31.756
2026-06-01 00:00:00,Hostel B,34.624,27.756,7.561,5.1,0.0,1.039,41.456
2026-06-01 01:00:00,Hostel B,34.334,44.812,7.911,7.575,0.0,1.053,61.351
2026-06-01 02:00:00,Hostel B,33.839,41.22,8.259,7.575,0.0,1.068,58.121
2026-06-01 03:00:00,Hostel B,33.021,38.988,8.177,7.575,0.0,1.061,55.802
2026-06-01 04:00:00,Hostel B,33.565,42.649,8.923,7.575,0.0,1.021,60.169
2026-06-01 05:00:00,Hostel B,34.165,42.664,7.633,7.575,0.0,1.052,58.924
2026-06-01 06:00:00,Hostel B,34.665,34.007,7.267,5.1,0.0,1.017,47.391
2026-06-01 07:00:00,Hostel B,35.395,31.651,7.832,0.0,0.0,1.041,40.524
2026-06-01 08:00:00,Hostel B,38.19,47.265,8.065,0.0,0.0,1.022,56.352
2026-06-01 09:00:00,Hostel B,39.292,18.788,3.225,0.0,0.0,1.031,23.044
2026-06-01 10:00:00,Hostel B,38.472,19.043,3.175,0.0,0.0,1.069,23.287
2026-06-01 11:00:00,Hostel B,41.174,18.289,3.129,0.0,0.0,1.117,22.535
2026-06-01 12:00:00,Hostel B,42.762,17.352,3.254,0.0,0.0,1.034,21.64
2026-06-01 13:00:00,Hostel B,43.995,16.927,3.447,0.0,0.0,1.095,21.469
2026-06-01 14:00:00,Hostel B,45.999,17.039,3.049,0.0,0.0,1.017,21.106
2026-06-01 15:00:00,Hostel B,48.202,14.971,3.576,0.0,0.0,1.05,19.598
2026-06-01 16:00:00,Hostel B,42.337,15.048,3.411,0.0,0.0,1.058,19.516
2026-06-01 17:00:00,Hostel B,44.501,13.983,3.019,0.0,0.0,1.025,18.027
2026-06-01 18:00:00,Hostel B,43.312,44.163,7.182,5.1,0.0,1.084,57.529
2026-06-01 19:00:00,Hostel B,41.82,35.26,7.232,5.1,0.0,1.029,48.62
2026-06-01 20:00:00,Hostel B,41.096,41.819,7.301,5.1,0.0,1.103,55.323
2026-06-01 21:00:00,Hostel B,39.15,35.447,8.289,5.1,0.0,1.079,49.915
2026-06-01 22:00:00,Hostel B,37.086,31.8,8.819,5.1,0.0,1.096,46.816
2026-06-01 23:00:00,Hostel B,36.029,34.369,7.378,5.1,0.0,1.031,47.878
2026-06-02 00:00:00,Hostel B,35.314,35.697,7.648,5.1,0.0,1.048,49.493
2026-06-02 01:00:00,Hostel B,34.265,39.101,8.686,8.689,0.0,1.092,57.568
2026-06-02 02:00:00,Hostel B,33.393,41.275,8.043,8.689,0.0,1.064,59.07
2026-06-02 03:00:00,Hostel B,32.417,30.507,7.902,8.689,0.0,1.084,48.182
2026-06-02 04:00:00,Hostel B,36.024,46.068,7.985,8.689,0.0,1.059,63.801
2026-06-02 05:00:00,Hostel B,34.163,36.732,7.32,8.689,0.0,1.088,53.83
2026-06-02 06:00:00,Hostel B,35.52,30.145,7.532,5.1,0.0,1.085,43.861
2026-06-02 07:00:00,Hostel B,35.492,26.744,8.857,0.0,0.0,1.046,36.647
2026-06-02 08:00:00,Hostel B,37.637,32.947,8.289,0.0,0.0,1.112,42.347
2026-06-02 09:00:00,Hostel B,39.182,17.991,3.15,0.0,0.0,1.095,22.237
2026-06-02 10:00:00,Hostel B,38.641,17.647,3.636,0.0,0.0,1.02,22.303
2026-06-02 11:00:00,Hostel B,41.283,15.012,3.232,0.0,0.0,1.017,19.261
2026-06-02 12:00:00,Hostel B,42.507,19.104,3.044,0.0,0.0,1.093,23.24
2026-06-02 13:00:00,Hostel B,43.596,17.845,3.65,0.0,0.0,1.084,22.578
2026-06-02 14:00:00,Hostel B,43.726,15.767,3.429,0.0,0.0,1.117,20.313
2026-06-02 15:00:00,Hostel B,45.044,16.189,3.493,0.0,0.0,1.088,20.771
2026-06-02 16:00:00,Hostel B,46.193,15.509,2.957,0.0,0.0,1.036,19.502
2026-06-02 17:00:00,Hostel B,44.327,18.687,3.148,0.0,0.0,1.017,22.852
2026-06-02 18:00:00,Hostel B,42.061,40.554,8.828,5.1,0.0,1.072,55.554
2026-06-02 19:00:00,Hostel B,40.969,35.41,7.418,5.1,0.0,1.068,48.996
2026-06-02 20:00:00,Hostel B,40.176,36.362,8.699,5.1,0.0,1.118,51.279
2026-06-02 21:00:00,Hostel B,37.584,36.416,8.515,5.1,0.0,1.092,51.124
2026-06-02 22:00:00,Hostel B,37.752,38.439,7.816,5.1,0.0,1.114,52.468
2026-06-02 23:00:00,Hostel B,37.353,39.707,8.723,5.1,0.0,1.098,54.627
2026-06-03 00:00:00,Hostel B,34.181,32.248,8.787,5.1,0.0,1.087,47.221
2026-06-03 01:00:00,Hostel B,33.88,24.445,8.687,5.1,0.0,1.076,39.308
2026-06-03 02:00:00,Hostel B,32.775,21.557,7.867,5.1,0.0,1.078,35.602
2026-06-03 03:00:00,Hostel B,32.37,17.95,8.188,5.1,0.0,1.07,32.307
2026-06-03 04:00:00,Hostel B,33.394,23.915,7.686,5.1,0.0,1.107,37.808
2026-06-03 05:00:00,Hostel B,33.141,25.677,7.372,5.1,0.0,1.039,39.188
2026-06-03 06:00:00,Hostel B,33.949,31.321,8.75,5.1,0.0,1.115,46.286
2026-06-03 07:00:00,Hostel B,34.381,30.789,8.891,0.0,0.0,1.075,40.756
2026-06-03 08:00:00,Hostel B,37.512,33.73,7.245,0.0,0.0,1.062,42.037
2026-06-03 09:00:00,Hostel B,40.067,19.038,3.445,0.0,0.0,1.036,23.52
2026-06-03 10:00:00,Hostel B,41.26,18.735,3.638,0.0,0.0,1.044,23.416
2026-06-03 11:00:00,Hostel B,43.492,14.898,3.387,0.0,0.0,1.078,19.363
2026-06-03 12:00:00,Hostel B,42.568,19.3,2.975,0.0,0.0,1.03,23.304
2026-06-03 13:00:00,Hostel B,45.047,17.999,2.951,0.0,0.0,1.013,21.963
2026-06-03 14:00:00,Hostel B,43.693,18.405,3.311,0.0,0.0,1.042,22.757
2026-06-03 15:00:00,Hostel B,45.709,16.493,3.631,0.0,0.0,1.047,21.171
2026-06-03 16:00:00,Hostel B,46.44,14.967,3.145,0.0,0.0,1.118,19.23
2026-06-03 17:00:00,Hostel B,44.695,18.501,3.197,0.0,0.0,1.078,22.776
2026-06-03 18:00:00,Hostel B,44.904,40.317,8.561,5.1,0.0,1.058,55.036
2026-06-03 19:00:00,Hostel B,41.401,47.345,8.571,5.1,0.0,1.123,62.139
2026-06-03 20:00:00,Hostel B,40.419,35.668,8.824,5.1,0.0,1.054,50.646
2026-06-03 21:00:00,Hostel B,38.084,38.567,8.637,5.1,0.0,1.12,53.424
2026-06-03 22:00:00,Hostel B,37.482,42.119,8.2,5.1,0.0,1.118,56.537
2026-06-03 23:00:00,Hostel B,36.27,35.668,8.816,5.1,0.0,1.09,50.674
2026-06-04 00:00:00,Hostel B,34.783,29.046,8.237,5.1,0.0,1.072,43.455
2026-06-04 01:00:00,Hostel B,33.33,41.946,8.214,7.912,0.0,1.105,59.177
2026-06-04 02:00:00,Hostel B,32.714,39.967,7.168,7.912,0.0,1.049,56.095
2026-06-04 03:00:00,Hostel B,33.345,40.911,7.953,7.912,0.0,1.054,57.83
2026-06-04 04:00:00,Hostel B,33.045,37.693,7.217,7.912,0.0,1.036,53.857
2026-06-04 05:00:00,Hostel B,32.652,38.829,8.744,7.912,0.0,1.041,56.527
2026-06-04 06:00:00,Hostel B,32.86,23.604,7.159,5.1,0.0,1.028,36.891
2026-06-04 07:00:00,Hostel B,35.405,35.196,7.688,0.0,0.0,1.108,43.993
2026-06-04 08:00:00,Hostel B,36.065,35.933,8.916,0.0,0.0,1.013,45.862
2026-06-04 09:00:00,Hostel B,38.164,16.715,3.524,0.0,0.0,1.06,21.3
2026-06-04 10:00:00,Hostel B,40.13,13.892,3.497,0.0,0.0,1.053,18.442
2026-06-04 11:00:00,Hostel B,41.854,14.767,3.464,0.0,0.0,1.056,19.287
2026-06-04 12:00:00,Hostel B,42.577,15.769,2.978,0.0,0.0,1.107,19.854
2026-06-04 13:00:00,Hostel B,46.387,17.333,3.152,0.0,0.0,1.105,21.59
2026-06-04 14:00:00,Hostel B,43.534,18.461,3.527,0.0,0.0,1.087,23.075
2026-06-04 15:00:00,Hostel B,46.209,19.451,3.598,0.0,0.0,1.09,24.139
2026-06-04 16:00:00,Hostel B,44.633,17.324,3.197,0.0,0.0,1.103,21.624
2026-06-04 17:00:00,Hostel B,43.539,18.086,3.131,0.0,0.0,1.056,22.272
2026-06-04 18:00:00,Hostel B,43.83,42.383,7.561,5.1,0.0,1.063,56.107
2026-06-04 19:00:00,Hostel B,41.547,39.641,8.118,5.1,0.0,1.04,53.899
2026-06-04 20:00:00,Hostel B,39.746,42.214,7.66,5.1,0.0,1.039,56.013
2026-06-04 21:00:00,Hostel B,40.79,39.216,7.178,5.1,0.0,1.118,52.612
2026-06-04 22:00:00,Hostel B,35.253,30.823,7.837,5.1,0.0,1.098,44.859
2026-06-04 23:00:00,Hostel B,35.755,37.83,8.128,5.1,0.0,1.063,52.122
2026-06-05 00:00:00,Hostel B,34.947,30.985,8.272,5.1,0.0,1.017,45.374
2026-06-05 01:00:00,Hostel B,35.212,43.121,7.752,7.208,0.0,1.096,59.177
2026-06-05 02:00:00,Hostel B,32.806,39.566,7.7,7.208,0.0,1.119,55.593
2026-06-05 03:00:00,Hostel B,35.661,54.276,7.647,7.208,0.0,1.117,70.247
2026-06-05 04:00:00,Hostel B,33.964,39.486,8.253,7.208,0.0,1.093,56.039
2026-06-05 05:00:00,Hostel B,31.437,37.797,7.646,7.208,0.0,1.085,53.736
2026-06-05 06:00:00,Hostel B,33.304,28.993,8.777,5.1,0.0,1.026,43.895
2026-06-05 07:00:00,Hostel B,36.237,35.413,7.643,0.0,0.0,1.022,44.077
2026-06-05 08:00:00,Hostel B,36.303,32.83,8.552,0.0,0.0,1.042,42.425
2026-06-05 09:00:00,Hostel B,39.548,13.832,3.175,0.0,0.0,1.076,18.083
2026-06-05 10:00:00,Hostel B,40.099,13.873,3.407,0.0,0.0,1.115,18.395
2026-06-05 11:00:00,Hostel B,40.804,16.073,3.454,0.0,0.0,1.11,20.638
2026-06-05 12:00:00,Hostel B,42.278,18.406,3.068,0.0,0.0,1.047,22.521
2026-06-05 13:00:00,Hostel B,45.048,19.347,3.219,0.0,0.0,1.054,23.62
2026-06-05 14:00:00,Hostel B,42.773,14.695,3.034,0.0,0.0,1.047,18.777
2026-06-05 15:00:00,Hostel B,46.045,16.662,3.315,0.0,0.0,1.072,21.05
2026-06-05 16:00:00,Hostel B,45.87,16.745,3.608,0.0,0.0,1.104,21.456
2026-06-05 17:00:00,Hostel B,43.865,16.027,3.378,0.0,0.0,1.101,20.506
2026-06-05 18:00:00,Hostel B,41.838,41.214,8.392,5.1,0.0,1.112,55.818
2026-06-05 19:00:00,Hostel B,42.556,46.737,7.645,5.1,0.0,1.071,60.553
2026-06-05 20:00:00,Hostel B,40.067,39.759,7.976,5.1,0.0,1.087,53.921
2026-06-05 21:00:00,Hostel B,37.485,33.923,8.462,5.1,0.0,1.12,48.606
2026-06-05 22:00:00,Hostel B,39.356,43.014,7.374,5.1,0.0,1.088,56.577
2026-06-05 23:00:00,Hostel B,35.116,25.766,7.357,5.1,0.0,1.031,39.254
2026-06-06 00:00:00,Hostel B,33.285,24.23,6.41,4.335,0.0,1.049,36.023
2026-06-06 01:00:00,Hostel B,34.089,26.901,6.428,4.335,0.0,1.021,38.685
2026-06-06 02:00:00,Hostel B,33.137,17.587,7.529,4.335,0.0,1.025,30.476
2026-06-06 03:00:00,Hostel B,34.486,24.868,6.31,4.335,0.0,1.068,36.581
2026-06-06 04:00:00,Hostel B,32.824,21.706,6.229,4.335,0.0,1.096,33.365
2026-06-06 05:00:00,Hostel B,33.434,21.132,6.278,4.335,0.0,1.034,32.779
2026-06-06 06:00:00,Hostel B,35.093,25.979,6.377,4.335,0.0,1.049,37.739
2026-06-06 07:00:00,Hostel B,36.2,34.234,6.628,0.0,0.0,1.05,41.913
2026-06-06 08:00:00,Hostel B,37.677,30.418,6.368,0.0,0.0,1.107,37.893
2026-06-06 09:00:00,Hostel B,39.272,14.356,2.554,0.0,0.0,1.033,17.943
2026-06-06 10:00:00,Hostel B,40.718,12.291,2.584,0.0,0.0,1.016,15.892
2026-06-06 11:00:00,Hostel B,41.584,13.232,2.992,0.0,0.0,1.083,17.307
2026-06-06 12:00:00,Hostel B,44.075,15.986,2.824,0.0,0.0,1.072,19.882
2026-06-06 13:00:00,Hostel B,43.836,15.311,2.965,0.0,0.0,1.013,19.289
2026-06-06 14:00:00,Hostel B,45.6,14.787,2.609,0.0,0.0,1.099,18.494
2026-06-06 15:00:00,Hostel B,46.388,12.286,2.69,0.0,0.0,1.06,16.036
2026-06-06 16:00:00,Hostel B,44.118,15.985,3.113,0.0,0.0,1.074,20.172
2026-06-06 17:00:00,Hostel B,46.601,13.211,2.553,0.0,0.0,1.088,16.851
2026-06-06 18:00:00,Hostel B,42.53,34.971,6.735,4.335,0.0,1.018,47.059
2026-06-06 19:00:00,Hostel B,41.295,31.295,6.518,4.335,0.0,1.032,43.18
2026-06-06 20:00:00,Hostel B,41.093,34.797,6.08,4.335,0.0,1.065,46.277
2026-06-06 21:00:00,Hostel B,39.442,35.302,6.907,4.335,0.0,1.032,47.576
2026-06-06 22:00:00,Hostel B,37.519,31.293,6.903,4.335,0.0,1.026,43.557
2026-06-06 23:00:00,Hostel B,36.818,31.208,6.555,4.335,0.0,1.049,43.147
2026-06-07 00:00:00,Hostel B,35.01,25.077,6.786,4.335,0.0,1.06,37.258
2026-06-07 01:00:00,Hostel B,35.87,30.392,6.664,4.335,0.0,1.108,42.499
2026-06-07 02:00:00,Hostel B,33.151,20.905,6.773,4.335,0.0,1.079,33.093
2026-06-07 03:00:00,Hostel B,32.146,20.052,7.356,4.335,0.0,1.117,32.86
2026-06-07 04:00:00,Hostel B,32.653,16.107,7.152,4.335,0.0,1.064,28.658
2026-06-07 05:00:00,Hostel B,34.275,19.842,6.494,4.335,0.0,1.066,31.737
2026-06-07 06:00:00,Hostel B,35.243,23.684,6.432,4.335,0.0,1.048,35.499
2026-06-07 07:00:00,Hostel B,36.206,25.426,7.169,0.0,0.0,1.022,33.617
2026-06-07 08:00:00,Hostel B,36.598,30.786,6.41,0.0,0.0,1.032,38.228
2026-06-07 09:00:00,Hostel B,40.109,12.719,3.066,0.0,0.0,1.02,16.805
2026-06-07 10:00:00,Hostel B,42.49,11.795,3.019,0.0,0.0,1.092,15.906
2026-06-07 11:00:00,Hostel B,42.029,13.133,2.657,0.0,0.0,1.052,16.841
2026-06-07 12:00:00,Hostel B,45.053,14.27,3.0,0.0,0.0,1.016,18.286
2026-06-07 13:00:00,Hostel B,45.062,15.3,2.619,0.0,0.0,1.097,19.016
2026-06-07 14:00:00,Hostel B,47.014,13.915,2.515,0.0,0.0,1.041,17.471
2026-06-07 15:00:00,Hostel B,45.473,16.547,3.099,0.0,0.0,1.113,20.76
2026-06-07 16:00:00,Hostel B,44.932,12.715,2.975,0.0,0.0,1.105,16.795
2026-06-07 17:00:00,Hostel B,45.039,14.295,2.805,0.0,0.0,1.047,18.146
2026-06-07 18:00:00,Hostel B,42.809,31.535,7.348,4.335,0.0,1.039,44.258
2026-06-07 19:00:00,Hostel B,42.407,38.283,6.184,4.335,0.0,1.124,49.927
2026-06-07 20:00:00,Hostel B,41.884,30.738,7.191,4.335,0.0,1.105,43.369
2026-06-07 21:00:00,Hostel B,39.82,40.172,7.52,4.335,0.0,1.117,53.144
2026-06-07 22:00:00,Hostel B,37.416,35.376,7.311,4.335,0.0,1.014,48.037
2026-06-07 23:00:00,Hostel B,36.2,29.953,6.724,4.335,0.0,1.08,42.092
2026-06-08 00:00:00,Hostel B,35.515,32.593,7.758,5.1,0.0,1.042,46.493
2026-06-08 01:00:00,Hostel B,34.528,27.481,8.733,5.1,0.0,1.055,42.369
2026-06-08 02:00:00,Hostel B,33.955,22.386,7.66,5.1,0.0,1.023,36.169
2026-06-08 03:00:00,Hostel B,33.339,28.498,8.813,5.1,0.0,1.097,43.508
2026-06-08 04:00:00,Hostel B,32.38,23.856,7.711,5.1,0.0,1.072,37.739
2026-06-08 05:00:00,Hostel B,33.139,21.061,7.363,5.1,0.0,1.102,34.626
2026-06-08 06:00:00,Hostel B,35.219,27.056,7.561,5.1,0.0,1.026,40.743
2026-06-08 07:00:00,Hostel B,36.831,34.199,8.067,0.0,0.0,1.125,43.391
2026-06-08 08:00:00,Hostel B,38.149,44.415,7.374,0.0,0.0,1.052,52.841
2026-06-08 09:00:00,Hostel B,38.325,16.753,3.219,0.0,0.0,1.12,21.092
2026-06-08 10:00:00,Hostel B,40.402,17.645,3.606,0.0,0.0,1.089,22.34
2026-06-08 11:00:00,Hostel B,40.826,13.818,3.009,0.0,0.0,1.025,17.852
2026-06-08 12:00:00,Hostel B,41.851,19.237,3.392,0.0,0.0,1.1,23.729
2026-06-08 13:00:00,Hostel B,44.278,14.76,3.237,0.0,0.0,1.076,19.072
2026-06-08 14:00:00,Hostel B,46.154,15.665,3.416,0.0,0.0,1.034,20.114
2026-06-08 15:00:00,Hostel B,45.1,19.375,3.3,0.0,0.0,1.034,23.709
2026-06-08 16:00:00,Hostel B,46.704,18.11,3.584,0.0,0.0,1.12,22.814
2026-06-08 17:00:00,Hostel B,44.032,16.8,3.236,0.0,0.0,1.125,21.16
2026-06-08 18:00:00,Hostel B,43.274,45.846,8.048,5.1,0.0,1.077,60.071
2026-06-08 19:00:00,Hostel B,41.009,34.347,7.372,5.1,0.0,1.034,47.853
2026-06-08 20:00:00,Hostel B,40.206,34.563,8.015,5.1,0.0,1.051,48.729
2026-06-08 21:00:00,Hostel B,37.81,35.129,7.345,5.1,0.0,1.036,48.611
2026-06-08 22:00:00,Hostel B,35.902,30.748,8.181,5.1,0.0,1.081,45.11
2026-06-08 23:00:00,Hostel B,34.827,32.1,7.903,5.1,0.0,1.058,46.161
2026-06-09 00:00:00,Hostel B,34.843,30.29,8.538,5.1,0.0,1.055,44.984
2026-06-09 01:00:00,Hostel B,33.067,23.31,7.887,5.1,0.0,1.103,37.399
2026-06-09 02:00:00,Hostel B,32.705,24.971,8.266,5.1,0.0,1.121,39.458
2026-06-09 03:00:00,Hostel B,33.41,23.476,7.245,5.1,0.0,1.035,36.856
2026-06-09 04:00:00,Hostel B,31.656,16.352,8.407,5.1,0.0,1.059,30.918
2026-06-09 05:00:00,Hostel B,33.885,25.731,8.849,5.1,0.0,1.073,40.753
2026-06-09 06:00:00,Hostel B,35.605,35.59,7.939,5.1,0.0,1.04,49.669
2026-06-09 07:00:00,Hostel B,36.935,36.694,7.158,0.0,0.0,1.058,44.909
2026-06-09 08:00:00,Hostel B,37.964,47.341,8.218,0.0,0.0,1.019,56.577
2026-06-09 09:00:00,Hostel B,38.948,18.838,3.047,0.0,0.0,1.017,22.902
2026-06-09 10:00:00,Hostel B,39.929,18.453,3.284,0.0,0.0,1.101,22.838
2026-06-09 11:00:00,Hostel B,41.918,18.348,2.964,0.0,0.0,1.051,22.362
2026-06-09 12:00:00,Hostel B,44.896,17.214,3.265,0.0,0.0,1.092,21.571
2026-06-09 13:00:00,Hostel B,44.469,19.104,3.583,0.0,0.0,1.022,23.708
2026-06-09 14:00:00,Hostel B,44.689,17.265,3.04,0.0,0.0,1.088,21.393
2026-06-09 15:00:00,Hostel B,45.564,15.982,3.306,0.0,0.0,1.086,20.374
2026-06-09 16:00:00,Hostel B,44.845,14.938,3.127,0.0,0.0,1.105,19.17
2026-06-09 17:00:00,Hostel B,44.422,18.584,3.132,0.0,0.0,1.036,22.751
2026-06-09 18:00:00,Hostel B,42.996,38.792,8.288,5.1,0.0,1.075,53.255
2026-06-09 19:00:00,Hostel B,41.585,44.813,8.476,5.1,0.0,1.114,59.503
2026-06-09 20:00:00,Hostel B,41.549,47.569,8.699,5.1,0.0,1.037,62.405
2026-06-09 21:00:00,Hostel B,37.05,36.084,7.637,5.1,0.0,1.027,49.847
2026-06-09 22:00:00,Hostel B,37.926,38.119,7.266,5.1,0.0,1.051,51.536
2026-06-09 23:00:00,Hostel B,35.523,28.497,7.929,5.1,0.0,1.121,42.648
2026-06-10 00:00:00,Hostel B,32.852,23.004,8.183,5.1,0.0,1.03,37.318
2026-06-10 01:00:00,Hostel B,32.829,24.386,8.46,5.1,0.0,1.026,38.972
2026-06-10 02:00:00,Hostel B,33.168,22.673,8.49,5.1,0.0,1.125,37.388
2026-06-10 03:00:00,Hostel B,33.101,23.929,8.682,5.1,0.0,1.057,38.767
2026-06-10 04:00:00,Hostel B,33.944,27.258,7.196,5.1,0.0,1.029,40.583
2026-06-10 05:00:00,Hostel B,34.612,26.852,8.891,5.1,0.0,1.075,41.919
2026-06-10 06:00:00,Hostel B,33.211,20.314,8.866,5.1,0.0,1.014,35.293
2026-06-10 07:00:00,Hostel B,36.378,31.618,7.203,0.0,0.0,1.06,39.882
2026-06-10 08:00:00,Hostel B,38.176,44.989,7.699,0.0,0.0,1.017,53.705
2026-06-10 09:00:00,Hostel B,39.219,15.424,3.503,0.0,0.0,1.076,20.002
2026-06-10 10:00:00,Hostel B,41.055,13.863,3.292,0.0,0.0,1.083,18.237
2026-06-10 11:00:00,Hostel B,40.067,16.291,2.943,0.0,0.0,1.013,20.247
2026-06-10 12:00:00,Hostel B,42.252,17.812,3.201,0.0,0.0,1.07,22.083
2026-06-10 13:00:00,Hostel B,45.562,18.225,3.366,0.0,0.0,1.119,22.709
2026-06-10 14:00:00,Hostel B,44.516,16.226,3.586,0.0,0.0,1.057,20.87
2026-06-10 15:00:00,Hostel B,47.223,17.159,3.549,0.0,0.0,1.12,21.828
2026-06-10 16:00:00,Hostel B,43.517,18.184,3.636,0.0,0.0,1.121,22.941
2026-06-10 17:00:00,Hostel B,45.76,19.033,3.284,0.0,0.0,1.04,23.357
2026-06-10 18:00:00,Hostel B,42.632,42.647,8.565,5.1,0.0,1.077,57.39
2026-06-10 19:00:00,Hostel B,42.862,43.378,7.32,5.1,0.0,1.106,56.904
2026-06-10 20:00:00,Hostel B,40.258,34.884,8.065,5.1,0.0,1.092,49.142
2026-06-10 21:00:00,Hostel B,39.116,39.5,8.776,5.1,0.0,1.098,54.474
2026-06-10 22:00:00,Hostel B,38.043,46.22,8.637,5.1,0.0,1.042,60.999
2026-06-10 23:00:00,Hostel B,35.387,27.983,8.31,5.1,0.0,1.116,42.509
2026-06-11 00:00:00,Hostel B,35.558,30.201,7.406,5.1,0.0,1.039,43.746
2026-06-11 01:00:00,Hostel B,33.538,41.565,7.465,7.622,0.0,1.085,57.737
2026-06-11 02:00:00,Hostel B,33.382,42.983,8.351,7.622,0.0,1.112,60.069
2026-06-11 03:00:00,Hostel B,30.355,26.886,7.721,7.622,0.0,1.053,43.282
2026-06-11 04:00:00,Hostel B,32.867,40.731,7.728,7.622,0.0,1.075,57.155
2026-06-11 05:00:00,Hostel B,35.067,42.11,8.653,7.622,0.0,1.09,59.475
2026-06-11 06:00:00,Hostel B,35.452,36.088,7.177,5.1,0.0,1.117,49.482
2026-06-11 07:00:00,Hostel B,36.887,41.935,7.841,0.0,0.0,1.063,50.838
2026-06-11 08:00:00,Hostel B,37.5,42.736,7.565,0.0,0.0,1.08,51.381
2026-06-11 09:00:00,Hostel B,40.676,19.238,2.96,0.0,0.0,1.028,23.226
2026-06-11 10:00:00,Hostel B,40.841,19.458,3.099,0.0,0.0,1.02,23.577
2026-06-11 11:00:00,Hostel B,41.34,19.246,3.075,0.0,0.0,1.015,23.336
2026-06-11 12:00:00,Hostel B,44.098,16.812,3.311,0.0,0.0,1.066,21.189
2026-06-11 13:00:00,Hostel B,45.119,16.52,3.26,0.0,0.0,1.074,20.854
2026-06-11 14:00:00,Hostel B,45.425,14.403,3.287,0.0,0.0,1.022,18.712
2026-06-11 15:00:00,Hostel B,44.597,15.058,3.585,0.0,0.0,1.033,19.676
2026-06-11 16:00:00,Hostel B,45.077,17.634,3.303,0.0,0.0,1.042,21.98
2026-06-11 17:00:00,Hostel B,45.589,14.533,3.41,0.0,0.0,1.113,19.056
2026-06-11 18:00:00,Hostel B,43.72,46.986,8.296,5.1,0.0,1.024,61.405
2026-06-11 19:00:00,Hostel B,40.522,36.725,8.063,5.1,0.0,1.068,50.956
2026-06-11 20:00:00,Hostel B,39.924,34.73,7.684,5.1,0.0,1.101,48.615
2026-06-11 21:00:00,Hostel B,38.325,36.843,8.752,5.1,0.0,1.11,51.806
2026-06-11 22:00:00,Hostel B,36.693,30.448,7.922,5.1,0.0,1.09,44.561
2026-06-11 23:00:00,Hostel B,33.889,23.568,8.159,5.1,0.0,1.042,37.87
2026-06-12 00:00:00,Hostel B,36.648,37.178,8.138,5.1,0.0,1.026,51.442
2026-06-12 01:00:00,Hostel B,32.928,21.716,8.617,5.1,0.0,1.03,36.463
2026-06-12 02:00:00,Hostel B,32.4,23.981,8.094,5.1,0.0,1.099,38.274
2026-06-12 03:00:00,Hostel B,31.058,16.555,7.956,5.1,0.0,1.046,30.656
2026-06-12 04:00:00,Hostel B,34.071,29.398,7.961,5.1,0.0,1.051,43.51
2026-06-12 05:00:00,Hostel B,33.713,28.042,8.532,5.1,0.0,1.032,42.707
2026-06-12 06:00:00,Hostel B,34.406,24.81,7.729,5.1,0.0,1.061,38.701
2026-06-12 07:00:00,Hostel B,35.702,27.716,8.809,0.0,0.0,1.05,37.574
2026-06-12 08:00:00,Hostel B,38.035,45.546,8.651,0.0,0.0,1.053,55.25
2026-06-12 09:00:00,Hostel B,38.52,17.921,3.042,0.0,0.0,1.016,21.979
2026-06-12 10:00:00,Hostel B,38.564,14.815,3.173,0.0,0.0,1.065,19.052
2026-06-12 11:00:00,Hostel B,40.708,17.797,3.606,0.0,0.0,1.025,22.428
2026-06-12 12:00:00,Hostel B,41.899,15.727,3.145,0.0,0.0,1.073,19.945
2026-06-12 13:00:00,Hostel B,44.471,14.116,3.173,0.0,0.0,1.088,18.378
2026-06-12 14:00:00,Hostel B,45.726,15.132,3.1,0.0,0.0,1.074,19.306
2026-06-12 15:00:00,Hostel B,46.466,18.245,2.98,0.0,0.0,1.029,22.254
2026-06-12 16:00:00,Hostel B,43.161,16.089,3.292,0.0,0.0,1.082,20.463
2026-06-12 17:00:00,Hostel B,44.816,16.999,3.495,0.0,0.0,1.059,21.553
2026-06-12 18:00:00,Hostel B,42.628,35.427,8.318,5.1,0.0,1.053,49.898
2026-06-12 19:00:00,Hostel B,44.923,34.798,7.189,5.1,0.0,1.029,48.116
2026-06-12 20:00:00,Hostel B,41.936,36.901,8.074,5.1,0.0,1.124,51.199
2026-06-12 21:00:00,Hostel B,40.702,40.247,7.73,5.1,0.0,1.057,54.133
2026-06-12 22:00:00,Hostel B,38.25,45.618,8.286,5.1,0.0,1.064,60.067
2026-06-12 23:00:00,Hostel B,36.382,38.429,7.863,5.1,0.0,1.023,52.415
2026-06-13 00:00:00,Hostel B,34.355,21.165,7.557,4.335,0.0,1.088,34.146
2026-06-13 01:00:00,Hostel B,33.205,17.603,7.326,4.335,0.0,1.044,30.308
2026-06-13 02:00:00,Hostel B,32.404,16.65,7.132,4.335,0.0,1.096,29.213
2026-06-13 03:00:00,Hostel B,33.618,24.656,6.851,4.335,0.0,1.02,36.862
2026-06-13 04:00:00,Hostel B,34.765,25.373,6.966,4.335,0.0,1.046,37.719
2026-06-13 05:00:00,Hostel B,33.447,23.76,6.74,4.335,0.0,1.096,35.931
2026-06-13 06:00:00,Hostel B,34.035,22.066,7.275,4.335,0.0,1.057,34.733
2026-06-13 07:00:00,Hostel B,34.516,25.299,7.447,0.0,0.0,1.016,33.763
2026-06-13 08:00:00,Hostel B,37.692,34.783,7.585,0.0,0.0,1.101,43.469
2026-06-13 09:00:00,Hostel B,40.229,14.86,2.873,0.0,0.0,1.121,18.855
2026-06-13 10:00:00,Hostel B,41.832,14.074,2.925,0.0,0.0,1.055,18.054
2026-06-13 11:00:00,Hostel B,43.378,12.915,2.749,0.0,0.0,1.082,16.746
2026-06-13 12:00:00,Hostel B,43.658,13.865,2.504,0.0,0.0,1.054,17.424
2026-06-13 13:00:00,Hostel B,44.286,16.608,2.938,0.0,0.0,1.075,20.621
2026-06-13 14:00:00,Hostel B,46.078,13.08,3.083,0.0,0.0,1.096,17.258
2026-06-13 15:00:00,Hostel B,43.89,15.353,3.036,0.0,0.0,1.084,19.473
2026-06-13 16:00:00,Hostel B,44.355,16.457,3.048,0.0,0.0,1.048,20.553
2026-06-13 17:00:00,Hostel B,45.907,14.557,2.75,0.0,0.0,1.034,18.342
2026-06-13 18:00:00,Hostel B,42.168,34.415,7.152,4.335,0.0,1.074,46.975
2026-06-13 19:00:00,Hostel B,41.966,29.922,7.038,4.335,0.0,1.087,42.381
2026-06-13 20:00:00,Hostel B,41.184,37.632,6.89,4.335,0.0,1.077,49.934
2026-06-13 21:00:00,Hostel B,39.083,39.562,6.299,4.335,0.0,1.027,51.222
2026-06-13 22:00:00,Hostel B,38.597,40.405,6.942,4.335,0.0,1.052,52.735
2026-06-13 23:00:00,Hostel B,37.526,29.685,6.522,4.335,0.0,1.096,41.639
2026-06-14 00:00:00,Hostel B,35.237,30.533,7.137,4.335,0.0,1.029,43.033
2026-06-14 01:00:00,Hostel B,35.194,36.416,7.503,7.51,0.0,1.112,52.54
2026-06-14 02:00:00,Hostel B,32.276,29.987,7.173,7.51,0.0,1.065,45.735
2026-06-14 03:00:00,Hostel B,32.842,28.937,6.463,7.51,0.0,1.102,44.012
2026-06-14 04:00:00,Hostel B,35.61,36.368,6.775,7.51,0.0,1.051,51.703
2026-06-14 05:00:00,Hostel B,35.747,40.397,6.926,7.51,0.0,1.053,55.886
2026-06-14 06:00:00,Hostel B,33.48,21.419,7.171,4.335,0.0,1.121,34.046
2026-06-14 07:00:00,Hostel B,35.987,33.463,6.293,0.0,0.0,1.076,40.832
2026-06-14 08:00:00,Hostel B,37.583,30.573,6.866,0.0,0.0,1.024,38.463
2026-06-14 09:00:00,Hostel B,39.417,16.122,3.036,0.0,0.0,1.12,20.279
2026-06-14 10:00:00,Hostel B,41.827,14.026,2.516,0.0,0.0,1.055,17.597
2026-06-14 11:00:00,Hostel B,43.839,12.39,2.954,0.0,0.0,1.092,16.436
2026-06-14 12:00:00,Hostel B,43.28,12.915,3.049,0.0,0.0,1.027,16.991
2026-06-14 13:00:00,Hostel B,45.318,15.508,2.996,0.0,0.0,1.109,19.613
2026-06-14 14:00:00,Hostel B,45.444,15.864,3.081,0.0,0.0,1.12,20.066
2026-06-14 15:00:00,Hostel B,44.979,11.913,2.988,0.0,0.0,1.056,15.956
2026-06-14 16:00:00,Hostel B,43.097,13.773,2.823,0.0,0.0,1.029,17.624
2026-06-14 17:00:00,Hostel B,45.215,14.195,2.797,0.0,0.0,1.075,18.067
2026-06-14 18:00:00,Hostel B,43.848,35.947,6.117,4.335,0.0,1.031,47.43
2026-06-14 19:00:00,Hostel B,42.39,36.381,6.097,4.335,0.0,1.062,47.875
2026-06-14 20:00:00,Hostel B,39.572,38.575,7.039,4.335,0.0,1.083,51.032
2026-06-14 21:00:00,Hostel B,40.959,31.782,6.487,4.335,0.0,1.028,43.632
2026-06-14 22:00:00,Hostel B,37.6,28.818,6.535,4.335,0.0,1.119,40.807
2026-06-14 23:00:00,Hostel B,34.859,22.68,7.294,4.335,0.0,1.092,35.4
2026-06-15 00:00:00,Hostel B,33.455,29.141,7.339,5.1,0.0,1.053,42.633
2026-06-15 01:00:00,Hostel B,34.481,29.197,7.647,5.1,0.0,1.059,43.003
2026-06-15 02:00:00,Hostel B,33.912,24.138,8.363,5.1,0.0,1.108,38.709
2026-06-15 03:00:00,Hostel B,32.537,24.373,7.195,5.1,0.0,1.066,37.733
2026-06-15 04:00:00,Hostel B,33.667,26.764,8.068,5.1,0.0,1.124,41.055
2026-06-15 05:00:00,Hostel B,34.471,27.347,7.293,5.1,0.0,1.019,40.759
2026-06-15 06:00:00,Hostel B,34.897,25.01,8.5,5.1,0.0,1.043,39.652
2026-06-15 07:00:00,Hostel B,35.299,34.635,8.273,0.0,0.0,1.071,43.979
2026-06-15 08:00:00,Hostel B,38.408,43.76,8.226,0.0,0.0,1.028,53.014
2026-06-15 09:00:00,Hostel B,39.838,15.329,3.103,0.0,0.0,1.053,19.485
2026-06-15 10:00:00,Hostel B,41.121,15.35,3.473,0.0,0.0,1.071,19.894
2026-06-15 11:00:00,Hostel B,41.166,15.385,3.162,0.0,0.0,1.042,19.588
2026-06-15 12:00:00,Hostel B,41.912,17.741,3.36,0.0,0.0,1.031,22.131
2026-06-15 13:00:00,Hostel B,44.273,15.519,3.008,0.0,0.0,1.043,19.569
2026-06-15 14:00:00,Hostel B,45.725,15.614,3.011,0.0,0.0,1.022,19.647
2026-06-15 15:00:00,Hostel B,46.04,16.006,3.083,0.0,0.0,1.035,20.123
2026-06-15 16:00:00,Hostel B,45.38,19.571,3.099,0.0,0.0,1.019,23.689
2026-06-15 17:00:00,Hostel B,43.746,16.499,3.033,0.0,0.0,1.12,20.651
2026-06-15 18:00:00,Hostel B,42.438,38.882,7.351,5.1,0.0,1.031,52.363
2026-06-15 19:00:00,Hostel B,41.983,40.211,8.709,5.1,0.0,1.013,55.032
2026-06-15 20:00:00,Hostel B,40.546,43.785,8.13,5.1,0.0,1.12,58.135
2026-06-15 21:00:00,Hostel B,40.107,46.144,8.251,5.1,0.0,1.098,60.593
2026-06-15 22:00:00,Hostel B,36.967,43.578,7.654,5.1,0.0,1.043,57.374
2026-06-15 23:00:00,Hostel B,35.603,32.364,7.239,5.1,0.0,1.111,45.814
2026-06-16 00:00:00,Hostel B,36.812,36.103,8.868,5.1,0.0,1.111,51.182
2026-06-16 01:00:00,Hostel B,35.355,29.785,7.236,5.1,0.0,1.096,43.218
2026-06-16 02:00:00,Hostel B,32.322,23.519,8.608,5.1,0.0,1.079,38.306
2026-06-16 03:00:00,Hostel B,34.469,30.256,8.327,5.1,0.0,1.078,44.762
2026-06-16 04:00:00,Hostel B,32.083,19.607,7.867,5.1,0.0,1.122,33.695
2026-06-16 05:00:00,Hostel B,33.37,25.123,8.473,5.1,0.0,1.065,39.76
2026-06-16 06:00:00,Hostel B,34.437,25.607,8.505,5.1,0.0,1.103,40.316
2026-06-16 07:00:00,Hostel B,35.922,35.905,8.708,0.0,0.0,1.025,45.638
2026-06-16 08:00:00,Hostel B,38.067,37.085,8.113,0.0,0.0,1.091,46.289
2026-06-16 09:00:00,Hostel B,39.106,15.846,3.097,0.0,0.0,1.124,20.067
2026-06-16 10:00:00,Hostel B,41.168,14.184,3.361,0.0,0.0,1.014,18.558
2026-06-16 11:00:00,Hostel B,41.598,15.08,3.013,0.0,0.0,1.042,19.134
2026-06-16 12:00:00,Hostel B,43.617,14.932,3.217,0.0,0.0,1.101,19.25
2026-06-16 13:00:00,Hostel B,44.275,18.124,3.389,0.0,0.0,1.095,22.608
2026-06-16 14:00:00,Hostel B,43.407,17.883,3.125,0.0,0.0,1.095,22.103
2026-06-16 15:00:00,Hostel B,45.483,16.96,3.576,0.0,0.0,1.123,21.659
2026-06-16 16:00:00,Hostel B,44.892,16.067,3.657,0.0,0.0,1.023,20.748
2026-06-16 17:00:00,Hostel B,43.482,19.034,2.996,0.0,0.0,1.088,23.119
2026-06-16 18:00:00,Hostel B,42.818,46.15,7.508,5.1,0.0,1.085,59.842
2026-06-16 19:00:00,Hostel B,41.6,42.116,7.984,5.1,0.0,1.036,56.236
2026-06-16 20:00:00,Hostel B,40.308,42.906,7.208,5.1,0.0,1.036,56.25
2026-06-16 21:00:00,Hostel B,40.759,44.893,7.306,5.1,0.0,1.086,58.384
2026-06-16 22:00:00,Hostel B,39.537,43.836,8.748,5.1,0.0,1.086,58.77
2026-06-16 23:00:00,Hostel B,33.274,22.243,7.221,5.1,0.0,1.08,35.644
2026-06-17 00:00:00,Hostel B,35.246,31.349,7.582,5.1,0.0,1.064,45.095
2026-06-17 01:00:00,Hostel B,34.759,43.035,7.896,8.738,0.0,1.09,60.759
2026-06-17 02:00:00,Hostel B,32.988,43.268,7.177,8.738,0.0,1.049,60.231
2026-06-17 03:00:00,Hostel B,33.928,45.322,8.587,8.738,0.0,1.039,63.686
2026-06-17 04:00:00,Hostel B,34.859,52.091,8.622,8.738,0.0,1.079,70.53
2026-06-17 05:00:00,Hostel B,32.432,36.005,7.844,8.738,0.0,1.082,53.669
2026-06-17 06:00:00,Hostel B,34.891,30.22,7.5,5.1,0.0,1.104,43.924
2026-06-17 07:00:00,Hostel B,37.957,43.696,8.733,0.0,0.0,1.059,53.488
2026-06-17 08:00:00,Hostel B,36.209,39.059,8.351,0.0,0.0,1.098,48.509
2026-06-17 09:00:00,Hostel B,38.885,18.822,3.325,0.0,0.0,1.116,23.262
2026-06-17 10:00:00,Hostel B,40.105,14.974,3.228,0.0,0.0,1.06,19.263
2026-06-17 11:00:00,Hostel B,43.052,19.583,3.336,0.0,0.0,1.074,23.993
2026-06-17 12:00:00,Hostel B,44.434,19.577,3.123,0.0,0.0,1.115,23.816
2026-06-17 13:00:00,Hostel B,44.358,19.505,3.27,0.0,0.0,1.046,23.821
2026-06-17 14:00:00,Hostel B,44.828,17.405,3.444,0.0,0.0,1.094,21.943
2026-06-17 15:00:00,Hostel B,43.281,18.695,3.242,0.0,0.0,1.077,23.015
2026-06-17 16:00:00,Hostel B,46.219,14.23,3.443,0.0,0.0,1.059,18.733
2026-06-17 17:00:00,Hostel B,43.843,15.29,3.483,0.0,0.0,1.11,19.883
2026-06-17 18:00:00,Hostel B,43.1,34.788,8.485,5.1,0.0,1.03,49.404
2026-06-17 19:00:00,Hostel B,42.972,40.72,8.156,5.1,0.0,1.016,54.993
2026-06-17 20:00:00,Hostel B,40.751,47.307,7.469,5.1,0.0,1.036,60.912
2026-06-17 21:00:00,Hostel B,40.004,42.78,8.39,5.1,0.0,1.111,57.382
2026-06-17 22:00:00,Hostel B,38.05,40.085,8.602,5.1,0.0,1.051,54.838
2026-06-17 23:00:00,Hostel B,36.204,38.129,7.308,5.1,0.0,1.089,51.627
2026-06-18 00:00:00,Hostel B,35.068,31.256,8.739,5.1,0.0,1.038,46.133
2026-06-18 01:00:00,Hostel B,32.681,22.289,8.82,5.1,0.0,1.068,37.277
2026-06-18 02:00:00,Hostel B,33.055,24.986,8.333,5.1,0.0,1.071,39.49
2026-06-18 03:00:00,Hostel B,34.084,27.492,7.338,5.1,0.0,1.04,40.971
2026-06-18 04:00:00,Hostel B,32.306,22.423,8.307,5.1,0.0,1.056,36.886
2026-06-18 05:00:00,Hostel B,33.089,26.571,7.776,5.1,0.0,1.042,40.489
2026-06-18 06:00:00,Hostel B,33.878,26.326,7.682,5.1,0.0,1.024,40.132
2026-06-18 07:00:00,Hostel B,36.153,33.355,7.206,0.0,0.0,1.061,41.622
2026-06-18 08:00:00,Hostel B,38.85,41.482,8.434,0.0,0.0,1.076,50.992
2026-06-18 09:00:00,Hostel B,39.547,19.125,3.357,0.0,0.0,1.023,23.504
2026-06-18 10:00:00,Hostel B,38.376,16.279,3.271,0.0,0.0,1.053,20.604
2026-06-18 11:00:00,Hostel B,42.649,18.788,3.226,0.0,0.0,1.065,23.079
2026-06-18 12:00:00,Hostel B,42.801,17.426,3.243,0.0,0.0,1.117,21.786
2026-06-18 13:00:00,Hostel B,44.706,13.854,3.273,0.0,0.0,1.081,18.209
2026-06-18 14:00:00,Hostel B,44.646,16.594,3.291,0.0,0.0,1.119,21.003
2026-06-18 15:00:00,Hostel B,44.14,15.025,3.012,0.0,0.0,1.071,19.108
2026-06-18 16:00:00,Hostel B,44.724,14.669,3.22,0.0,0.0,1.103,18.992
2026-06-18 17:00:00,Hostel B,43.755,15.166,2.987,0.0,0.0,1.023,19.176
2026-06-18 18:00:00,Hostel B,43.55,43.688,8.525,5.1,0.0,1.076,58.389
2026-06-18 19:00:00,Hostel B,41.114,42.468,8.072,5.1,0.0,1.052,56.692
2026-06-18 20:00:00,Hostel B,39.428,41.169,8.567,5.1,0.0,1.094,55.931
2026-06-18 21:00:00,Hostel B,39.732,40.573,7.906,5.1,0.0,1.111,54.69
2026-06-18 22:00:00,Hostel B,38.556,39.051,7.413,5.1,0.0,1.093,52.657
2026-06-18 23:00:00,Hostel B,36.58,40.72,7.675,5.1,0.0,1.022,54.518
2026-06-19 00:00:00,Hostel B,34.109,31.653,7.557,5.1,0.0,1.082,45.393
2026-06-19 01:00:00,Hostel B,33.064,39.841,7.925,7.629,0.0,1.096,56.492
2026-06-19 02:00:00,Hostel B,32.522,34.123,8.548,7.629,0.0,1.016,51.316
2026-06-19 03:00:00,Hostel B,33.89,44.311,7.348,7.629,0.0,1.032,60.32
2026-06-19 04:00:00,Hostel B,32.379,37.724,7.854,7.629,0.0,1.089,54.297
2026-06-19 05:00:00,Hostel B,34.688,39.205,7.304,7.629,0.0,1.048,55.186
2026-06-19 06:00:00,Hostel B,35.394,30.038,7.839,5.1,0.0,1.019,43.996
2026-06-19 07:00:00,Hostel B,37.238,35.743,8.18,0.0,0.0,1.113,45.036
2026-06-19 08:00:00,Hostel B,38.51,43.94,7.263,0.0,0.0,1.12,52.323
2026-06-19 09:00:00,Hostel B,39.543,16.876,2.989,0.0,0.0,1.055,20.919
2026-06-19 10:00:00,Hostel B,39.084,15.358,3.477,0.0,0.0,1.124,19.959
2026-06-19 11:00:00,Hostel B,42.61,15.144,3.24,0.0,0.0,1.109,19.493
2026-06-19 12:00:00,Hostel B,43.358,16.483,3.198,0.0,0.0,1.075,20.757
2026-06-19 13:00:00,Hostel B,43.823,17.715,3.444,0.0,0.0,1.097,22.256
2026-06-19 14:00:00,Hostel B,46.158,16.786,3.002,0.0,0.0,1.118,20.906
2026-06-19 15:00:00,Hostel B,44.849,15.323,3.572,0.0,0.0,1.094,19.989
2026-06-19 16:00:00,Hostel B,44.266,17.443,3.51,0.0,0.0,1.05,22.003
2026-06-19 17:00:00,Hostel B,45.32,19.681,3.226,0.0,0.0,1.034,23.942
2026-06-19 18:00:00,Hostel B,42.838,36.003,7.977,5.1,0.0,1.061,50.141
2026-06-19 19:00:00,Hostel B,41.421,41.048,7.85,5.1,0.0,1.034,55.031
2026-06-19 20:00:00,Hostel B,39.426,38.857,8.542,5.1,0.0,1.015,53.514
2026-06-19 21:00:00,Hostel B,38.18,36.602,7.192,5.1,0.0,1.064,49.957
2026-06-19 22:00:00,Hostel B,36.713,41.089,8.338,5.1,0.0,1.05,55.577
2026-06-19 23:00:00,Hostel B,36.621,41.782,7.68,5.1,0.0,1.023,55.585
2026-06-20 00:00:00,Hostel B,33.738,21.098,7.252,4.335,0.0,1.111,33.796
2026-06-20 01:00:00,Hostel B,31.946,16.194,7.562,4.335,0.0,1.026,29.117
2026-06-20 02:00:00,Hostel B,33.508,18.498,6.492,4.335,0.0,1.083,30.409
2026-06-20 03:00:00,Hostel B,32.366,19.088,6.745,4.335,0.0,1.077,31.245
2026-06-20 04:00:00,Hostel B,33.188,17.235,6.9,4.335,0.0,1.123,29.592
2026-06-20 05:00:00,Hostel B,35.086,26.122,6.905,4.335,0.0,1.041,38.403
2026-06-20 06:00:00,Hostel B,34.829,22.302,6.307,4.335,0.0,1.039,33.982
2026-06-20 07:00:00,Hostel B,37.51,35.148,6.954,0.0,0.0,1.083,43.185
2026-06-20 08:00:00,Hostel B,37.379,37.715,7.167,0.0,0.0,1.075,45.958
2026-06-20 09:00:00,Hostel B,40.007,12.16,3.089,0.0,0.0,1.104,16.352
2026-06-20 10:00:00,Hostel B,40.005,15.619,2.952,0.0,0.0,1.032,19.603
2026-06-20 11:00:00,Hostel B,42.108,15.884,2.876,0.0,0.0,1.046,19.806
2026-06-20 12:00:00,Hostel B,42.31,12.599,2.645,0.0,0.0,1.013,16.256
2026-06-20 13:00:00,Hostel B,43.382,16.346,2.56,0.0,0.0,1.094,20.0
2026-06-20 14:00:00,Hostel B,44.571,14.831,2.895,0.0,0.0,1.049,18.776
2026-06-20 15:00:00,Hostel B,43.671,14.4,2.89,0.0,0.0,1.039,18.328
2026-06-20 16:00:00,Hostel B,44.955,15.085,3.023,0.0,0.0,1.081,19.189
2026-06-20 17:00:00,Hostel B,43.893,13.16,2.778,0.0,0.0,1.041,16.979
2026-06-20 18:00:00,Hostel B,43.477,28.758,6.33,4.335,0.0,1.019,40.442
2026-06-20 19:00:00,Hostel B,40.687,33.838,6.41,4.335,0.0,1.039,45.622
2026-06-20 20:00:00,Hostel B,41.255,37.511,6.792,4.335,0.0,1.108,49.746
2026-06-20 21:00:00,Hostel B,40.698,39.649,6.542,4.335,0.0,1.079,51.606
2026-06-20 22:00:00,Hostel B,38.934,33.692,6.343,4.335,0.0,1.066,45.435
2026-06-20 23:00:00,Hostel B,37.904,31.409,6.233,4.335,0.0,1.068,43.045
2026-06-21 00:00:00,Hostel B,34.8,22.036,6.695,4.335,0.0,1.125,34.19
2026-06-21 01:00:00,Hostel B,33.452,40.026,6.581,8.085,0.0,1.016,55.708
2026-06-21 02:00:00,Hostel B,33.692,35.319,7.534,8.085,0.0,1.031,51.968
2026-06-21 03:00:00,Hostel B,32.762,37.567,7.368,8.085,0.0,1.11,54.131
2026-06-21 04:00:00,Hostel B,31.464,29.252,6.347,8.085,0.0,1.073,44.757
2026-06-21 05:00:00,Hostel B,34.623,35.88,7.212,8.085,0.0,1.124,52.301
2026-06-21 06:00:00,Hostel B,34.523,22.147,6.798,4.335,0.0,1.089,34.369
2026-06-21 07:00:00,Hostel B,34.533,24.501,7.474,0.0,0.0,1.094,33.069
2026-06-21 08:00:00,Hostel B,36.939,29.808,6.992,0.0,0.0,1.078,37.878
2026-06-21 09:00:00,Hostel B,38.788,16.271,2.626,0.0,0.0,1.014,19.912
2026-06-21 10:00:00,Hostel B,40.565,14.451,2.621,0.0,0.0,1.115,18.187
2026-06-21 11:00:00,Hostel B,42.024,12.305,3.103,0.0,0.0,1.071,16.48
2026-06-21 12:00:00,Hostel B,44.612,14.853,3.073,0.0,0.0,1.014,18.94
2026-06-21 13:00:00,Hostel B,42.908,13.667,2.801,0.0,0.0,1.036,17.503
2026-06-21 14:00:00,Hostel B,44.643,15.123,2.851,0.0,0.0,1.052,19.026
2026-06-21 15:00:00,Hostel B,44.121,15.661,2.841,0.0,0.0,1.045,19.546
2026-06-21 16:00:00,Hostel B,46.052,16.662,2.976,0.0,0.0,1.016,20.653
2026-06-21 17:00:00,Hostel B,43.635,14.609,2.795,0.0,0.0,1.044,18.448
2026-06-21 18:00:00,Hostel B,42.899,32.92,6.255,4.335,0.0,1.113,44.623
2026-06-21 19:00:00,Hostel B,43.05,33.735,6.561,4.335,0.0,1.079,45.71
2026-06-21 20:00:00,Hostel B,41.878,33.357,6.931,4.335,0.0,1.049,45.673
2026-06-21 21:00:00,Hostel B,40.473,33.941,6.602,4.335,0.0,1.022,45.901
2026-06-21 22:00:00,Hostel B,35.804,23.542,7.303,4.335,0.0,1.097,36.277
2026-06-21 23:00:00,Hostel B,36.483,27.486,7.507,4.335,0.0,1.093,40.422
2026-06-22 00:00:00,Hostel B,35.027,35.837,7.572,5.1,0.0,1.013,49.522
2026-06-22 01:00:00,Hostel B,33.753,30.222,8.727,5.1,0.0,1.124,45.174
2026-06-22 02:00:00,Hostel B,33.271,20.699,8.418,5.1,0.0,1.042,35.259
2026-06-22 03:00:00,Hostel B,34.286,32.811,8.188,5.1,0.0,1.042,47.141
2026-06-22 04:00:00,Hostel B,34.243,30.793,7.373,5.1,0.0,1.046,44.313
2026-06-22 05:00:00,Hostel B,34.701,24.296,7.874,5.1,0.0,1.121,38.39
2026-06-22 06:00:00,Hostel B,34.964,34.79,8.917,5.1,0.0,1.107,49.914
2026-06-22 07:00:00,Hostel B,38.271,47.244,8.297,0.0,0.0,1.084,56.626
2026-06-22 08:00:00,Hostel B,37.046,39.111,8.196,0.0,0.0,1.068,48.376
2026-06-22 09:00:00,Hostel B,37.384,17.491,2.966,0.0,0.0,1.049,21.506
2026-06-22 10:00:00,Hostel B,40.288,15.745,3.176,0.0,0.0,1.05,19.971
2026-06-22 11:00:00,Hostel B,42.058,17.162,3.299,0.0,0.0,1.049,21.509
2026-06-22 12:00:00,Hostel B,44.546,18.102,3.412,0.0,0.0,1.11,22.623
2026-06-22 13:00:00,Hostel B,43.685,17.096,3.57,0.0,0.0,1.089,21.755
2026-06-22 14:00:00,Hostel B,45.287,15.58,3.277,0.0,0.0,1.058,19.915
2026-06-22 15:00:00,Hostel B,43.523,17.616,3.142,0.0,0.0,1.124,21.882
2026-06-22 16:00:00,Hostel B,45.877,18.733,3.147,0.0,0.0,1.032,22.912
2026-06-22 17:00:00,Hostel B,44.264,18.719,3.041,0.0,0.0,1.021,22.781
2026-06-22 18:00:00,Hostel B,42.962,35.365,7.4,5.1,0.0,1.054,48.918
2026-06-22 19:00:00,Hostel B,44.132,39.858,7.685,5.1,0.0,1.123,53.766
2026-06-22 20:00:00,Hostel B,41.623,34.024,8.508,5.1,0.0,1.015,48.648
2026-06-22 21:00:00,Hostel B,37.96,42.404,7.878,5.1,0.0,1.022,56.403
2026-06-22 22:00:00,Hostel B,37.338,34.903,8.674,5.1,0.0,1.051,49.729
2026-06-22 23:00:00,Hostel B,38.736,46.814,8.834,5.1,0.0,1.124,61.871
2026-06-23 00:00:00,Hostel B,36.736,37.878,7.275,5.1,0.0,1.051,51.304
2026-06-23 01:00:00,Hostel B,34.727,38.705,8.409,8.446,0.0,1.089,56.649
2026-06-23 02:00:00,Hostel B,31.357,29.813,7.292,8.446,0.0,1.11,46.661
2026-06-23 03:00:00,Hostel B,34.332,35.491,7.268,8.446,0.0,1.088,52.293
2026-06-23 04:00:00,Hostel B,32.569,29.227,7.632,8.446,0.0,1.023,46.328
2026-06-23 05:00:00,Hostel B,35.127,36.597,7.321,8.446,0.0,1.029,53.394
2026-06-23 06:00:00,Hostel B,34.035,28.006,8.323,5.1,0.0,1.042,42.472
2026-06-23 07:00:00,Hostel B,36.489,40.398,8.418,0.0,0.0,1.102,49.918
2026-06-23 08:00:00,Hostel B,36.807,33.018,8.281,0.0,0.0,1.103,42.402
2026-06-23 09:00:00,Hostel B,38.637,18.27,3.363,0.0,0.0,1.032,22.665
2026-06-23 10:00:00,Hostel B,41.175,14.003,3.514,0.0,0.0,1.055,18.573
2026-06-23 11:00:00,Hostel B,40.681,15.868,3.508,0.0,0.0,1.028,20.404
2026-06-23 12:00:00,Hostel B,45.615,17.642,3.58,0.0,0.0,1.066,22.288
2026-06-23 13:00:00,Hostel B,43.169,18.661,3.449,0.0,0.0,1.053,23.164
2026-06-23 14:00:00,Hostel B,43.712,19.352,3.202,0.0,0.0,1.124,23.678
2026-06-23 15:00:00,Hostel B,45.625,17.517,3.326,0.0,0.0,1.056,21.899
2026-06-23 16:00:00,Hostel B,46.087,16.514,3.301,0.0,0.0,1.018,20.833
2026-06-23 17:00:00,Hostel B,43.872,14.139,3.019,0.0,0.0,1.071,18.23
2026-06-23 18:00:00,Hostel B,42.171,37.423,8.589,5.1,0.0,1.115,52.226
2026-06-23 19:00:00,Hostel B,41.078,46.71,8.769,5.1,0.0,1.054,61.633
2026-06-23 20:00:00,Hostel B,39.523,41.83,8.897,5.1,0.0,1.105,56.931
2026-06-23 21:00:00,Hostel B,39.308,38.384,7.583,5.1,0.0,1.059,52.126
2026-06-23 22:00:00,Hostel B,37.377,35.115,7.311,5.1,0.0,1.076,48.602
2026-06-23 23:00:00,Hostel B,36.426,30.495,7.338,5.1,0.0,1.069,44.002
2026-06-24 00:00:00,Hostel B,35.122,33.638,8.576,5.1,0.0,1.111,48.424
2026-06-24 01:00:00,Hostel B,34.628,38.61,8.268,7.787,0.0,1.076,55.741
2026-06-24 02:00:00,Hostel B,32.795,36.85,8.49,7.787,0.0,1.055,54.181
2026-06-24 03:00:00,Hostel B,32.262,31.159,8.756,7.787,0.0,1.099,48.8
2026-06-24 04:00:00,Hostel B,33.361,38.023,7.544,7.787,0.0,1.018,54.372
2026-06-24 05:00:00,Hostel B,33.749,33.111,7.79,7.787,0.0,1.043,49.731
2026-06-24 06:00:00,Hostel B,35.01,26.756,8.554,5.1,0.0,1.045,41.455
2026-06-24 07:00:00,Hostel B,35.288,28.939,7.603,0.0,0.0,1.077,37.618
2026-06-24 08:00:00,Hostel B,38.089,36.212,8.043,0.0,0.0,1.106,45.361
2026-06-24 09:00:00,Hostel B,37.822,19.26,3.266,0.0,0.0,1.075,23.6
2026-06-24 10:00:00,Hostel B,40.113,18.554,3.378,0.0,0.0,1.064,22.996
2026-06-24 11:00:00,Hostel B,43.129,15.839,3.666,0.0,0.0,1.02,20.525
2026-06-24 12:00:00,Hostel B,42.111,16.851,3.016,0.0,0.0,1.122,20.989
2026-06-24 13:00:00,Hostel B,45.246,16.931,3.296,0.0,0.0,1.046,21.273
2026-06-24 14:00:00,Hostel B,43.386,17.368,3.645,0.0,0.0,1.027,22.04
2026-06-24 15:00:00,Hostel B,43.415,14.393,3.196,0.0,0.0,1.106,18.695
2026-06-24 16:00:00,Hostel B,43.302,15.842,3.484,0.0,0.0,1.113,20.439
2026-06-24 17:00:00,Hostel B,44.313,14.289,3.623,0.0,0.0,1.046,18.958
2026-06-24 18:00:00,Hostel B,43.972,46.652,7.569,5.1,0.0,1.074,60.395
2026-06-24 19:00:00,Hostel B,43.293,39.256,7.285,5.1,0.0,1.101,52.742
2026-06-24 20:00:00,Hostel B,41.766,43.897,7.275,5.1,0.0,1.015,57.287
2026-06-24 21:00:00,Hostel B,39.863,46.677,7.27,5.1,0.0,1.124,60.171
2026-06-24 22:00:00,Hostel B,36.615,33.533,7.766,5.1,0.0,1.049,47.448
2026-06-24 23:00:00,Hostel B,35.159,26.508,7.365,5.1,0.0,1.066,40.04
2026-06-25 00:00:00,Hostel B,35.545,30.458,7.863,5.1,0.0,1.018,44.439
2026-06-25 01:00:00,Hostel B,35.225,33.128,8.486,5.1,0.0,1.018,47.732
2026-06-25 02:00:00,Hostel B,32.173,20.906,7.672,5.1,0.0,1.025,34.703
2026-06-25 03:00:00,Hostel B,34.294,23.876,7.996,5.1,0.0,1.049,38.02
2026-06-25 04:00:00,Hostel B,31.284,15.181,7.367,5.1,0.0,1.116,28.765
2026-06-25 05:00:00,Hostel B,34.194,29.705,8.386,5.1,0.0,1.07,44.261
2026-06-25 06:00:00,Hostel B,34.654,31.754,7.707,5.1,0.0,1.049,45.61
2026-06-25 07:00:00,Hostel B,35.796,28.603,7.381,0.0,0.0,1.063,37.048
2026-06-25 08:00:00,Hostel B,37.478,42.918,8.844,0.0,0.0,1.042,52.804
2026-06-25 09:00:00,Hostel B,38.146,15.822,3.506,0.0,0.0,1.083,20.411
2026-06-25 10:00:00,Hostel B,40.999,14.184,3.419,0.0,0.0,1.07,18.673
2026-06-25 11:00:00,Hostel B,42.061,15.753,3.471,0.0,0.0,1.055,20.28
2026-06-25 12:00:00,Hostel B,44.178,18.096,3.253,0.0,0.0,1.09,22.438
2026-06-25 13:00:00,Hostel B,45.787,17.654,3.159,0.0,0.0,1.057,21.87
2026-06-25 14:00:00,Hostel B,44.922,16.625,3.307,0.0,0.0,1.103,21.036
2026-06-25 15:00:00,Hostel B,44.181,15.433,3.547,0.0,0.0,1.08,20.059
2026-06-25 16:00:00,Hostel B,43.658,16.25,3.648,0.0,0.0,1.035,20.933
2026-06-25 17:00:00,Hostel B,45.894,16.035,3.385,0.0,0.0,1.031,20.451
2026-06-25 18:00:00,Hostel B,44.813,39.063,7.812,5.1,0.0,1.041,53.016
2026-06-25 19:00:00,Hostel B,42.887,40.493,8.422,5.1,0.0,1.116,55.131
2026-06-25 20:00:00,Hostel B,40.613,39.999,8.384,5.1,0.0,1.105,54.589
2026-06-25 21:00:00,Hostel B,39.815,34.939,7.582,5.1,0.0,1.122,48.742
2026-06-25 22:00:00,Hostel B,38.752,37.631,7.917,5.1,0.0,1.096,51.744
2026-06-25 23:00:00,Hostel B,35.382,27.615,7.379,5.1,0.0,1.115,41.21
2026-06-26 00:00:00,Hostel B,34.787,30.832,7.858,5.1,0.0,1.052,44.843
2026-06-26 01:00:00,Hostel B,32.698,22.065,8.502,5.1,0.0,1.082,36.749
2026-06-26 02:00:00,Hostel B,33.075,25.416,7.7,5.1,0.0,1.057,39.273
2026-06-26 03:00:00,Hostel B,34.544,24.725,8.27,5.1,0.0,1.11,39.205
2026-06-26 04:00:00,Hostel B,34.283,26.517,7.725,5.1,0.0,1.125,40.466
2026-06-26 05:00:00,Hostel B,33.939,23.853,7.403,5.1,0.0,1.096,37.452
2026-06-26 06:00:00,Hostel B,32.064,17.581,8.463,5.1,0.0,1.1,32.245
2026-06-26 07:00:00,Hostel B,35.344,34.7,8.192,0.0,0.0,1.112,44.004
2026-06-26 08:00:00,Hostel B,37.549,34.02,8.613,0.0,0.0,1.023,43.657
2026-06-26 09:00:00,Hostel B,38.784,14.814,3.439,0.0,0.0,1.067,19.32
2026-06-26 10:00:00,Hostel B,40.586,15.948,3.541,0.0,0.0,1.095,20.583
2026-06-26 11:00:00,Hostel B,42.243,15.51,3.054,0.0,0.0,1.081,19.645
2026-06-26 12:00:00,Hostel B,42.709,19.214,3.392,0.0,0.0,1.073,23.679
2026-06-26 13:00:00,Hostel B,44.189,19.62,3.21,0.0,0.0,1.056,23.886
2026-06-26 14:00:00,Hostel B,44.646,16.276,3.489,0.0,0.0,1.037,20.802
2026-06-26 15:00:00,Hostel B,44.297,14.969,3.366,0.0,0.0,1.116,19.452
2026-06-26 16:00:00,Hostel B,46.642,16.723,2.98,0.0,0.0,1.095,20.798
2026-06-26 17:00:00,Hostel B,43.72,16.709,3.332,0.0,0.0,1.082,21.122
2026-06-26 18:00:00,Hostel B,40.988,40.153,8.469,5.1,0.0,1.022,54.744
2026-06-26 19:00:00,Hostel B,43.783,33.76,7.609,5.1,0.0,1.025,47.495
2026-06-26 20:00:00,Hostel B,39.707,35.31,8.308,5.1,0.0,1.061,49.78
2026-06-26 21:00:00,Hostel B,39.9,35.491,8.641,5.1,0.0,1.027,50.259
2026-06-26 22:00:00,Hostel B,36.766,34.554,7.256,5.1,0.0,1.029,47.94
2026-06-26 23:00:00,Hostel B,36.569,36.816,8.172,5.1,0.0,1.022,51.109
2026-06-27 00:00:00,Hostel B,34.709,28.415,7.416,4.335,0.0,1.046,41.211
2026-06-27 01:00:00,Hostel B,34.804,37.4,6.261,7.157,0.0,1.014,51.831
2026-06-27 02:00:00,Hostel B,32.991,36.58,6.478,7.157,0.0,1.095,51.309
2026-06-27 03:00:00,Hostel B,32.345,31.029,7.019,7.157,0.0,1.08,46.285
2026-06-27 04:00:00,Hostel B,33.461,32.466,6.957,7.157,0.0,1.07,47.649
2026-06-27 05:00:00,Hostel B,33.421,37.024,7.273,7.157,0.0,1.124,52.577
2026-06-27 06:00:00,Hostel B,32.828,17.677,7.023,4.335,0.0,1.067,30.102
2026-06-27 07:00:00,Hostel B,35.398,31.063,6.943,0.0,0.0,1.11,39.116
2026-06-27 08:00:00,Hostel B,40.316,39.829,6.755,0.0,0.0,1.034,47.617
2026-06-27 09:00:00,Hostel B,37.179,11.403,2.548,0.0,0.0,1.042,14.994
2026-06-27 10:00:00,Hostel B,40.794,12.692,2.868,0.0,0.0,1.049,16.609
2026-06-27 11:00:00,Hostel B,41.757,12.77,2.597,0.0,0.0,1.124,16.491
2026-06-27 12:00:00,Hostel B,45.079,16.29,3.121,0.0,0.0,1.115,20.526
2026-06-27 13:00:00,Hostel B,43.085,12.106,2.548,0.0,0.0,1.063,15.717
2026-06-27 14:00:00,Hostel B,44.897,15.485,2.546,0.0,0.0,1.108,19.139
2026-06-27 15:00:00,Hostel B,45.686,13.158,2.991,0.0,0.0,1.039,17.188
2026-06-27 16:00:00,Hostel B,44.616,14.638,2.562,0.0,0.0,1.079,18.279
2026-06-27 17:00:00,Hostel B,43.429,12.604,2.752,0.0,0.0,1.031,16.387
2026-06-27 18:00:00,Hostel B,43.22,38.282,7.476,4.335,0.0,1.077,51.17
2026-06-27 19:00:00,Hostel B,41.691,36.627,7.264,4.335,0.0,1.038,49.264
2026-06-27 20:00:00,Hostel B,40.241,28.706,6.422,4.335,0.0,1.078,40.542
2026-06-27 21:00:00,Hostel B,39.931,31.34,6.45,4.335,0.0,1.061,43.185
2026-06-27 22:00:00,Hostel B,37.85,33.708,6.968,4.335,0.0,1.075,46.086
2026-06-27 23:00:00,Hostel B,36.552,30.71,6.807,4.335,0.0,1.031,42.882
2026-06-28 00:00:00,Hostel B,35.088,29.182,6.246,4.335,0.0,1.069,40.833
2026-06-28 01:00:00,Hostel B,34.764,40.78,6.31,6.492,0.0,1.048,54.63
2026-06-28 02:00:00,Hostel B,34.509,44.742,7.287,6.492,0.0,1.029,59.55
2026-06-28 03:00:00,Hostel B,32.713,33.796,6.592,6.492,0.0,1.069,47.949
2026-06-28 04:00:00,Hostel B,34.024,42.573,7.281,6.492,0.0,1.028,57.374
2026-06-28 05:00:00,Hostel B,32.508,37.965,6.357,6.492,0.0,1.061,51.875
2026-06-28 06:00:00,Hostel B,32.504,19.561,6.978,4.335,0.0,1.049,31.924
2026-06-28 07:00:00,Hostel B,37.826,39.662,6.835,0.0,0.0,1.074,47.571
2026-06-28 08:00:00,Hostel B,37.114,30.984,6.564,0.0,0.0,1.067,38.615
2026-06-28 09:00:00,Hostel B,39.252,15.225,2.879,0.0,0.0,1.028,19.132
2026-06-28 10:00:00,Hostel B,39.328,11.765,2.577,0.0,0.0,1.044,15.385
2026-06-28 11:00:00,Hostel B,40.729,13.093,3.034,0.0,0.0,1.075,17.202
2026-06-28 12:00:00,Hostel B,42.53,14.557,2.963,0.0,0.0,1.106,18.627
2026-06-28 13:00:00,Hostel B,44.839,16.112,2.678,0.0,0.0,1.019,19.809
2026-06-28 14:00:00,Hostel B,44.279,16.498,2.861,0.0,0.0,1.023,20.382
2026-06-28 15:00:00,Hostel B,44.664,14.623,3.063,0.0,0.0,1.102,18.788
2026-06-28 16:00:00,Hostel B,44.051,16.011,2.763,0.0,0.0,1.051,19.824
2026-06-28 17:00:00,Hostel B,45.362,15.726,2.726,0.0,0.0,1.041,19.494
2026-06-28 18:00:00,Hostel B,44.111,37.881,7.281,4.335,0.0,1.038,50.536
2026-06-28 19:00:00,Hostel B,41.516,29.807,6.071,4.335,0.0,1.122,41.335
2026-06-28 20:00:00,Hostel B,41.237,34.284,7.11,4.335,0.0,1.07,46.799
2026-06-28 21:00:00,Hostel B,38.755,34.377,6.396,4.335,0.0,1.031,46.139
2026-06-28 22:00:00,Hostel B,37.11,35.226,7.122,4.335,0.0,1.058,47.741
2026-06-28 23:00:00,Hostel B,35.95,29.515,6.733,4.335,0.0,1.042,41.625
2026-06-29 00:00:00,Hostel B,35.401,35.431,7.176,5.1,0.0,1.031,48.739
2026-06-29 01:00:00,Hostel B,32.912,38.481,8.701,7.466,0.0,1.123,55.77
2026-06-29 02:00:00,Hostel B,33.707,37.907,8.116,7.466,0.0,1.063,54.55
2026-06-29 03:00:00,Hostel B,35.498,46.78,7.7,7.466,0.0,1.09,63.036
2026-06-29 04:00:00,Hostel B,33.388,36.857,8.396,7.466,0.0,1.114,53.831
2026-06-29 05:00:00,Hostel B,33.84,39.031,8.025,7.466,0.0,1.036,55.557
2026-06-29 06:00:00,Hostel B,34.673,29.125,7.202,5.1,0.0,1.027,42.454
2026-06-29 07:00:00,Hostel B,36.478,41.243,8.301,0.0,0.0,1.042,50.586
2026-06-29 08:00:00,Hostel B,35.837,37.048,8.871,0.0,0.0,1.093,47.011
2026-06-29 09:00:00,Hostel B,40.701,18.222,3.103,0.0,0.0,1.055,22.381
2026-06-29 10:00:00,Hostel B,41.534,15.728,3.574,0.0,0.0,1.068,20.37
2026-06-29 11:00:00,Hostel B,41.355,16.648,3.396,0.0,0.0,1.015,21.059
2026-06-29 12:00:00,Hostel B,43.274,18.878,2.997,0.0,0.0,1.013,22.888
2026-06-29 13:00:00,Hostel B,43.639,19.312,3.477,0.0,0.0,1.058,23.847
2026-06-29 14:00:00,Hostel B,45.095,19.673,3.264,0.0,0.0,1.029,23.967
2026-06-29 15:00:00,Hostel B,45.061,18.119,3.523,0.0,0.0,1.101,22.744
2026-06-29 16:00:00,Hostel B,45.024,18.098,3.407,0.0,0.0,1.12,22.625
2026-06-29 17:00:00,Hostel B,43.168,14.336,2.942,0.0,0.0,1.117,18.394
2026-06-29 18:00:00,Hostel B,42.761,44.249,7.365,5.1,0.0,1.065,57.779
2026-06-29 19:00:00,Hostel B,43.146,38.442,7.769,5.1,0.0,1.045,52.356
2026-06-29 20:00:00,Hostel B,40.019,45.871,8.0,5.1,0.0,1.067,60.038
2026-06-29 21:00:00,Hostel B,36.357,29.024,8.804,5.1,0.0,1.024,43.952
2026-06-29 22:00:00,Hostel B,37.296,44.123,8.607,5.1,0.0,1.119,58.949
2026-06-29 23:00:00,Hostel B,38.411,40.409,8.571,5.1,0.0,1.088,55.168
2026-06-30 00:00:00,Hostel B,35.606,28.262,8.103,5.1,0.0,1.045,42.51
2026-06-30 01:00:00,Hostel B,33.22,25.323,7.306,5.1,0.0,1.098,38.826
2026-06-30 02:00:00,Hostel B,33.154,25.87,8.471,5.1,0.0,1.04,40.481
2026-06-30 03:00:00,Hostel B,33.68,28.578,7.294,5.1,0.0,1.097,42.07
2026-06-30 04:00:00,Hostel B,31.448,19.766,7.303,5.1,0.0,1.058,33.227
2026-06-30 05:00:00,Hostel B,32.948,23.973,7.595,5.1,0.0,1.11,37.778
2026-06-30 06:00:00,Hostel B,35.156,26.433,8.787,5.1,0.0,1.124,41.443
2026-06-30 07:00:00,Hostel B,37.594,44.297,8.479,0.0,0.0,1.049,53.824
2026-06-30 08:00:00,Hostel B,37.008,43.641,7.277,0.0,0.0,1.075,51.992
2026-06-30 09:00:00,Hostel B,40.567,18.376,3.615,0.0,0.0,1.039,23.031
2026-06-30 10:00:00,Hostel B,39.799,13.986,3.516,0.0,0.0,1.103,18.605
2026-06-30 11:00:00,Hostel B,38.614,18.245,3.384,0.0,0.0,1.068,22.696
2026-06-30 12:00:00,Hostel B,43.986,15.374,3.033,0.0,0.0,1.123,19.53
2026-06-30 13:00:00,Hostel B,44.737,19.464,3.175,0.0,0.0,1.112,23.751
2026-06-30 14:00:00,Hostel B,45.532,14.156,3.161,0.0,0.0,1.043,18.361
2026-06-30 15:00:00,Hostel B,45.697,14.326,3.41,0.0,0.0,1.026,18.763
2026-06-30 16:00:00,Hostel B,44.987,14.852,3.372,0.0,0.0,1.082,19.307
2026-06-30 17:00:00,Hostel B,43.937,18.23,3.144,0.0,0.0,1.048,22.422
2026-06-30 18:00:00,Hostel B,43.022,42.812,7.695,5.1,0.0,1.041,56.649
2026-06-30 19:00:00,Hostel B,41.54,43.9,8.065,5.1,0.0,1.074,58.139
2026-06-30 20:00:00,Hostel B,40.153,38.545,8.649,5.1,0.0,1.073,53.367
2026-06-30 21:00:00,Hostel B,37.189,42.97,7.365,5.1,0.0,1.073,56.509
2026-06-30 22:00:00,Hostel B,36.233,33.998,8.435,5.1,0.0,1.046,48.579
2026-06-30 23:00:00,Hostel B,35.837,29.012,8.917,5.1,0.0,1.03,44.059
2026-01-01 00:00:00,Library Block,18.799,0.0,0.201,0.12,0.0,0.447,0.768
2026-01-01 01:00:00,Library Block,20.494,0.0,0.177,0.12,0.0,0.423,0.72
2026-01-01 02:00:00,Library Block,18.753,0.0,0.194,0.12,0.0,0.41,0.723
2026-01-01 03:00:00,Library Block,17.042,0.0,0.173,0.12,0.0,0.439,0.732
2026-01-01 04:00:00,Library Block,19.493,0.0,0.196,0.12,0.0,0.413,0.728
2026-01-01 05:00:00,Library Block,18.564,0.0,0.193,0.12,7.068,0.414,7.796
2026-01-01 06:00:00,Library Block,22.035,0.0,0.203,0.12,7.374,0.434,8.131
2026-01-01 07:00:00,Library Block,21.262,0.0,0.195,0.0,5.307,0.428,5.93
2026-01-01 08:00:00,Library Block,23.013,0.0,0.209,0.0,6.34,0.409,6.957
2026-01-01 09:00:00,Library Block,24.837,0.0,3.018,0.0,0.0,0.441,3.459
2026-01-01 10:00:00,Library Block,27.039,1.544,3.059,0.0,0.0,0.406,5.009
2026-01-01 11:00:00,Library Block,26.561,0.689,2.739,0.0,0.0,0.414,3.842
2026-01-01 12:00:00,Library Block,29.642,4.539,2.761,0.0,0.0,0.433,7.733
2026-01-01 13:00:00,Library Block,28.572,2.89,2.805,0.0,0.0,0.44,6.134
2026-01-01 14:00:00,Library Block,29.434,4.336,2.768,0.0,0.0,0.426,7.529
2026-01-01 15:00:00,Library Block,30.009,5.617,2.78,0.0,0.0,0.425,8.823
2026-01-01 16:00:00,Library Block,30.716,5.098,2.863,0.0,0.0,0.447,8.408
2026-01-01 17:00:00,Library Block,28.866,3.421,2.875,0.0,0.0,0.419,6.714
2026-01-01 18:00:00,Library Block,29.893,5.71,3.155,1.92,0.0,0.43,11.215
2026-01-01 19:00:00,Library Block,28.326,2.634,3.015,1.92,0.0,0.434,8.003
2026-01-01 20:00:00,Library Block,25.593,0.0,3.311,1.92,0.0,0.447,5.678
2026-01-01 21:00:00,Library Block,23.034,0.0,0.182,0.12,0.0,0.439,0.742
2026-01-01 22:00:00,Library Block,23.448,0.0,0.171,0.12,0.0,0.41,0.701
2026-01-01 23:00:00,Library Block,18.904,0.0,0.203,0.12,0.0,0.439,0.763
2026-01-02 00:00:00,Library Block,20.499,0.0,0.203,0.12,0.0,0.433,0.756
2026-01-02 01:00:00,Library Block,17.98,0.0,0.183,0.12,0.0,0.44,0.743
2026-01-02 02:00:00,Library Block,19.461,0.0,0.171,0.12,0.0,0.409,0.7
2026-01-02 03:00:00,Library Block,16.614,0.0,0.205,0.12,0.0,0.446,0.771
2026-01-02 04:00:00,Library Block,17.542,0.0,0.207,0.12,0.0,0.441,0.768
2026-01-02 05:00:00,Library Block,19.242,0.0,0.21,0.12,5.957,0.443,6.73
2026-01-02 06:00:00,Library Block,20.359,0.0,0.184,0.12,6.307,0.445,7.056
2026-01-02 07:00:00,Library Block,20.374,0.0,0.173,0.0,7.458,0.409,8.041
2026-01-02 08:00:00,Library Block,22.115,0.0,0.184,0.0,5.837,0.441,6.462
2026-01-02 09:00:00,Library Block,24.953,0.0,3.082,0.0,0.0,0.437,3.518
2026-01-02 10:00:00,Library Block,26.56,0.651,2.717,0.0,0.0,0.436,3.804
2026-01-02 11:00:00,Library Block,26.648,0.69,2.872,0.0,0.0,0.422,3.984
2026-01-02 12:00:00,Library Block,27.636,2.427,3.321,0.0,0.0,0.417,6.165
2026-01-02 13:00:00,Library Block,27.827,2.693,2.718,0.0,0.0,0.432,5.844
2026-01-02 14:00:00,Library Block,30.049,4.642,2.789,0.0,0.0,0.418,7.85
2026-01-02 15:00:00,Library Block,30.813,5.57,3.078,0.0,0.0,0.446,9.095
2026-01-02 16:00:00,Library Block,29.947,5.175,3.332,0.0,0.0,0.432,8.939
2026-01-02 17:00:00,Library Block,28.271,2.822,3.32,0.0,0.0,0.421,6.563
2026-01-02 18:00:00,Library Block,30.029,5.84,2.861,1.92,0.0,0.406,11.027
2026-01-02 19:00:00,Library Block,24.897,0.0,3.1,1.92,0.0,0.412,5.433
2026-01-02 20:00:00,Library Block,26.431,0.479,3.336,1.92,0.0,0.418,6.154
2026-01-02 21:00:00,Library Block,24.217,0.0,0.194,0.12,0.0,0.412,0.727
2026-01-02 22:00:00,Library Block,22.916,0.0,0.177,0.12,0.0,0.43,0.727
2026-01-02 23:00:00,Library Block,20.213,0.0,0.197,0.12,0.0,0.437,0.755
2026-01-03 00:00:00,Library Block,19.605,0.0,0.161,0.102,0.0,0.445,0.708
2026-01-03 01:00:00,Library Block,19.097,4.756,0.16,2.24,0.0,0.434,7.591
2026-01-03 02:00:00,Library Block,18.119,4.756,0.16,2.24,0.0,0.431,7.587
2026-01-03 03:00:00,Library Block,16.206,4.756,0.147,2.24,0.0,0.416,7.559
2026-01-03 04:00:00,Library Block,19.917,4.756,0.171,2.24,0.0,0.444,7.612
2026-01-03 05:00:00,Library Block,19.454,4.756,0.155,2.24,7.84,0.419,15.411
2026-01-03 06:00:00,Library Block,19.792,0.0,0.149,0.102,7.069,0.437,7.757
2026-01-03 07:00:00,Library Block,21.099,0.0,0.159,0.0,4.857,0.439,5.455
2026-01-03 08:00:00,Library Block,24.131,0.0,0.166,0.0,5.283,0.407,5.856
2026-01-03 09:00:00,Library Block,23.257,0.0,2.601,0.0,0.0,0.434,3.035
2026-01-03 10:00:00,Library Block,24.585,0.0,2.753,0.0,0.0,0.447,3.2
2026-01-03 11:00:00,Library Block,27.85,2.088,2.766,0.0,0.0,0.436,5.291
2026-01-03 12:00:00,Library Block,28.705,2.741,2.639,0.0,0.0,0.426,5.807
2026-01-03 13:00:00,Library Block,28.186,2.546,2.6,0.0,0.0,0.423,5.569
2026-01-03 14:00:00,Library Block,30.884,6.164,2.609,0.0,0.0,0.412,9.184
2026-01-03 15:00:00,Library Block,30.295,4.285,2.509,0.0,0.0,0.415,7.209
2026-01-03 16:00:00,Library Block,28.898,3.273,2.553,0.0,0.0,0.445,6.271
2026-01-03 17:00:00,Library Block,29.686,3.813,2.586,0.0,0.0,0.423,6.821
2026-01-03 18:00:00,Library Block,28.583,2.809,2.742,1.632,0.0,0.412,7.596
2026-01-03 19:00:00,Library Block,26.912,0.843,2.711,1.632,0.0,0.423,5.609
2026-01-03 20:00:00,Library Block,25.937,0.0,2.397,1.632,0.0,0.425,4.453
2026-01-03 21:00:00,Library Block,24.626,0.0,0.178,0.102,0.0,0.42,0.7
2026-01-03 22:00:00,Library Block,23.361,0.0,0.177,0.102,0.0,0.406,0.685
2026-01-03 23:00:00,Library Block,21.107,0.0,0.153,0.102,0.0,0.422,0.676
2026-01-04 00:00:00,Library Block,19.487,0.0,0.178,0.102,0.0,0.445,0.726
2026-01-04 01:00:00,Library Block,19.043,0.0,0.162,0.102,0.0,0.417,0.681
2026-01-04 02:00:00,Library Block,19.395,0.0,0.151,0.102,0.0,0.421,0.674
2026-01-04 03:00:00,Library Block,18.63,0.0,0.169,0.102,0.0,0.437,0.708
2026-01-04 04:00:00,Library Block,17.878,0.0,0.145,0.102,0.0,0.412,0.659
2026-01-04 05:00:00,Library Block,18.86,0.0,0.167,0.102,6.712,0.443,7.424
2026-01-04 06:00:00,Library Block,21.423,0.0,0.173,0.102,5.502,0.43,6.206
2026-01-04 07:00:00,Library Block,21.749,0.0,0.155,0.0,7.434,0.429,8.018
2026-01-04 08:00:00,Library Block,22.599,0.0,0.155,0.0,6.512,0.411,7.078
2026-01-04 09:00:00,Library Block,25.14,0.0,2.44,0.0,0.0,0.408,2.848
2026-01-04 10:00:00,Library Block,25.01,0.0,2.518,0.0,0.0,0.443,2.961
2026-01-04 11:00:00,Library Block,27.329,1.448,2.612,0.0,0.0,0.415,4.475
2026-01-04 12:00:00,Library Block,30.118,4.887,2.72,0.0,0.0,0.425,8.032
2026-01-04 13:00:00,Library Block,29.85,3.492,2.791,0.0,0.0,0.428,6.711
2026-01-04 14:00:00,Library Block,31.416,6.54,2.598,0.0,0.0,0.406,9.544
2026-01-04 15:00:00,Library Block,29.916,4.759,2.556,0.0,0.0,0.437,7.752
2026-01-04 16:00:00,Library Block,29.319,3.627,2.499,0.0,0.0,0.429,6.556
2026-01-04 17:00:00,Library Block,30.356,5.269,2.625,0.0,0.0,0.446,8.34
2026-01-04 18:00:00,Library Block,26.414,0.392,2.368,1.632,0.0,0.411,4.803
2026-01-04 19:00:00,Library Block,27.18,1.479,2.552,1.632,0.0,0.413,6.075
2026-01-04 20:00:00,Library Block,26.584,0.532,2.575,1.632,0.0,0.417,5.156
2026-01-04 21:00:00,Library Block,24.563,0.0,0.165,0.102,0.0,0.419,0.686
2026-01-04 22:00:00,Library Block,20.345,0.0,0.145,0.102,0.0,0.447,0.695
2026-01-04 23:00:00,Library Block,19.654,0.0,0.158,0.102,0.0,0.431,0.691
2026-01-05 00:00:00,Library Block,19.643,0.0,0.2,0.12,0.0,0.417,0.737
2026-01-05 01:00:00,Library Block,19.279,0.0,0.201,0.12,0.0,0.415,0.736
2026-01-05 02:00:00,Library Block,18.719,0.0,0.191,0.12,0.0,0.428,0.739
2026-01-05 03:00:00,Library Block,17.994,0.0,0.205,0.12,0.0,0.414,0.739
2026-01-05 04:00:00,Library Block,18.935,0.0,0.2,0.12,0.0,0.409,0.728
2026-01-05 05:00:00,Library Block,19.241,0.0,0.201,0.12,5.709,0.433,6.464
2026-01-05 06:00:00,Library Block,19.629,0.0,0.201,0.12,5.015,0.435,5.772
2026-01-05 07:00:00,Library Block,21.538,0.0,0.199,0.0,5.504,0.408,6.111
2026-01-05 08:00:00,Library Block,21.8,0.0,0.204,0.0,7.882,0.428,8.514
2026-01-05 09:00:00,Library Block,24.637,0.0,2.753,0.0,0.0,0.431,3.184
2026-01-05 10:00:00,Library Block,24.706,0.0,3.027,0.0,0.0,0.434,3.46
2026-01-05 11:00:00,Library Block,27.487,1.657,3.243,0.0,0.0,0.405,5.305
2026-01-05 12:00:00,Library Block,28.705,2.936,2.761,0.0,0.0,0.441,6.138
2026-01-05 13:00:00,Library Block,28.897,3.562,2.792,0.0,0.0,0.429,6.783
2026-01-05 14:00:00,Library Block,30.431,6.512,2.958,0.0,0.0,0.424,9.894
2026-01-05 15:00:00,Library Block,31.543,8.234,3.067,0.0,0.0,0.425,11.726
2026-01-05 16:00:00,Library Block,28.776,3.531,3.174,0.0,0.0,0.425,7.131
2026-01-05 17:00:00,Library Block,30.15,5.762,3.065,0.0,0.0,0.443,9.27
2026-01-05 18:00:00,Library Block,29.329,4.302,2.834,1.92,0.0,0.436,9.491
2026-01-05 19:00:00,Library Block,26.793,0.873,3.258,1.92,0.0,0.418,6.469
2026-01-05 20:00:00,Library Block,26.354,0.475,2.866,1.92,0.0,0.406,5.667
2026-01-05 21:00:00,Library Block,23.745,0.0,0.204,0.12,0.0,0.422,0.746
2026-01-05 22:00:00,Library Block,23.703,0.0,0.189,0.12,0.0,0.414,0.722
2026-01-05 23:00:00,Library Block,18.261,0.0,0.17,0.12,0.0,0.432,0.722
2026-01-06 00:00:00,Library Block,21.202,0.0,0.188,0.12,0.0,0.434,0.742
2026-01-06 01:00:00,Library Block,17.692,0.0,0.195,0.12,0.0,0.42,0.735
2026-01-06 02:00:00,Library Block,18.294,0.0,0.205,0.12,0.0,0.444,0.769
2026-01-06 03:00:00,Library Block,17.186,0.0,0.192,0.12,0.0,0.449,0.762
2026-01-06 04:00:00,Library Block,19.701,0.0,0.21,0.12,0.0,0.426,0.756
2026-01-06 05:00:00,Library Block,18.575,0.0,0.184,0.12,5.76,0.426,6.49
2026-01-06 06:00:00,Library Block,19.215,0.0,0.178,0.12,5.527,0.409,6.234
2026-01-06 07:00:00,Library Block,22.12,0.0,0.187,0.0,5.342,0.445,5.973
2026-01-06 08:00:00,Library Block,23.179,0.0,0.196,0.0,7.532,0.411,8.139
2026-01-06 09:00:00,Library Block,23.666,0.0,2.752,0.0,0.0,0.433,3.185
2026-01-06 10:00:00,Library Block,24.562,0.0,2.748,0.0,0.0,0.434,3.183
2026-01-06 11:00:00,Library Block,25.874,0.0,3.108,0.0,0.0,0.421,3.528
2026-01-06 12:00:00,Library Block,29.518,5.13,2.946,0.0,0.0,0.409,8.485
2026-01-06 13:00:00,Library Block,29.615,4.214,3.214,0.0,0.0,0.434,7.862
2026-01-06 14:00:00,Library Block,29.969,5.952,2.865,0.0,0.0,0.42,9.238
2026-01-06 15:00:00,Library Block,30.492,5.907,2.979,0.0,0.0,0.412,9.298
2026-01-06 16:00:00,Library Block,27.847,2.149,3.034,0.0,0.0,0.446,5.629
2026-01-06 17:00:00,Library Block,28.872,3.908,3.321,0.0,0.0,0.427,7.656
2026-01-06 18:00:00,Library Block,27.945,2.685,2.693,1.92,0.0,0.437,7.735
2026-01-06 19:00:00,Library Block,27.981,2.554,2.834,1.92,0.0,0.419,7.727
2026-01-06 20:00:00,Library Block,24.084,0.0,2.75,1.92,0.0,0.412,5.082
2026-01-06 21:00:00,Library Block,25.054,0.0,0.21,0.12,0.0,0.407,0.736
2026-01-06 22:00:00,Library Block,24.242,0.0,0.174,0.12,0.0,0.421,0.714
2026-01-06 23:00:00,Library Block,19.281,0.0,0.203,0.12,0.0,0.407,0.73
2026-01-07 00:00:00,Library Block,19.774,0.0,0.19,0.12,0.0,0.45,0.759
2026-01-07 01:00:00,Library Block,19.303,0.0,0.201,0.12,0.0,0.415,0.736
2026-01-07 02:00:00,Library Block,19.078,0.0,0.181,0.12,0.0,0.411,0.711
2026-01-07 03:00:00,Library Block,15.835,0.0,0.188,0.12,0.0,0.442,0.75
2026-01-07 04:00:00,Library Block,18.542,0.0,0.209,0.12,0.0,0.441,0.77
2026-01-07 05:00:00,Library Block,18.585,0.0,0.172,0.12,5.21,0.45,5.952
2026-01-07 06:00:00,Library Block,19.474,0.0,0.194,0.12,7.134,0.416,7.864
2026-01-07 07:00:00,Library Block,23.069,0.0,0.208,0.0,5.71,0.407,6.325
2026-01-07 08:00:00,Library Block,22.232,0.0,0.173,0.0,6.677,0.438,7.288
2026-01-07 09:00:00,Library Block,24.45,0.0,3.253,0.0,0.0,0.441,3.694
2026-01-07 10:00:00,Library Block,25.433,0.0,2.874,0.0,0.0,0.421,3.294
2026-01-07 11:00:00,Library Block,27.241,1.822,2.823,0.0,0.0,0.447,5.092
2026-01-07 12:00:00,Library Block,28.795,3.763,2.8,0.0,0.0,0.44,7.002
2026-01-07 13:00:00,Library Block,30.089,5.087,3.182,0.0,0.0,0.423,8.693
2026-01-07 14:00:00,Library Block,29.019,3.229,2.712,0.0,0.0,0.437,6.378
2026-01-07 15:00:00,Library Block,30.153,5.495,2.971,0.0,0.0,0.405,8.87
2026-01-07 16:00:00,Library Block,29.984,4.86,3.156,0.0,0.0,0.42,8.437
2026-01-07 17:00:00,Library Block,27.548,2.182,2.782,0.0,0.0,0.413,5.376
2026-01-07 18:00:00,Library Block,27.289,1.813,2.839,1.92,0.0,0.419,6.991
2026-01-07 19:00:00,Library Block,27.891,2.57,2.79,1.92,0.0,0.414,7.695
2026-01-07 20:00:00,Library Block,25.091,0.0,2.706,1.92,0.0,0.437,5.063
2026-01-07 21:00:00,Library Block,26.612,0.043,0.187,0.12,0.0,0.442,0.793
2026-01-07 22:00:00,Library Block,23.41,0.0,0.189,0.12,0.0,0.413,0.722
2026-01-07 23:00:00,Library Block,21.452,0.0,0.208,0.12,0.0,0.424,0.751
2026-01-08 00:00:00,Library Block,21.268,0.0,0.199,0.12,0.0,0.432,0.751
2026-01-08 01:00:00,Library Block,19.577,4.087,0.209,3.651,0.0,0.412,8.358
2026-01-08 02:00:00,Library Block,18.389,4.087,0.2,3.651,0.0,0.421,8.359
2026-01-08 03:00:00,Library Block,16.586,4.087,0.209,3.651,0.0,0.414,8.361
2026-01-08 04:00:00,Library Block,18.87,4.087,0.178,3.651,0.0,0.43,8.346
2026-01-08 05:00:00,Library Block,20.201,4.087,0.175,3.651,7.599,0.446,15.957
2026-01-08 06:00:00,Library Block,19.164,0.0,0.184,0.12,7.659,0.426,8.389
2026-01-08 07:00:00,Library Block,19.174,0.0,0.189,0.0,7.617,0.435,8.241
2026-01-08 08:00:00,Library Block,21.378,0.0,0.203,0.0,7.495,0.437,8.135
2026-01-08 09:00:00,Library Block,25.759,0.0,3.052,0.0,0.0,0.45,3.501
2026-01-08 10:00:00,Library Block,25.633,0.0,3.328,0.0,0.0,0.433,3.761
2026-01-08 11:00:00,Library Block,28.46,3.515,2.882,0.0,0.0,0.413,6.811
2026-01-08 12:00:00,Library Block,28.262,3.1,3.077,0.0,0.0,0.405,6.583
2026-01-08 13:00:00,Library Block,28.7,4.047,3.126,0.0,0.0,0.411,7.585
2026-01-08 14:00:00,Library Block,31.93,6.229,2.793,0.0,0.0,0.411,9.432
2026-01-08 15:00:00,Library Block,29.628,4.12,3.216,0.0,0.0,0.429,7.765
2026-01-08 16:00:00,Library Block,29.546,3.863,3.118,0.0,0.0,0.425,7.405
2026-01-08 17:00:00,Library Block,29.657,4.932,2.817,0.0,0.0,0.433,8.181
2026-01-08 18:00:00,Library Block,27.953,2.425,2.966,1.92,0.0,0.408,7.72
2026-01-08 19:00:00,Library Block,27.778,2.116,3.119,1.92,0.0,0.442,7.597
2026-01-08 20:00:00,Library Block,25.999,0.0,3.181,1.92,0.0,0.41,5.511
2026-01-08 21:00:00,Library Block,24.486,0.0,0.186,0.12,0.0,0.436,0.741
2026-01-08 22:00:00,Library Block,21.83,0.0,0.198,0.12,0.0,0.436,0.755
2026-01-08 23:00:00,Library Block,19.338,0.0,0.179,0.12,0.0,0.431,0.73
2026-01-09 00:00:00,Library Block,18.925,0.0,0.181,0.12,0.0,0.413,0.714
2026-01-09 01:00:00,Library Block,18.06,0.0,0.168,0.12,0.0,0.433,0.721
2026-01-09 02:00:00,Library Block,18.497,0.0,0.188,0.12,0.0,0.447,0.755
2026-01-09 03:00:00,Library Block,17.185,0.0,0.176,0.12,0.0,0.441,0.737
2026-01-09 04:00:00,Library Block,16.739,0.0,0.193,0.12,0.0,0.411,0.724
2026-01-09 05:00:00,Library Block,17.657,0.0,0.209,0.12,4.825,0.42,5.574
2026-01-09 06:00:00,Library Block,20.145,0.0,0.21,0.12,7.431,0.441,8.201
2026-01-09 07:00:00,Library Block,21.687,0.0,0.184,0.0,4.896,0.414,5.494
2026-01-09 08:00:00,Library Block,21.94,0.0,0.199,0.0,5.23,0.437,5.866
2026-01-09 09:00:00,Library Block,23.6,0.0,3.334,0.0,0.0,0.446,3.78
2026-01-09 10:00:00,Library Block,26.167,0.21,3.04,0.0,0.0,0.418,3.668
2026-01-09 11:00:00,Library Block,27.165,1.237,2.912,0.0,0.0,0.409,4.559
2026-01-09 12:00:00,Library Block,29.429,4.615,2.793,0.0,0.0,0.426,7.834
2026-01-09 13:00:00,Library Block,29.038,4.511,2.806,0.0,0.0,0.419,7.737
2026-01-09 14:00:00,Library Block,28.964,4.353,3.262,0.0,0.0,0.428,8.043
2026-01-09 15:00:00,Library Block,31.086,5.689,2.862,0.0,0.0,0.419,8.969
2026-01-09 16:00:00,Library Block,29.484,4.426,2.87,0.0,0.0,0.428,7.724
2026-01-09 17:00:00,Library Block,28.407,3.473,3.19,0.0,0.0,0.412,7.075
2026-01-09 18:00:00,Library Block,29.135,3.88,3.25,1.92,0.0,0.413,9.463
2026-01-09 19:00:00,Library Block,28.449,3.143,2.828,1.92,0.0,0.422,8.313
2026-01-09 20:00:00,Library Block,25.736,0.0,3.151,1.92,0.0,0.409,5.48
2026-01-09 21:00:00,Library Block,22.996,0.0,0.187,0.12,0.0,0.449,0.756
2026-01-09 22:00:00,Library Block,23.982,0.0,0.18,0.12,0.0,0.42,0.719
2026-01-09 23:00:00,Library Block,21.377,0.0,0.19,0.12,0.0,0.414,0.724
2026-01-10 00:00:00,Library Block,19.977,0.0,0.171,0.102,0.0,0.437,0.709
2026-01-10 01:00:00,Library Block,18.4,0.0,0.146,0.102,0.0,0.424,0.672
2026-01-10 02:00:00,Library Block,19.334,0.0,0.145,0.102,0.0,0.448,0.695
2026-01-10 03:00:00,Library Block,16.892,0.0,0.175,0.102,0.0,0.407,0.685
2026-01-10 04:00:00,Library Block,17.001,0.0,0.177,0.102,0.0,0.427,0.706
2026-01-10 05:00:00,Library Block,20.698,0.0,0.162,0.102,6.53,0.416,7.209
2026-01-10 06:00:00,Library Block,18.895,0.0,0.148,0.102,4.832,0.437,5.519
2026-01-10 07:00:00,Library Block,21.96,0.0,0.146,0.0,5.65,0.43,6.225
2026-01-10 08:00:00,Library Block,23.826,0.0,0.148,0.0,7.65,0.416,8.214
2026-01-10 09:00:00,Library Block,24.21,0.0,2.446,0.0,0.0,0.429,2.875
2026-01-10 10:00:00,Library Block,24.672,0.0,2.675,0.0,0.0,0.44,3.115
2026-01-10 11:00:00,Library Block,27.63,1.742,2.348,0.0,0.0,0.449,4.538
2026-01-10 12:00:00,Library Block,29.634,4.523,2.363,0.0,0.0,0.415,7.301
2026-01-10 13:00:00,Library Block,29.539,4.074,2.692,0.0,0.0,0.407,7.173
2026-01-10 14:00:00,Library Block,29.049,3.121,2.432,0.0,0.0,0.43,5.983
2026-01-10 15:00:00,Library Block,30.306,5.381,2.408,0.0,0.0,0.419,8.209
2026-01-10 16:00:00,Library Block,28.411,2.302,2.618,0.0,0.0,0.439,5.358
2026-01-10 17:00:00,Library Block,28.222,2.132,2.33,0.0,0.0,0.44,4.902
2026-01-10 18:00:00,Library Block,27.984,1.948,2.644,1.632,0.0,0.414,6.637
2026-01-10 19:00:00,Library Block,27.062,1.042,2.296,1.632,0.0,0.425,5.395
2026-01-10 20:00:00,Library Block,24.351,0.0,2.418,1.632,0.0,0.406,4.456
2026-01-10 21:00:00,Library Block,24.25,0.0,0.159,0.102,0.0,0.438,0.699
2026-01-10 22:00:00,Library Block,22.969,0.0,0.165,0.102,0.0,0.43,0.697
2026-01-10 23:00:00,Library Block,20.785,0.0,0.15,0.102,0.0,0.449,0.701
2026-01-11 00:00:00,Library Block,17.599,0.0,0.174,0.102,0.0,0.42,0.696
2026-01-11 01:00:00,Library Block,18.908,0.0,0.176,0.102,0.0,0.435,0.712
2026-01-11 02:00:00,Library Block,20.019,0.0,0.16,0.102,0.0,0.431,0.693
2026-01-11 03:00:00,Library Block,18.458,0.0,0.153,0.102,0.0,0.43,0.684
2026-01-11 04:00:00,Library Block,18.22,0.0,0.147,0.102,0.0,0.424,0.673
2026-01-11 05:00:00,Library Block,18.431,0.0,0.176,0.102,4.817,0.422,5.517
2026-01-11 06:00:00,Library Block,20.334,0.0,0.148,0.102,6.384,0.415,7.049
2026-01-11 07:00:00,Library Block,21.208,0.0,0.153,0.0,6.599,0.436,7.189
2026-01-11 08:00:00,Library Block,23.154,0.0,0.155,0.0,5.95,0.437,6.542
2026-01-11 09:00:00,Library Block,22.904,0.0,2.438,0.0,0.0,0.435,2.873
2026-01-11 10:00:00,Library Block,25.674,0.0,2.286,0.0,0.0,0.449,2.735
2026-01-11 11:00:00,Library Block,26.539,0.541,2.403,0.0,0.0,0.42,3.364
2026-01-11 12:00:00,Library Block,28.614,2.548,2.712,0.0,0.0,0.412,5.672
2026-01-11 13:00:00,Library Block,27.251,1.425,2.402,0.0,0.0,0.408,4.235
2026-01-11 14:00:00,Library Block,29.403,3.662,2.721,0.0,0.0,0.411,6.794
2026-01-11 15:00:00,Library Block,30.542,5.509,2.522,0.0,0.0,0.417,8.448
2026-01-11 16:00:00,Library Block,30.499,4.169,2.331,0.0,0.0,0.408,6.908
2026-01-11 17:00:00,Library Block,29.166,2.865,2.757,0.0,0.0,0.447,6.07
2026-01-11 18:00:00,Library Block,26.082,0.085,2.648,1.632,0.0,0.42,4.784
2026-01-11 19:00:00,Library Block,27.641,1.763,2.634,1.632,0.0,0.447,6.476
2026-01-11 20:00:00,Library Block,27.137,1.293,2.371,1.632,0.0,0.422,5.718
2026-01-11 21:00:00,Library Block,23.161,0.0,0.165,0.102,0.0,0.429,0.696
2026-01-11 22:00:00,Library Block,22.021,0.0,0.171,0.102,0.0,0.432,0.705
2026-01-11 23:00:00,Library Block,21.807,0.0,0.178,0.102,0.0,0.423,0.703
2026-01-12 00:00:00,Library Block,20.591,0.0,0.196,0.12,0.0,0.421,0.737
2026-01-12 01:00:00,Library Block,19.901,0.0,0.186,0.12,0.0,0.435,0.741
2026-01-12 02:00:00,Library Block,19.219,0.0,0.202,0.12,0.0,0.446,0.768
2026-01-12 03:00:00,Library Block,16.468,0.0,0.17,0.12,0.0,0.439,0.729
2026-01-12 04:00:00,Library Block,17.725,0.0,0.186,0.12,0.0,0.425,0.73
2026-01-12 05:00:00,Library Block,19.43,0.0,0.199,0.12,5.397,0.44,6.156
2026-01-12 06:00:00,Library Block,19.671,0.0,0.183,0.12,5.282,0.433,6.019
2026-01-12 07:00:00,Library Block,21.366,0.0,0.17,0.0,6.053,0.428,6.651
2026-01-12 08:00:00,Library Block,22.317,0.0,0.173,0.0,6.512,0.445,7.129
2026-01-12 09:00:00,Library Block,23.564,0.0,2.8,0.0,0.0,0.428,3.228
2026-01-12 10:00:00,Library Block,25.311,0.0,3.247,0.0,0.0,0.425,3.671
2026-01-12 11:00:00,Library Block,25.878,0.0,3.172,0.0,0.0,0.435,3.607
2026-01-12 12:00:00,Library Block,27.519,2.031,3.201,0.0,0.0,0.425,5.657
2026-01-12 13:00:00,Library Block,29.129,3.483,3.299,0.0,0.0,0.418,7.2
2026-01-12 14:00:00,Library Block,29.747,3.964,2.891,0.0,0.0,0.428,7.283
2026-01-12 15:00:00,Library Block,30.568,5.342,3.187,0.0,0.0,0.447,8.977
2026-01-12 16:00:00,Library Block,29.51,3.767,2.933,0.0,0.0,0.428,7.128
2026-01-12 17:00:00,Library Block,30.872,5.193,3.216,0.0,0.0,0.45,8.858
2026-01-12 18:00:00,Library Block,29.473,4.059,3.156,1.92,0.0,0.442,9.576
2026-01-12 19:00:00,Library Block,26.498,0.746,3.353,1.92,0.0,0.427,6.446
2026-01-12 20:00:00,Library Block,25.751,0.0,3.197,1.92,0.0,0.42,5.537
2026-01-12 21:00:00,Library Block,25.213,0.0,0.168,0.12,0.0,0.434,0.722
2026-01-12 22:00:00,Library Block,21.806,0.0,0.197,0.12,0.0,0.448,0.765
2026-01-12 23:00:00,Library Block,20.252,0.0,0.172,0.12,0.0,0.424,0.716
2026-01-13 00:00:00,Library Block,21.057,0.0,0.191,0.12,0.0,0.415,0.726
2026-01-13 01:00:00,Library Block,19.495,0.0,0.175,0.12,0.0,0.411,0.705
2026-01-13 02:00:00,Library Block,19.278,0.0,0.189,0.12,0.0,0.428,0.737
2026-01-13 03:00:00,Library Block,18.315,0.0,0.201,0.12,0.0,0.425,0.746
2026-01-13 04:00:00,Library Block,17.95,0.0,0.18,0.12,0.0,0.428,0.728
2026-01-13 05:00:00,Library Block,17.462,0.0,0.174,0.12,7.724,0.427,8.446
2026-01-13 06:00:00,Library Block,19.894,0.0,0.181,0.12,5.7,0.431,6.433
2026-01-13 07:00:00,Library Block,22.232,0.0,0.175,0.0,7.512,0.419,8.107
2026-01-13 08:00:00,Library Block,23.691,0.0,0.176,0.0,7.603,0.426,8.206
2026-01-13 09:00:00,Library Block,25.071,0.0,3.157,0.0,0.0,0.424,3.581
2026-01-13 10:00:00,Library Block,26.34,0.458,3.161,0.0,0.0,0.429,4.049
2026-01-13 11:00:00,Library Block,29.211,4.317,3.044,0.0,0.0,0.425,7.786
2026-01-13 12:00:00,Library Block,26.691,0.948,2.857,0.0,0.0,0.434,4.24
2026-01-13 13:00:00,Library Block,29.427,4.387,3.044,0.0,0.0,0.437,7.868
2026-01-13 14:00:00,Library Block,28.859,3.868,3.325,0.0,0.0,0.423,7.617
2026-01-13 15:00:00,Library Block,31.552,7.812,2.946,0.0,0.0,0.438,11.196
2026-01-13 16:00:00,Library Block,29.243,4.265,2.973,0.0,0.0,0.446,7.684
2026-01-13 17:00:00,Library Block,30.205,4.489,3.02,0.0,0.0,0.44,7.949
2026-01-13 18:00:00,Library Block,27.793,2.295,2.808,1.92,0.0,0.44,7.463
2026-01-13 19:00:00,Library Block,27.42,1.873,2.852,1.92,0.0,0.438,7.083
2026-01-13 20:00:00,Library Block,25.444,0.0,3.152,1.92,0.0,0.423,5.495
2026-01-13 21:00:00,Library Block,23.986,0.0,0.175,0.12,0.0,0.448,0.743
2026-01-13 22:00:00,Library Block,22.781,0.0,0.193,0.12,0.0,0.414,0.727
2026-01-13 23:00:00,Library Block,21.92,0.0,0.184,0.12,0.0,0.418,0.722
2026-01-14 00:00:00,Library Block,19.648,0.0,0.181,0.12,0.0,0.414,0.715
2026-01-14 01:00:00,Library Block,19.695,0.0,0.191,0.12,0.0,0.427,0.738
2026-01-14 02:00:00,Library Block,19.242,0.0,0.177,0.12,0.0,0.439,0.736
2026-01-14 03:00:00,Library Block,17.583,0.0,0.181,0.12,0.0,0.417,0.718
2026-01-14 04:00:00,Library Block,20.09,0.0,0.19,0.12,0.0,0.448,0.758
2026-01-14 05:00:00,Library Block,19.549,0.0,0.196,0.12,5.584,0.435,6.335
2026-01-14 06:00:00,Library Block,19.326,0.0,0.203,0.12,6.645,0.447,7.415
2026-01-14 07:00:00,Library Block,21.614,0.0,0.203,0.0,4.995,0.432,5.63
2026-01-14 08:00:00,Library Block,23.486,0.0,0.189,0.0,7.817,0.431,8.437
2026-01-14 09:00:00,Library Block,24.59,0.0,2.738,0.0,0.0,0.448,3.186
2026-01-14 10:00:00,Library Block,25.755,0.0,2.814,0.0,0.0,0.448,3.262
2026-01-14 11:00:00,Library Block,23.549,0.0,2.688,0.0,0.0,0.436,3.125
2026-01-14 12:00:00,Library Block,27.275,1.533,2.813,0.0,0.0,0.41,4.755
2026-01-14 13:00:00,Library Block,29.875,4.707,2.709,0.0,0.0,0.41,7.826
2026-01-14 14:00:00,Library Block,28.808,3.724,3.168,0.0,0.0,0.407,7.299
2026-01-14 15:00:00,Library Block,30.514,6.309,3.055,0.0,0.0,0.412,9.775
2026-01-14 16:00:00,Library Block,30.68,6.645,2.712,0.0,0.0,0.43,9.787
2026-01-14 17:00:00,Library Block,29.084,3.626,3.103,0.0,0.0,0.425,7.155
2026-01-14 18:00:00,Library Block,26.478,0.537,3.235,1.92,0.0,0.436,6.128
2026-01-14 19:00:00,Library Block,26.263,0.393,2.707,1.92,0.0,0.445,5.465
2026-01-14 20:00:00,Library Block,26.238,0.254,2.773,1.92,0.0,0.422,5.37
2026-01-14 21:00:00,Library Block,25.257,0.0,0.188,0.12,0.0,0.444,0.752
2026-01-14 22:00:00,Library Block,20.365,0.0,0.17,0.12,0.0,0.445,0.735
2026-01-14 23:00:00,Library Block,21.081,0.0,0.169,0.12,0.0,0.436,0.724
2026-01-15 00:00:00,Library Block,18.29,0.0,0.192,0.12,0.0,0.443,0.755
2026-01-15 01:00:00,Library Block,18.894,0.0,0.192,0.12,0.0,0.447,0.758
2026-01-15 02:00:00,Library Block,18.047,0.0,0.202,0.12,0.0,0.426,0.747
2026-01-15 03:00:00,Library Block,20.36,0.0,0.171,0.12,0.0,0.428,0.719
2026-01-15 04:00:00,Library Block,17.666,0.0,0.206,0.12,0.0,0.428,0.754
2026-01-15 05:00:00,Library Block,19.853,0.0,0.169,0.12,6.124,0.426,6.838
2026-01-15 06:00:00,Library Block,20.766,0.0,0.181,0.12,5.255,0.448,6.003
2026-01-15 07:00:00,Library Block,20.805,0.0,0.17,0.0,7.73,0.409,8.309
2026-01-15 08:00:00,Library Block,22.566,0.0,0.178,0.0,5.181,0.421,5.78
2026-01-15 09:00:00,Library Block,24.0,0.0,3.236,0.0,0.0,0.446,3.682
2026-01-15 10:00:00,Library Block,24.809,0.0,2.772,0.0,0.0,0.44,3.212
2026-01-15 11:00:00,Library Block,26.17,0.208,2.824,0.0,0.0,0.418,3.449
2026-01-15 12:00:00,Library Block,27.833,1.985,3.099,0.0,0.0,0.435,5.519
2026-01-15 13:00:00,Library Block,28.058,2.886,2.703,0.0,0.0,0.405,5.993
2026-01-15 14:00:00,Library Block,29.295,3.56,3.093,0.0,0.0,0.429,7.082
2026-01-15 15:00:00,Library Block,29.805,4.228,3.289,0.0,0.0,0.446,7.963
2026-01-15 16:00:00,Library Block,29.957,4.256,2.735,0.0,0.0,0.433,7.424
2026-01-15 17:00:00,Library Block,29.64,4.137,2.692,0.0,0.0,0.446,7.275
2026-01-15 18:00:00,Library Block,28.046,2.553,2.961,1.92,0.0,0.408,7.842
2026-01-15 19:00:00,Library Block,26.231,0.247,3.259,1.92,0.0,0.429,5.854
2026-01-15 20:00:00,Library Block,25.978,0.0,3.316,1.92,0.0,0.436,5.672
2026-01-15 21:00:00,Library Block,24.791,0.0,0.202,0.12,0.0,0.406,0.728
2026-01-15 22:00:00,Library Block,21.961,0.0,0.195,0.12,0.0,0.444,0.759
2026-01-15 23:00:00,Library Block,20.017,0.0,0.186,0.12,0.0,0.417,0.722
2026-01-16 00:00:00,Library Block,19.311,0.0,0.201,0.12,0.0,0.444,0.765
2026-01-16 01:00:00,Library Block,18.622,0.0,0.2,0.12,0.0,0.418,0.737
2026-01-16 02:00:00,Library Block,19.35,0.0,0.176,0.12,0.0,0.449,0.745
2026-01-16 03:00:00,Library Block,18.694,0.0,0.198,0.12,0.0,0.445,0.763
2026-01-16 04:00:00,Library Block,18.201,0.0,0.201,0.12,0.0,0.444,0.765
2026-01-16 05:00:00,Library Block,20.705,0.0,0.206,0.12,6.75,0.436,7.511
2026-01-16 06:00:00,Library Block,19.723,0.0,0.199,0.12,7.415,0.423,8.157
2026-01-16 07:00:00,Library Block,22.414,0.0,0.199,0.0,5.762,0.426,6.386
2026-01-16 08:00:00,Library Block,23.668,0.0,0.206,0.0,6.311,0.431,6.948
2026-01-16 09:00:00,Library Block,25.151,0.0,2.819,0.0,0.0,0.417,3.236
2026-01-16 10:00:00,Library Block,25.874,0.0,3.058,0.0,0.0,0.417,3.474
2026-01-16 11:00:00,Library Block,27.117,1.503,3.288,0.0,0.0,0.427,5.218
2026-01-16 12:00:00,Library Block,28.248,3.016,3.112,0.0,0.0,0.429,6.558
2026-01-16 13:00:00,Library Block,30.046,5.067,3.314,0.0,0.0,0.441,8.822
2026-01-16 14:00:00,Library Block,29.006,4.155,2.722,0.0,0.0,0.439,7.315
2026-01-16 15:00:00,Library Block,29.737,4.723,2.832,0.0,0.0,0.433,7.988
2026-01-16 16:00:00,Library Block,31.463,7.841,2.837,0.0,0.0,0.434,11.112
2026-01-16 17:00:00,Library Block,29.82,4.244,2.741,0.0,0.0,0.444,7.429
2026-01-16 18:00:00,Library Block,29.197,3.382,3.106,1.92,0.0,0.408,8.816
2026-01-16 19:00:00,Library Block,25.779,0.0,2.958,1.92,0.0,0.431,5.308
2026-01-16 20:00:00,Library Block,25.121,0.0,2.851,1.92,0.0,0.408,5.179
2026-01-16 21:00:00,Library Block,24.334,0.0,0.199,0.12,0.0,0.41,0.729
2026-01-16 22:00:00,Library Block,22.406,0.0,0.196,0.12,0.0,0.426,0.743
2026-01-16 23:00:00,Library Block,19.775,0.0,0.17,0.12,0.0,0.423,0.712
2026-01-17 00:00:00,Library Block,20.517,0.0,0.158,0.102,0.0,0.438,0.699
2026-01-17 01:00:00,Library Block,19.881,0.0,0.169,0.102,0.0,0.442,0.712
2026-01-17 02:00:00,Library Block,17.919,0.0,0.146,0.102,0.0,0.441,0.689
2026-01-17 03:00:00,Library Block,18.796,0.0,0.171,0.102,0.0,0.431,0.704
2026-01-17 04:00:00,Library Block,20.234,0.0,0.165,0.102,0.0,0.405,0.672
2026-01-17 05:00:00,Library Block,20.329,0.0,0.168,0.102,7.869,0.406,8.546
2026-01-17 06:00:00,Library Block,19.517,0.0,0.152,0.102,6.137,0.414,6.804
2026-01-17 07:00:00,Library Block,19.896,0.0,0.169,0.0,6.13,0.417,6.717
2026-01-17 08:00:00,Library Block,22.677,0.0,0.149,0.0,6.306,0.426,6.881
2026-01-17 09:00:00,Library Block,26.347,0.352,2.776,0.0,0.0,0.422,3.551
2026-01-17 10:00:00,Library Block,26.891,1.111,2.402,0.0,0.0,0.412,3.925
2026-01-17 11:00:00,Library Block,26.994,1.119,2.438,0.0,0.0,0.409,3.967
2026-01-17 12:00:00,Library Block,29.805,4.836,2.668,0.0,0.0,0.406,7.91
2026-01-17 13:00:00,Library Block,30.365,4.944,2.475,0.0,0.0,0.408,7.827
2026-01-17 14:00:00,Library Block,27.896,1.763,2.461,0.0,0.0,0.405,4.629
2026-01-17 15:00:00,Library Block,31.062,5.807,2.321,0.0,0.0,0.406,8.534
2026-01-17 16:00:00,Library Block,29.914,4.79,2.753,0.0,0.0,0.425,7.968
2026-01-17 17:00:00,Library Block,28.33,2.892,2.547,0.0,0.0,0.435,5.875
2026-01-17 18:00:00,Library Block,28.334,2.578,2.509,1.632,0.0,0.424,7.143
2026-01-17 19:00:00,Library Block,27.414,1.327,2.425,1.632,0.0,0.417,5.801
2026-01-17 20:00:00,Library Block,24.759,0.0,2.602,1.632,0.0,0.433,4.667
2026-01-17 21:00:00,Library Block,23.88,0.0,0.163,0.102,0.0,0.433,0.698
2026-01-17 22:00:00,Library Block,22.116,0.0,0.143,0.102,0.0,0.437,0.682
2026-01-17 23:00:00,Library Block,21.795,0.0,0.146,0.102,0.0,0.418,0.666
2026-01-18 00:00:00,Library Block,19.456,0.0,0.165,0.102,0.0,0.448,0.715
2026-01-18 01:00:00,Library Block,17.104,0.0,0.153,0.102,0.0,0.413,0.668
2026-01-18 02:00:00,Library Block,17.757,0.0,0.178,0.102,0.0,0.448,0.728
2026-01-18 03:00:00,Library Block,17.054,0.0,0.152,0.102,0.0,0.433,0.687
2026-01-18 04:00:00,Library Block,16.91,0.0,0.148,0.102,0.0,0.417,0.667
2026-01-18 05:00:00,Library Block,19.984,0.0,0.144,0.102,5.358,0.414,6.018
2026-01-18 06:00:00,Library Block,20.561,0.0,0.167,0.102,7.363,0.415,8.048
2026-01-18 07:00:00,Library Block,20.033,0.0,0.153,0.0,5.699,0.434,6.286
2026-01-18 08:00:00,Library Block,21.178,0.0,0.153,0.0,5.282,0.448,5.882
2026-01-18 09:00:00,Library Block,23.897,0.0,2.348,0.0,0.0,0.444,2.792
2026-01-18 10:00:00,Library Block,24.229,0.0,2.315,0.0,0.0,0.449,2.764
2026-01-18 11:00:00,Library Block,26.758,0.88,2.416,0.0,0.0,0.419,3.716
2026-01-18 12:00:00,Library Block,28.313,2.78,2.511,0.0,0.0,0.422,5.714
2026-01-18 13:00:00,Library Block,29.501,3.609,2.663,0.0,0.0,0.439,6.71
2026-01-18 14:00:00,Library Block,30.136,4.681,2.343,0.0,0.0,0.416,7.44
2026-01-18 15:00:00,Library Block,29.219,3.691,2.494,0.0,0.0,0.42,6.605
2026-01-18 16:00:00,Library Block,29.866,4.824,2.852,0.0,0.0,0.418,8.094
2026-01-18 17:00:00,Library Block,30.477,5.344,2.674,0.0,0.0,0.423,8.441
2026-01-18 18:00:00,Library Block,26.146,0.141,2.856,1.632,0.0,0.44,5.068
2026-01-18 19:00:00,Library Block,27.326,1.5,2.33,1.632,0.0,0.405,5.868
2026-01-18 20:00:00,Library Block,24.375,0.0,2.516,1.632,0.0,0.406,4.554
2026-01-18 21:00:00,Library Block,25.404,0.0,0.151,0.102,0.0,0.405,0.658
2026-01-18 22:00:00,Library Block,23.264,0.0,0.176,0.102,0.0,0.434,0.712
2026-01-18 23:00:00,Library Block,21.785,0.0,0.175,0.102,0.0,0.421,0.699
2026-01-19 00:00:00,Library Block,18.904,0.0,0.192,0.12,0.0,0.426,0.738
2026-01-19 01:00:00,Library Block,19.068,6.714,0.181,2.629,0.0,0.426,9.95
2026-01-19 02:00:00,Library Block,18.58,6.714,0.191,2.629,0.0,0.414,9.948
2026-01-19 03:00:00,Library Block,15.629,6.714,0.205,2.629,0.0,0.441,9.988
2026-01-19 04:00:00,Library Block,18.351,6.714,0.192,2.629,0.0,0.413,9.948
2026-01-19 05:00:00,Library Block,19.417,6.714,0.2,2.629,4.868,0.436,14.847
2026-01-19 06:00:00,Library Block,18.343,0.0,0.197,0.12,7.215,0.438,7.97
2026-01-19 07:00:00,Library Block,21.602,0.0,0.172,0.0,5.939,0.416,6.527
2026-01-19 08:00:00,Library Block,22.547,0.0,0.2,0.0,7.276,0.437,7.913
2026-01-19 09:00:00,Library Block,25.381,0.0,2.828,0.0,0.0,0.415,3.243
2026-01-19 10:00:00,Library Block,25.14,0.0,3.273,0.0,0.0,0.429,3.702
2026-01-19 11:00:00,Library Block,27.178,1.698,2.896,0.0,0.0,0.437,5.031
2026-01-19 12:00:00,Library Block,28.584,3.625,3.067,0.0,0.0,0.412,7.104
2026-01-19 13:00:00,Library Block,26.389,0.512,2.88,0.0,0.0,0.435,3.827
2026-01-19 14:00:00,Library Block,29.441,3.803,2.694,0.0,0.0,0.411,6.908
2026-01-19 15:00:00,Library Block,30.086,6.057,3.212,0.0,0.0,0.408,9.677
2026-01-19 16:00:00,Library Block,27.439,1.722,3.168,0.0,0.0,0.421,5.311
2026-01-19 17:00:00,Library Block,29.87,4.113,3.309,0.0,0.0,0.415,7.837
2026-01-19 18:00:00,Library Block,28.329,2.447,3.073,1.92,0.0,0.412,7.851
2026-01-19 19:00:00,Library Block,27.08,1.493,2.814,1.92,0.0,0.417,6.644
2026-01-19 20:00:00,Library Block,26.274,0.391,2.803,1.92,0.0,0.439,5.553
2026-01-19 21:00:00,Library Block,23.589,0.0,0.184,0.12,0.0,0.444,0.748
2026-01-19 22:00:00,Library Block,22.49,0.0,0.182,0.12,0.0,0.447,0.749
2026-01-19 23:00:00,Library Block,21.865,0.0,0.185,0.12,0.0,0.448,0.753
2026-01-20 00:00:00,Library Block,19.813,0.0,0.177,0.12,0.0,0.433,0.731
2026-01-20 01:00:00,Library Block,16.96,0.0,0.21,0.12,0.0,0.436,0.766
2026-01-20 02:00:00,Library Block,18.256,0.0,0.172,0.12,0.0,0.419,0.71
2026-01-20 03:00:00,Library Block,18.064,0.0,0.199,0.12,0.0,0.445,0.764
2026-01-20 04:00:00,Library Block,19.105,0.0,0.192,0.12,0.0,0.421,0.733
2026-01-20 05:00:00,Library Block,18.461,0.0,0.191,0.12,5.696,0.438,6.445
2026-01-20 06:00:00,Library Block,18.779,0.0,0.194,0.12,7.882,0.44,8.636
2026-01-20 07:00:00,Library Block,20.025,0.0,0.206,0.0,6.278,0.449,6.933
2026-01-20 08:00:00,Library Block,23.89,0.0,0.196,0.0,7.375,0.406,7.978
2026-01-20 09:00:00,Library Block,24.289,0.0,2.87,0.0,0.0,0.416,3.286
2026-01-20 10:00:00,Library Block,26.944,1.399,2.869,0.0,0.0,0.426,4.694
2026-01-20 11:00:00,Library Block,28.536,3.49,3.244,0.0,0.0,0.441,7.175
2026-01-20 12:00:00,Library Block,27.499,2.073,3.009,0.0,0.0,0.438,5.519
2026-01-20 13:00:00,Library Block,28.376,2.924,3.162,0.0,0.0,0.408,6.494
2026-01-20 14:00:00,Library Block,29.668,3.865,2.941,0.0,0.0,0.444,7.249
2026-01-20 15:00:00,Library Block,30.614,5.409,3.184,0.0,0.0,0.424,9.017
2026-01-20 16:00:00,Library Block,28.394,2.87,2.973,0.0,0.0,0.443,6.287
2026-01-20 17:00:00,Library Block,29.651,4.583,3.019,0.0,0.0,0.445,8.047
2026-01-20 18:00:00,Library Block,28.647,3.615,3.312,1.92,0.0,0.446,9.293
2026-01-20 19:00:00,Library Block,25.875,0.0,3.021,1.92,0.0,0.44,5.381
2026-01-20 20:00:00,Library Block,24.463,0.0,2.839,1.92,0.0,0.439,5.198
2026-01-20 21:00:00,Library Block,24.444,0.0,0.19,0.12,0.0,0.428,0.738
2026-01-20 22:00:00,Library Block,24.52,0.0,0.168,0.12,0.0,0.43,0.718
2026-01-20 23:00:00,Library Block,20.705,0.0,0.18,0.12,0.0,0.428,0.728
2026-01-21 00:00:00,Library Block,20.087,0.0,0.193,0.12,0.0,0.428,0.742
2026-01-21 01:00:00,Library Block,18.199,0.0,0.171,0.12,0.0,0.414,0.705
2026-01-21 02:00:00,Library Block,18.441,0.0,0.187,0.12,0.0,0.42,0.727
2026-01-21 03:00:00,Library Block,17.375,0.0,0.193,0.12,0.0,0.413,0.726
2026-01-21 04:00:00,Library Block,17.946,0.0,0.178,0.12,0.0,0.437,0.735
2026-01-21 05:00:00,Library Block,21.253,0.0,0.177,0.12,5.587,0.424,6.308
2026-01-21 06:00:00,Library Block,19.864,0.0,0.196,0.12,5.51,0.416,6.242
2026-01-21 07:00:00,Library Block,19.436,0.0,0.209,0.0,6.317,0.441,6.967
2026-01-21 08:00:00,Library Block,23.09,0.0,0.181,0.0,6.413,0.445,7.039
2026-01-21 09:00:00,Library Block,25.129,0.0,2.828,0.0,0.0,0.405,3.233
2026-01-21 10:00:00,Library Block,26.228,0.278,3.349,0.0,0.0,0.445,4.072
2026-01-21 11:00:00,Library Block,26.823,0.969,3.249,0.0,0.0,0.406,4.625
2026-01-21 12:00:00,Library Block,27.325,1.451,3.317,0.0,0.0,0.437,5.205
2026-01-21 13:00:00,Library Block,28.303,2.568,2.719,0.0,0.0,0.444,5.731
2026-01-21 14:00:00,Library Block,29.606,3.807,3.315,0.0,0.0,0.416,7.538
2026-01-21 15:00:00,Library Block,29.633,4.136,3.251,0.0,0.0,0.447,7.835
2026-01-21 16:00:00,Library Block,29.237,4.616,2.889,0.0,0.0,0.437,7.943
2026-01-21 17:00:00,Library Block,30.411,5.698,3.107,0.0,0.0,0.449,9.255
2026-01-21 18:00:00,Library Block,29.164,3.876,2.804,1.92,0.0,0.414,9.014
2026-01-21 19:00:00,Library Block,28.267,2.623,2.969,1.92,0.0,0.411,7.922
2026-01-21 20:00:00,Library Block,24.765,0.0,3.093,1.92,0.0,0.435,5.448
2026-01-21 21:00:00,Library Block,23.079,0.0,0.173,0.12,0.0,0.428,0.721
2026-01-21 22:00:00,Library Block,22.524,0.0,0.209,0.12,0.0,0.442,0.77
2026-01-21 23:00:00,Library Block,21.415,0.0,0.207,0.12,0.0,0.424,0.751
2026-01-22 00:00:00,Library Block,19.829,0.0,0.204,0.12,0.0,0.405,0.73
2026-01-22 01:00:00,Library Block,19.151,0.0,0.173,0.12,0.0,0.427,0.72
2026-01-22 02:00:00,Library Block,19.789,0.0,0.196,0.12,0.0,0.435,0.751
2026-01-22 03:00:00,Library Block,17.782,0.0,0.205,0.12,0.0,0.419,0.744
2026-01-22 04:00:00,Library Block,19.012,0.0,0.174,0.12,0.0,0.428,0.721
2026-01-22 05:00:00,Library Block,19.322,0.0,0.195,0.12,5.436,0.432,6.184
2026-01-22 06:00:00,Library Block,19.853,0.0,0.177,0.12,5.227,0.437,5.961
2026-01-22 07:00:00,Library Block,21.761,0.0,0.197,0.0,7.838,0.416,8.45
2026-01-22 08:00:00,Library Block,21.679,0.0,0.195,0.0,6.858,0.417,7.47
2026-01-22 09:00:00,Library Block,23.031,0.0,3.274,0.0,0.0,0.436,3.71
2026-01-22 10:00:00,Library Block,25.986,0.0,3.014,0.0,0.0,0.421,3.435
2026-01-22 11:00:00,Library Block,25.362,0.0,3.198,0.0,0.0,0.439,3.637
2026-01-22 12:00:00,Library Block,28.754,2.997,2.817,0.0,0.0,0.417,6.231
2026-01-22 13:00:00,Library Block,28.068,2.467,3.12,0.0,0.0,0.439,6.026
2026-01-22 14:00:00,Library Block,31.313,6.899,3.277,0.0,0.0,0.412,10.588
2026-01-22 15:00:00,Library Block,29.604,3.965,3.174,0.0,0.0,0.425,7.565
2026-01-22 16:00:00,Library Block,31.249,5.789,3.278,0.0,0.0,0.414,9.481
2026-01-22 17:00:00,Library Block,28.985,3.227,3.111,0.0,0.0,0.428,6.766
2026-01-22 18:00:00,Library Block,27.989,2.539,3.059,1.92,0.0,0.437,7.954
2026-01-22 19:00:00,Library Block,27.866,2.2,3.303,1.92,0.0,0.429,7.851
2026-01-22 20:00:00,Library Block,25.846,0.0,2.905,1.92,0.0,0.412,5.238
2026-01-22 21:00:00,Library Block,23.933,0.0,0.199,0.12,0.0,0.446,0.766
2026-01-22 22:00:00,Library Block,22.043,0.0,0.197,0.12,0.0,0.405,0.722
2026-01-22 23:00:00,Library Block,20.605,0.0,0.202,0.12,0.0,0.438,0.76
2026-01-23 00:00:00,Library Block,22.115,0.0,0.189,0.12,0.0,0.438,0.746
2026-01-23 01:00:00,Library Block,17.129,0.0,0.189,0.12,0.0,0.445,0.754
2026-01-23 02:00:00,Library Block,17.002,0.0,0.169,0.12,0.0,0.444,0.733
2026-01-23 03:00:00,Library Block,19.177,0.0,0.207,0.12,0.0,0.412,0.739
2026-01-23 04:00:00,Library Block,19.306,0.0,0.184,0.12,0.0,0.448,0.752
2026-01-23 05:00:00,Library Block,17.881,0.0,0.191,0.12,6.502,0.412,7.225
2026-01-23 06:00:00,Library Block,18.005,0.0,0.176,0.12,5.439,0.43,6.166
2026-01-23 07:00:00,Library Block,22.272,0.0,0.194,0.0,7.327,0.412,7.933
2026-01-23 08:00:00,Library Block,21.4,0.0,0.183,0.0,6.719,0.422,7.324
2026-01-23 09:00:00,Library Block,23.509,0.0,3.081,0.0,0.0,0.441,3.522
2026-01-23 10:00:00,Library Block,25.649,0.0,3.182,0.0,0.0,0.447,3.629
2026-01-23 11:00:00,Library Block,25.927,0.0,3.098,0.0,0.0,0.419,3.517
2026-01-23 12:00:00,Library Block,29.167,3.759,2.709,0.0,0.0,0.425,6.892
2026-01-23 13:00:00,Library Block,29.217,3.689,3.23,0.0,0.0,0.441,7.359
2026-01-23 14:00:00,Library Block,28.914,3.33,3.065,0.0,0.0,0.432,6.827
2026-01-23 15:00:00,Library Block,29.206,3.739,2.848,0.0,0.0,0.445,7.032
2026-01-23 16:00:00,Library Block,31.093,6.028,2.906,0.0,0.0,0.42,9.353
2026-01-23 17:00:00,Library Block,28.917,3.991,3.233,0.0,0.0,0.413,7.637
2026-01-23 18:00:00,Library Block,28.857,4.247,3.317,1.92,0.0,0.43,9.914
2026-01-23 19:00:00,Library Block,26.99,1.06,3.235,1.92,0.0,0.426,6.64
2026-01-23 20:00:00,Library Block,23.798,0.0,3.284,1.92,0.0,0.445,5.648
2026-01-23 21:00:00,Library Block,24.747,0.0,0.189,0.12,0.0,0.409,0.718
2026-01-23 22:00:00,Library Block,23.521,0.0,0.186,0.12,0.0,0.407,0.713
2026-01-23 23:00:00,Library Block,22.842,0.0,0.202,0.12,0.0,0.413,0.735
2026-01-24 00:00:00,Library Block,17.857,0.0,0.157,0.102,0.0,0.435,0.694
2026-01-24 01:00:00,Library Block,15.645,0.0,0.168,0.102,0.0,0.42,0.69
2026-01-24 02:00:00,Library Block,18.844,0.0,0.165,0.102,0.0,0.409,0.676
2026-01-24 03:00:00,Library Block,17.401,0.0,0.148,0.102,0.0,0.445,0.695
2026-01-24 04:00:00,Library Block,16.774,0.0,0.154,0.102,0.0,0.439,0.695
2026-01-24 05:00:00,Library Block,18.911,0.0,0.15,0.102,6.949,0.445,7.647
2026-01-24 06:00:00,Library Block,19.308,0.0,0.147,0.102,5.652,0.41,6.311
2026-01-24 07:00:00,Library Block,19.724,0.0,0.158,0.0,6.645,0.419,7.222
2026-01-24 08:00:00,Library Block,22.364,0.0,0.15,0.0,5.658,0.433,6.241
2026-01-24 09:00:00,Library Block,24.567,0.0,2.326,0.0,0.0,0.409,2.734
2026-01-24 10:00:00,Library Block,25.728,0.0,2.403,0.0,0.0,0.45,2.853
2026-01-24 11:00:00,Library Block,27.183,1.112,2.638,0.0,0.0,0.45,4.2
2026-01-24 12:00:00,Library Block,28.686,2.721,2.747,0.0,0.0,0.428,5.896
2026-01-24 13:00:00,Library Block,27.505,1.518,2.549,0.0,0.0,0.45,4.517
2026-01-24 14:00:00,Library Block,29.744,4.756,2.633,0.0,0.0,0.447,7.836
2026-01-24 15:00:00,Library Block,30.24,5.364,2.656,0.0,0.0,0.432,8.453
2026-01-24 16:00:00,Library Block,29.418,3.955,2.657,0.0,0.0,0.409,7.021
2026-01-24 17:00:00,Library Block,28.367,2.326,2.848,0.0,0.0,0.411,5.585
2026-01-24 18:00:00,Library Block,27.496,1.438,2.633,1.632,0.0,0.418,6.121
2026-01-24 19:00:00,Library Block,26.707,0.647,2.597,1.632,0.0,0.442,5.318
2026-01-24 20:00:00,Library Block,26.467,0.428,2.78,1.632,0.0,0.429,5.269
2026-01-24 21:00:00,Library Block,25.527,0.0,0.165,0.102,0.0,0.442,0.709
2026-01-24 22:00:00,Library Block,23.771,0.0,0.159,0.102,0.0,0.437,0.698
2026-01-24 23:00:00,Library Block,19.439,0.0,0.169,0.102,0.0,0.442,0.713
2026-01-25 00:00:00,Library Block,18.818,0.0,0.151,0.102,0.0,0.417,0.67
2026-01-25 01:00:00,Library Block,19.461,0.0,0.167,0.102,0.0,0.437,0.705
2026-01-25 02:00:00,Library Block,19.505,0.0,0.17,0.102,0.0,0.408,0.681
2026-01-25 03:00:00,Library Block,17.033,0.0,0.166,0.102,0.0,0.436,0.704
2026-01-25 04:00:00,Library Block,18.388,0.0,0.15,0.102,0.0,0.427,0.678
2026-01-25 05:00:00,Library Block,17.672,0.0,0.161,0.102,5.845,0.42,6.529
2026-01-25 06:00:00,Library Block,20.034,0.0,0.172,0.102,7.85,0.436,8.56
2026-01-25 07:00:00,Library Block,20.357,0.0,0.157,0.0,7.386,0.405,7.948
2026-01-25 08:00:00,Library Block,22.63,0.0,0.176,0.0,5.191,0.44,5.807
2026-01-25 09:00:00,Library Block,22.788,0.0,2.312,0.0,0.0,0.429,2.741
2026-01-25 10:00:00,Library Block,23.919,0.0,2.665,0.0,0.0,0.424,3.089
2026-01-25 11:00:00,Library Block,30.098,3.974,2.418,0.0,0.0,0.429,6.821
2026-01-25 12:00:00,Library Block,28.312,2.414,2.655,0.0,0.0,0.417,5.487
2026-01-25 13:00:00,Library Block,31.331,5.218,2.827,0.0,0.0,0.433,8.478
2026-01-25 14:00:00,Library Block,31.305,4.904,2.613,0.0,0.0,0.415,7.933
2026-01-25 15:00:00,Library Block,28.364,2.494,2.534,0.0,0.0,0.447,5.475
2026-01-25 16:00:00,Library Block,30.157,4.895,2.775,0.0,0.0,0.44,8.11
2026-01-25 17:00:00,Library Block,27.902,2.239,2.55,0.0,0.0,0.445,5.233
2026-01-25 18:00:00,Library Block,27.946,2.067,2.607,1.632,0.0,0.437,6.744
2026-01-25 19:00:00,Library Block,25.115,0.0,2.46,1.632,0.0,0.409,4.501
2026-01-25 20:00:00,Library Block,23.979,0.0,2.599,1.632,0.0,0.428,4.659
2026-01-25 21:00:00,Library Block,23.145,0.0,0.168,0.102,0.0,0.437,0.707
2026-01-25 22:00:00,Library Block,21.901,0.0,0.161,0.102,0.0,0.433,0.696
2026-01-25 23:00:00,Library Block,21.039,0.0,0.15,0.102,0.0,0.436,0.688
2026-01-26 00:00:00,Library Block,18.721,0.0,0.169,0.12,0.0,0.429,0.718
2026-01-26 01:00:00,Library Block,18.953,0.0,0.177,0.12,0.0,0.433,0.731
2026-01-26 02:00:00,Library Block,19.34,0.0,0.204,0.12,0.0,0.43,0.754
2026-01-26 03:00:00,Library Block,18.274,0.0,0.208,0.12,0.0,0.409,0.737
2026-01-26 04:00:00,Library Block,18.137,0.0,0.192,0.12,0.0,0.431,0.743
2026-01-26 05:00:00,Library Block,19.145,0.0,0.203,0.12,4.992,0.426,5.741
2026-01-26 06:00:00,Library Block,18.322,0.0,0.17,0.12,6.505,0.428,7.222
2026-01-26 07:00:00,Library Block,21.952,0.0,0.204,0.0,7.147,0.408,7.759
2026-01-26 08:00:00,Library Block,21.249,0.0,0.18,0.0,7.86,0.446,8.486
2026-01-26 09:00:00,Library Block,25.552,0.0,2.806,0.0,0.0,0.443,3.249
2026-01-26 10:00:00,Library Block,26.324,0.375,2.874,0.0,0.0,0.407,3.656
2026-01-26 11:00:00,Library Block,27.557,1.935,3.023,0.0,0.0,0.445,5.404
2026-01-26 12:00:00,Library Block,28.843,3.561,3.083,0.0,0.0,0.443,7.086
2026-01-26 13:00:00,Library Block,29.194,4.591,2.693,0.0,0.0,0.44,7.724
2026-01-26 14:00:00,Library Block,29.009,3.202,2.918,0.0,0.0,0.447,6.567
2026-01-26 15:00:00,Library Block,29.058,3.617,3.161,0.0,0.0,0.435,7.213
2026-01-26 16:00:00,Library Block,31.547,7.403,3.192,0.0,0.0,0.411,11.005
2026-01-26 17:00:00,Library Block,29.299,4.388,2.846,0.0,0.0,0.412,7.646
2026-01-26 18:00:00,Library Block,27.128,1.345,2.854,1.92,0.0,0.408,6.527
2026-01-26 19:00:00,Library Block,27.517,1.714,3.145,1.92,0.0,0.424,7.203
2026-01-26 20:00:00,Library Block,25.896,0.0,3.098,1.92,0.0,0.412,5.43
2026-01-26 21:00:00,Library Block,23.671,0.0,0.189,0.12,0.0,0.407,0.715
2026-01-26 22:00:00,Library Block,21.549,0.0,0.191,0.12,0.0,0.428,0.739
2026-01-26 23:00:00,Library Block,21.736,0.0,0.189,0.12,0.0,0.419,0.728
2026-01-27 00:00:00,Library Block,20.703,0.0,0.185,0.12,0.0,0.414,0.719
2026-01-27 01:00:00,Library Block,19.126,0.0,0.201,0.12,0.0,0.437,0.758
2026-01-27 02:00:00,Library Block,18.276,0.0,0.205,0.12,0.0,0.431,0.756
2026-01-27 03:00:00,Library Block,17.218,0.0,0.195,0.12,0.0,0.43,0.745
2026-01-27 04:00:00,Library Block,18.684,0.0,0.179,0.12,0.0,0.421,0.72
2026-01-27 05:00:00,Library Block,18.169,0.0,0.209,0.12,7.626,0.439,8.394
2026-01-27 06:00:00,Library Block,18.485,0.0,0.172,0.12,7.103,0.412,7.806
2026-01-27 07:00:00,Library Block,22.126,0.0,0.208,0.0,6.183,0.425,6.816
2026-01-27 08:00:00,Library Block,21.417,0.0,0.191,0.0,7.408,0.422,8.022
2026-01-27 09:00:00,Library Block,22.103,0.0,3.165,0.0,0.0,0.441,3.606
2026-01-27 10:00:00,Library Block,26.862,0.952,2.973,0.0,0.0,0.413,4.338
2026-01-27 11:00:00,Library Block,25.256,0.0,2.928,0.0,0.0,0.449,3.377
2026-01-27 12:00:00,Library Block,27.853,2.087,2.838,0.0,0.0,0.412,5.337
2026-01-27 13:00:00,Library Block,28.101,2.447,2.763,0.0,0.0,0.425,5.635
2026-01-27 14:00:00,Library Block,29.072,3.308,2.898,0.0,0.0,0.432,6.638
2026-01-27 15:00:00,Library Block,32.224,7.39,2.859,0.0,0.0,0.424,10.673
2026-01-27 16:00:00,Library Block,29.694,4.151,3.047,0.0,0.0,0.444,7.642
2026-01-27 17:00:00,Library Block,29.556,4.831,3.264,0.0,0.0,0.434,8.529
2026-01-27 18:00:00,Library Block,29.033,4.056,2.744,1.92,0.0,0.436,9.156
2026-01-27 19:00:00,Library Block,26.353,0.477,3.19,1.92,0.0,0.445,6.031
2026-01-27 20:00:00,Library Block,26.628,0.851,2.868,1.92,0.0,0.411,6.049
2026-01-27 21:00:00,Library Block,24.376,0.0,0.195,0.12,0.0,0.425,0.74
2026-01-27 22:00:00,Library Block,23.201,0.0,0.194,0.12,0.0,0.423,0.737
2026-01-27 23:00:00,Library Block,20.275,0.0,0.199,0.12,0.0,0.439,0.758
2026-01-28 00:00:00,Library Block,20.201,0.0,0.169,0.12,0.0,0.443,0.732
2026-01-28 01:00:00,Library Block,18.795,6.706,0.168,3.797,0.0,0.425,11.097
2026-01-28 02:00:00,Library Block,19.334,6.706,0.175,3.797,0.0,0.41,11.089
2026-01-28 03:00:00,Library Block,17.46,6.706,0.209,3.797,0.0,0.439,11.152
2026-01-28 04:00:00,Library Block,20.237,6.706,0.182,3.797,0.0,0.44,11.126
2026-01-28 05:00:00,Library Block,19.143,6.706,0.194,3.797,6.764,0.417,17.879
2026-01-28 06:00:00,Library Block,19.632,0.0,0.181,0.12,6.38,0.413,7.093
2026-01-28 07:00:00,Library Block,20.758,0.0,0.188,0.0,6.917,0.411,7.517
2026-01-28 08:00:00,Library Block,22.44,0.0,0.186,0.0,4.867,0.41,5.463
2026-01-28 09:00:00,Library Block,23.371,0.0,2.814,0.0,0.0,0.418,3.232
2026-01-28 10:00:00,Library Block,26.22,0.321,2.929,0.0,0.0,0.437,3.686
2026-01-28 11:00:00,Library Block,26.988,1.398,2.816,0.0,0.0,0.418,4.632
2026-01-28 12:00:00,Library Block,30.186,4.861,2.876,0.0,0.0,0.443,8.18
2026-01-28 13:00:00,Library Block,28.763,3.177,2.968,0.0,0.0,0.42,6.566
2026-01-28 14:00:00,Library Block,29.675,5.367,3.223,0.0,0.0,0.437,9.026
2026-01-28 15:00:00,Library Block,29.566,4.703,2.82,0.0,0.0,0.415,7.937
2026-01-28 16:00:00,Library Block,31.665,7.094,2.82,0.0,0.0,0.41,10.324
2026-01-28 17:00:00,Library Block,27.75,2.389,2.854,0.0,0.0,0.416,5.66
2026-01-28 18:00:00,Library Block,28.336,2.749,3.218,1.92,0.0,0.433,8.321
2026-01-28 19:00:00,Library Block,27.313,1.856,2.854,1.92,0.0,0.435,7.065
2026-01-28 20:00:00,Library Block,24.425,0.0,3.239,1.92,0.0,0.433,5.592
2026-01-28 21:00:00,Library Block,26.643,0.058,0.182,0.12,0.0,0.424,0.784
2026-01-28 22:00:00,Library Block,21.517,0.0,0.181,0.12,0.0,0.43,0.731
2026-01-28 23:00:00,Library Block,21.034,0.0,0.184,0.12,0.0,0.447,0.751
2026-01-29 00:00:00,Library Block,21.441,0.0,0.187,0.12,0.0,0.408,0.715
2026-01-29 01:00:00,Library Block,18.429,0.0,0.186,0.12,0.0,0.409,0.714
2026-01-29 02:00:00,Library Block,18.348,0.0,0.185,0.12,0.0,0.427,0.732
2026-01-29 03:00:00,Library Block,17.655,0.0,0.21,0.12,0.0,0.441,0.771
2026-01-29 04:00:00,Library Block,18.151,0.0,0.197,0.12,0.0,0.445,0.762
2026-01-29 05:00:00,Library Block,19.885,0.0,0.205,0.12,6.696,0.438,7.459
2026-01-29 06:00:00,Library Block,19.336,0.0,0.206,0.12,5.485,0.415,6.226
2026-01-29 07:00:00,Library Block,18.346,0.0,0.186,0.0,7.532,0.439,8.157
2026-01-29 08:00:00,Library Block,22.414,0.0,0.201,0.0,7.173,0.415,7.788
2026-01-29 09:00:00,Library Block,24.063,0.0,3.004,0.0,0.0,0.406,3.41
2026-01-29 10:00:00,Library Block,25.748,0.0,3.088,0.0,0.0,0.412,3.499
2026-01-29 11:00:00,Library Block,26.817,1.196,3.182,0.0,0.0,0.449,4.826
2026-01-29 12:00:00,Library Block,27.38,2.042,3.079,0.0,0.0,0.437,5.558
2026-01-29 13:00:00,Library Block,28.951,4.294,3.029,0.0,0.0,0.412,7.735
2026-01-29 14:00:00,Library Block,31.561,7.579,2.696,0.0,0.0,0.419,10.694
2026-01-29 15:00:00,Library Block,29.958,5.573,3.34,0.0,0.0,0.445,9.358
2026-01-29 16:00:00,Library Block,30.448,5.968,2.714,0.0,0.0,0.437,9.118
2026-01-29 17:00:00,Library Block,28.162,2.582,2.769,0.0,0.0,0.416,5.766
2026-01-29 18:00:00,Library Block,27.951,2.765,2.717,1.92,0.0,0.449,7.851
2026-01-29 19:00:00,Library Block,25.999,0.0,3.109,1.92,0.0,0.431,5.46
2026-01-29 20:00:00,Library Block,26.847,1.053,2.891,1.92,0.0,0.43,6.294
2026-01-29 21:00:00,Library Block,22.444,0.0,0.206,0.12,0.0,0.431,0.757
2026-01-29 22:00:00,Library Block,22.819,0.0,0.193,0.12,0.0,0.438,0.751
2026-01-29 23:00:00,Library Block,21.341,0.0,0.201,0.12,0.0,0.417,0.738
2026-01-30 00:00:00,Library Block,20.033,0.0,0.174,0.12,0.0,0.406,0.7
2026-01-30 01:00:00,Library Block,16.459,0.0,0.185,0.12,0.0,0.434,0.74
2026-01-30 02:00:00,Library Block,16.182,0.0,0.194,0.12,0.0,0.426,0.741
2026-01-30 03:00:00,Library Block,18.117,0.0,0.176,0.12,0.0,0.442,0.737
2026-01-30 04:00:00,Library Block,17.281,0.0,0.184,0.12,0.0,0.447,0.751
2026-01-30 05:00:00,Library Block,18.161,0.0,0.2,0.12,5.578,0.432,6.33
2026-01-30 06:00:00,Library Block,19.333,0.0,0.197,0.12,6.813,0.432,7.561
2026-01-30 07:00:00,Library Block,19.947,0.0,0.206,0.0,6.851,0.434,7.49
2026-01-30 08:00:00,Library Block,21.222,0.0,0.191,0.0,5.966,0.409,6.566
2026-01-30 09:00:00,Library Block,24.0,0.0,2.827,0.0,0.0,0.421,3.248
2026-01-30 10:00:00,Library Block,23.647,0.0,3.279,0.0,0.0,0.435,3.713
2026-01-30 11:00:00,Library Block,26.494,0.543,3.334,0.0,0.0,0.429,4.306
2026-01-30 12:00:00,Library Block,27.575,2.296,3.014,0.0,0.0,0.44,5.751
2026-01-30 13:00:00,Library Block,29.172,4.256,2.745,0.0,0.0,0.41,7.411
2026-01-30 14:00:00,Library Block,32.183,7.394,2.858,0.0,0.0,0.434,10.686
2026-01-30 15:00:00,Library Block,29.018,3.968,3.193,0.0,0.0,0.443,7.604
2026-01-30 16:00:00,Library Block,30.202,4.726,2.688,0.0,0.0,0.435,7.849
2026-01-30 17:00:00,Library Block,29.417,3.688,2.886,0.0,0.0,0.408,6.982
2026-01-30 18:00:00,Library Block,28.803,3.005,2.936,1.92,0.0,0.435,8.296
2026-01-30 19:00:00,Library Block,26.787,0.922,3.218,1.92,0.0,0.443,6.503
2026-01-30 20:00:00,Library Block,26.994,1.124,2.982,1.92,0.0,0.412,6.438
2026-01-30 21:00:00,Library Block,24.685,0.0,0.19,0.12,0.0,0.433,0.743
2026-01-30 22:00:00,Library Block,23.148,0.0,0.196,0.12,0.0,0.427,0.743
2026-01-30 23:00:00,Library Block,19.586,0.0,0.201,0.12,0.0,0.415,0.736
2026-01-31 00:00:00,Library Block,19.854,0.0,0.155,0.102,0.0,0.425,0.682
2026-01-31 01:00:00,Library Block,18.294,6.768,0.149,2.342,0.0,0.424,9.683
2026-01-31 02:00:00,Library Block,17.343,6.768,0.149,2.342,0.0,0.431,9.69
2026-01-31 03:00:00,Library Block,17.374,6.768,0.149,2.342,0.0,0.439,9.697
2026-01-31 04:00:00,Library Block,18.149,6.768,0.147,2.342,0.0,0.409,9.666
2026-01-31 05:00:00,Library Block,19.261,6.768,0.159,2.342,6.956,0.414,16.638
2026-01-31 06:00:00,Library Block,20.739,0.0,0.149,0.102,7.825,0.434,8.511
2026-01-31 07:00:00,Library Block,21.935,0.0,0.171,0.0,5.159,0.411,5.74
2026-01-31 08:00:00,Library Block,22.74,0.0,0.143,0.0,6.168,0.435,6.745
2026-01-31 09:00:00,Library Block,24.056,0.0,2.829,0.0,0.0,0.435,3.264
2026-01-31 10:00:00,Library Block,25.228,0.0,2.292,0.0,0.0,0.42,2.713
2026-01-31 11:00:00,Library Block,26.752,0.839,2.471,0.0,0.0,0.449,3.759
2026-01-31 12:00:00,Library Block,27.462,1.859,2.716,0.0,0.0,0.426,5.001
2026-01-31 13:00:00,Library Block,28.768,3.494,2.783,0.0,0.0,0.448,6.726
2026-01-31 14:00:00,Library Block,30.149,4.697,2.335,0.0,0.0,0.413,7.445
2026-01-31 15:00:00,Library Block,31.54,5.666,2.742,0.0,0.0,0.447,8.855
2026-01-31 16:00:00,Library Block,29.646,4.021,2.714,0.0,0.0,0.431,7.166
2026-01-31 17:00:00,Library Block,28.388,2.985,2.547,0.0,0.0,0.45,5.982
2026-01-31 18:00:00,Library Block,29.212,3.686,2.643,1.632,0.0,0.432,8.393
2026-01-31 19:00:00,Library Block,24.998,0.0,2.495,1.632,0.0,0.447,4.573
2026-01-31 20:00:00,Library Block,26.596,0.753,2.463,1.632,0.0,0.421,5.269
2026-01-31 21:00:00,Library Block,22.567,0.0,0.144,0.102,0.0,0.433,0.679
2026-01-31 22:00:00,Library Block,23.104,0.0,0.143,0.102,0.0,0.406,0.651
2026-01-31 23:00:00,Library Block,20.524,0.0,0.162,0.102,0.0,0.431,0.695
2026-02-01 00:00:00,Library Block,23.078,0.0,0.143,0.102,0.0,0.422,0.667
2026-02-01 01:00:00,Library Block,23.887,0.0,0.147,0.102,0.0,0.442,0.691
2026-02-01 02:00:00,Library Block,20.367,0.0,0.146,0.102,0.0,0.427,0.676
2026-02-01 03:00:00,Library Block,19.999,0.0,0.165,0.102,0.0,0.429,0.696
2026-02-01 04:00:00,Library Block,21.283,0.0,0.167,0.102,0.0,0.449,0.718
2026-02-01 05:00:00,Library Block,23.329,0.0,0.17,0.102,6.619,0.445,7.336
2026-02-01 06:00:00,Library Block,22.937,0.0,0.178,0.102,7.118,0.447,7.844
2026-02-01 07:00:00,Library Block,24.045,0.0,0.178,0.0,5.768,0.413,6.358
2026-02-01 08:00:00,Library Block,25.616,0.0,0.15,0.0,7.058,0.445,7.653
2026-02-01 09:00:00,Library Block,25.995,0.0,2.486,0.0,0.0,0.424,2.91
2026-02-01 10:00:00,Library Block,28.732,3.349,2.606,0.0,0.0,0.443,6.398
2026-02-01 11:00:00,Library Block,29.607,3.857,2.31,0.0,0.0,0.428,6.595
2026-02-01 12:00:00,Library Block,32.565,8.324,2.395,0.0,0.0,0.435,11.154
2026-02-01 13:00:00,Library Block,32.994,8.244,2.772,0.0,0.0,0.416,11.433
2026-02-01 14:00:00,Library Block,31.472,6.473,2.518,0.0,0.0,0.414,9.405
2026-02-01 15:00:00,Library Block,32.717,7.092,2.562,0.0,0.0,0.43,10.083
2026-02-01 16:00:00,Library Block,33.324,7.635,2.706,0.0,0.0,0.411,10.752
2026-02-01 17:00:00,Library Block,31.215,5.064,2.747,0.0,0.0,0.433,8.244
2026-02-01 18:00:00,Library Block,30.163,3.809,2.779,1.632,0.0,0.406,8.626
2026-02-01 19:00:00,Library Block,29.538,4.378,2.796,1.632,0.0,0.414,9.22
2026-02-01 20:00:00,Library Block,28.897,3.241,2.453,1.632,0.0,0.417,7.743
2026-02-01 21:00:00,Library Block,28.037,0.141,0.166,0.102,0.0,0.413,0.821
2026-02-01 22:00:00,Library Block,25.679,0.0,0.147,0.102,0.0,0.41,0.659
2026-02-01 23:00:00,Library Block,26.462,0.034,0.177,0.102,0.0,0.439,0.753
2026-02-02 00:00:00,Library Block,22.081,0.0,0.179,0.12,0.0,0.424,0.723
2026-02-02 01:00:00,Library Block,22.544,0.0,0.184,0.12,0.0,0.416,0.721
2026-02-02 02:00:00,Library Block,20.095,0.0,0.207,0.12,0.0,0.419,0.746
2026-02-02 03:00:00,Library Block,22.611,0.0,0.194,0.12,0.0,0.441,0.755
2026-02-02 04:00:00,Library Block,22.564,0.0,0.18,0.12,0.0,0.415,0.715
2026-02-02 05:00:00,Library Block,22.515,0.0,0.172,0.12,7.86,0.439,8.591
2026-02-02 06:00:00,Library Block,21.021,0.0,0.189,0.12,5.54,0.438,6.286
2026-02-02 07:00:00,Library Block,24.702,0.0,0.193,0.0,7.686,0.408,8.287
2026-02-02 08:00:00,Library Block,24.628,0.0,0.196,0.0,6.519,0.446,7.161
2026-02-02 09:00:00,Library Block,27.454,2.047,2.799,0.0,0.0,0.43,5.276
2026-02-02 10:00:00,Library Block,27.098,1.625,3.162,0.0,0.0,0.443,5.23
2026-02-02 11:00:00,Library Block,30.27,5.899,2.932,0.0,0.0,0.419,9.25
2026-02-02 12:00:00,Library Block,30.889,6.615,3.322,0.0,0.0,0.436,10.373
2026-02-02 13:00:00,Library Block,31.418,6.785,3.127,0.0,0.0,0.432,10.344
2026-02-02 14:00:00,Library Block,33.388,9.598,3.305,0.0,0.0,0.417,13.32
2026-02-02 15:00:00,Library Block,32.949,8.197,2.708,0.0,0.0,0.443,11.349
2026-02-02 16:00:00,Library Block,32.591,7.644,3.295,0.0,0.0,0.442,11.381
2026-02-02 17:00:00,Library Block,32.933,7.362,3.278,0.0,0.0,0.435,11.075
2026-02-02 18:00:00,Library Block,33.147,9.05,3.031,1.92,0.0,0.444,14.446
2026-02-02 19:00:00,Library Block,30.276,4.923,3.344,1.92,0.0,0.415,10.602
2026-02-02 20:00:00,Library Block,26.747,0.941,3.191,1.92,0.0,0.437,6.49
2026-02-02 21:00:00,Library Block,25.442,0.0,0.21,0.12,0.0,0.418,0.748
2026-02-02 22:00:00,Library Block,25.516,0.0,0.2,0.12,0.0,0.447,0.767
2026-02-02 23:00:00,Library Block,25.026,0.0,0.206,0.12,0.0,0.43,0.757
2026-02-03 00:00:00,Library Block,22.892,0.0,0.176,0.12,0.0,0.443,0.739
2026-02-03 01:00:00,Library Block,22.315,0.0,0.176,0.12,0.0,0.413,0.709
2026-02-03 02:00:00,Library Block,21.146,0.0,0.189,0.12,0.0,0.419,0.729
2026-02-03 03:00:00,Library Block,21.962,0.0,0.199,0.12,0.0,0.439,0.758
2026-02-03 04:00:00,Library Block,21.821,0.0,0.179,0.12,0.0,0.421,0.72
2026-02-03 05:00:00,Library Block,20.784,0.0,0.186,0.12,7.472,0.409,8.186
2026-02-03 06:00:00,Library Block,23.205,0.0,0.175,0.12,6.48,0.435,7.209
2026-02-03 07:00:00,Library Block,22.457,0.0,0.207,0.0,7.235,0.41,7.852
2026-02-03 08:00:00,Library Block,25.895,0.0,0.199,0.0,7.392,0.43,8.022
2026-02-03 09:00:00,Library Block,26.717,0.803,2.714,0.0,0.0,0.443,3.96
2026-02-03 10:00:00,Library Block,28.714,3.403,2.703,0.0,0.0,0.431,6.537
2026-02-03 11:00:00,Library Block,30.324,5.108,3.356,0.0,0.0,0.428,8.891
2026-02-03 12:00:00,Library Block,31.524,8.046,2.954,0.0,0.0,0.415,11.415
2026-02-03 13:00:00,Library Block,33.614,8.61,3.093,0.0,0.0,0.412,12.115
2026-02-03 14:00:00,Library Block,32.83,8.774,3.325,0.0,0.0,0.406,12.504
2026-02-03 15:00:00,Library Block,33.189,8.921,3.33,0.0,0.0,0.441,12.692
2026-02-03 16:00:00,Library Block,34.125,11.885,2.752,0.0,0.0,0.406,15.044
2026-02-03 17:00:00,Library Block,34.093,10.528,3.115,0.0,0.0,0.444,14.087
2026-02-03 18:00:00,Library Block,31.225,6.581,3.355,1.92,0.0,0.423,12.279
2026-02-03 19:00:00,Library Block,29.488,4.583,2.809,1.92,0.0,0.446,9.758
2026-02-03 20:00:00,Library Block,28.09,2.864,3.133,1.92,0.0,0.412,8.33
2026-02-03 21:00:00,Library Block,27.451,0.097,0.201,0.12,0.0,0.441,0.858
2026-02-03 22:00:00,Library Block,25.244,0.0,0.171,0.12,0.0,0.444,0.735
2026-02-03 23:00:00,Library Block,22.251,0.0,0.184,0.12,0.0,0.424,0.728
2026-02-04 00:00:00,Library Block,23.88,0.0,0.177,0.12,0.0,0.449,0.746
2026-02-04 01:00:00,Library Block,22.619,0.0,0.17,0.12,0.0,0.415,0.705
2026-02-04 02:00:00,Library Block,22.351,0.0,0.172,0.12,0.0,0.41,0.702
2026-02-04 03:00:00,Library Block,22.344,0.0,0.182,0.12,0.0,0.449,0.751
2026-02-04 04:00:00,Library Block,21.395,0.0,0.192,0.12,0.0,0.417,0.729
2026-02-04 05:00:00,Library Block,22.064,0.0,0.208,0.12,5.573,0.406,6.308
2026-02-04 06:00:00,Library Block,23.764,0.0,0.207,0.12,7.447,0.423,8.197
2026-02-04 07:00:00,Library Block,22.785,0.0,0.205,0.0,6.503,0.45,7.157
2026-02-04 08:00:00,Library Block,25.095,0.0,0.2,0.0,6.032,0.443,6.675
2026-02-04 09:00:00,Library Block,26.941,1.267,2.715,0.0,0.0,0.409,4.392
2026-02-04 10:00:00,Library Block,29.475,5.208,2.961,0.0,0.0,0.421,8.59
2026-02-04 11:00:00,Library Block,29.461,3.677,3.212,0.0,0.0,0.429,7.318
2026-02-04 12:00:00,Library Block,30.53,6.311,3.338,0.0,0.0,0.441,10.09
2026-02-04 13:00:00,Library Block,31.765,8.271,2.999,0.0,0.0,0.414,11.683
2026-02-04 14:00:00,Library Block,33.265,8.43,3.159,0.0,0.0,0.409,11.998
2026-02-04 15:00:00,Library Block,32.932,9.641,3.357,0.0,0.0,0.438,13.436
2026-02-04 16:00:00,Library Block,31.345,5.865,3.107,0.0,0.0,0.406,9.377
2026-02-04 17:00:00,Library Block,30.943,6.396,3.211,0.0,0.0,0.428,10.036
2026-02-04 18:00:00,Library Block,31.379,6.429,3.337,1.92,0.0,0.437,12.123
2026-02-04 19:00:00,Library Block,30.17,4.806,3.165,1.92,0.0,0.435,10.326
2026-02-04 20:00:00,Library Block,28.58,3.461,2.777,1.92,0.0,0.428,8.586
2026-02-04 21:00:00,Library Block,26.529,0.041,0.209,0.12,0.0,0.44,0.81
2026-02-04 22:00:00,Library Block,26.235,0.017,0.202,0.12,0.0,0.432,0.77
2026-02-04 23:00:00,Library Block,24.369,0.0,0.179,0.12,0.0,0.442,0.741
2026-02-05 00:00:00,Library Block,23.092,0.0,0.209,0.12,0.0,0.431,0.761
2026-02-05 01:00:00,Library Block,22.174,0.0,0.171,0.12,0.0,0.424,0.716
2026-02-05 02:00:00,Library Block,22.802,0.0,0.207,0.12,0.0,0.432,0.759
2026-02-05 03:00:00,Library Block,19.976,0.0,0.203,0.12,0.0,0.424,0.747
2026-02-05 04:00:00,Library Block,20.783,0.0,0.18,0.12,0.0,0.414,0.714
2026-02-05 05:00:00,Library Block,21.468,0.0,0.204,0.12,7.121,0.426,7.872
2026-02-05 06:00:00,Library Block,24.015,0.0,0.171,0.12,7.196,0.448,7.934
2026-02-05 07:00:00,Library Block,23.626,0.0,0.208,0.0,5.649,0.431,6.288
2026-02-05 08:00:00,Library Block,24.655,0.0,0.193,0.0,7.227,0.438,7.858
2026-02-05 09:00:00,Library Block,26.894,1.254,3.038,0.0,0.0,0.435,4.726
2026-02-05 10:00:00,Library Block,28.657,3.788,3.354,0.0,0.0,0.426,7.568
2026-02-05 11:00:00,Library Block,31.196,5.743,2.706,0.0,0.0,0.423,8.872
2026-02-05 12:00:00,Library Block,30.863,6.814,3.032,0.0,0.0,0.414,10.26
2026-02-05 13:00:00,Library Block,31.509,6.37,3.182,0.0,0.0,0.406,9.958
2026-02-05 14:00:00,Library Block,31.886,8.16,2.763,0.0,0.0,0.444,11.367
2026-02-05 15:00:00,Library Block,32.656,7.695,2.698,0.0,0.0,0.417,10.811
2026-02-05 16:00:00,Library Block,35.359,13.129,3.101,0.0,0.0,0.432,16.662
2026-02-05 17:00:00,Library Block,32.579,9.553,2.915,0.0,0.0,0.426,12.894
2026-02-05 18:00:00,Library Block,31.841,7.452,3.012,1.92,0.0,0.41,12.793
2026-02-05 19:00:00,Library Block,30.0,4.979,3.106,1.92,0.0,0.407,10.412
2026-02-05 20:00:00,Library Block,28.69,3.001,2.948,1.92,0.0,0.447,8.316
2026-02-05 21:00:00,Library Block,27.787,0.129,0.177,0.12,0.0,0.421,0.847
2026-02-05 22:00:00,Library Block,26.01,0.001,0.178,0.12,0.0,0.419,0.718
2026-02-05 23:00:00,Library Block,24.349,0.0,0.176,0.12,0.0,0.409,0.705
2026-02-06 00:00:00,Library Block,22.773,0.0,0.198,0.12,0.0,0.405,0.723
2026-02-06 01:00:00,Library Block,21.452,0.0,0.174,0.12,0.0,0.438,0.731
2026-02-06 02:00:00,Library Block,21.629,0.0,0.209,0.12,0.0,0.445,0.774
2026-02-06 03:00:00,Library Block,21.084,0.0,0.168,0.12,0.0,0.416,0.705
2026-02-06 04:00:00,Library Block,23.337,0.0,0.181,0.12,0.0,0.425,0.726
2026-02-06 05:00:00,Library Block,22.854,0.0,0.202,0.12,4.865,0.433,5.619
2026-02-06 06:00:00,Library Block,22.083,0.0,0.172,0.12,7.213,0.413,7.918
2026-02-06 07:00:00,Library Block,22.83,0.0,0.193,0.0,7.776,0.422,8.39
2026-02-06 08:00:00,Library Block,25.049,0.0,0.18,0.0,7.276,0.427,7.883
2026-02-06 09:00:00,Library Block,25.917,0.0,3.337,0.0,0.0,0.434,3.771
2026-02-06 10:00:00,Library Block,28.095,2.744,2.835,0.0,0.0,0.449,6.029
2026-02-06 11:00:00,Library Block,29.03,4.079,2.736,0.0,0.0,0.427,7.242
2026-02-06 12:00:00,Library Block,30.916,6.599,3.1,0.0,0.0,0.417,10.116
2026-02-06 13:00:00,Library Block,31.881,6.696,2.941,0.0,0.0,0.434,10.071
2026-02-06 14:00:00,Library Block,32.943,9.435,3.295,0.0,0.0,0.41,13.141
2026-02-06 15:00:00,Library Block,32.793,9.433,3.303,0.0,0.0,0.405,13.141
2026-02-06 16:00:00,Library Block,31.893,6.234,3.222,0.0,0.0,0.422,9.878
2026-02-06 17:00:00,Library Block,33.411,9.842,2.774,0.0,0.0,0.408,13.025
2026-02-06 18:00:00,Library Block,31.646,6.987,3.13,1.92,0.0,0.426,12.463
2026-02-06 19:00:00,Library Block,29.456,5.005,2.75,1.92,0.0,0.42,10.094
2026-02-06 20:00:00,Library Block,27.667,2.458,2.705,1.92,0.0,0.445,7.528
2026-02-06 21:00:00,Library Block,25.533,0.0,0.176,0.12,0.0,0.413,0.709
2026-02-06 22:00:00,Library Block,23.907,0.0,0.189,0.12,0.0,0.436,0.745
2026-02-06 23:00:00,Library Block,25.047,0.0,0.187,0.12,0.0,0.433,0.74
2026-02-07 00:00:00,Library Block,23.699,0.0,0.171,0.102,0.0,0.45,0.722
2026-02-07 01:00:00,Library Block,21.22,0.0,0.161,0.102,0.0,0.431,0.694
2026-02-07 02:00:00,Library Block,22.571,0.0,0.152,0.102,0.0,0.441,0.696
2026-02-07 03:00:00,Library Block,21.617,0.0,0.148,0.102,0.0,0.421,0.671
2026-02-07 04:00:00,Library Block,21.408,0.0,0.163,0.102,0.0,0.408,0.673
2026-02-07 05:00:00,Library Block,22.666,0.0,0.167,0.102,6.949,0.423,7.641
2026-02-07 06:00:00,Library Block,23.376,0.0,0.15,0.102,7.491,0.435,8.179
2026-02-07 07:00:00,Library Block,24.154,0.0,0.165,0.0,5.058,0.416,5.64
2026-02-07 08:00:00,Library Block,25.207,0.0,0.174,0.0,7.655,0.411,8.239
2026-02-07 09:00:00,Library Block,26.893,0.834,2.423,0.0,0.0,0.41,3.667
2026-02-07 10:00:00,Library Block,26.945,0.988,2.753,0.0,0.0,0.429,4.17
2026-02-07 11:00:00,Library Block,29.199,3.99,2.828,0.0,0.0,0.42,7.237
2026-02-07 12:00:00,Library Block,33.043,7.271,2.82,0.0,0.0,0.439,10.531
2026-02-07 13:00:00,Library Block,31.369,4.833,2.365,0.0,0.0,0.434,7.632
2026-02-07 14:00:00,Library Block,30.945,5.786,2.313,0.0,0.0,0.447,8.546
2026-02-07 15:00:00,Library Block,33.904,9.133,2.7,0.0,0.0,0.449,12.282
2026-02-07 16:00:00,Library Block,33.044,7.85,2.503,0.0,0.0,0.405,10.758
2026-02-07 17:00:00,Library Block,32.501,6.704,2.386,0.0,0.0,0.416,9.506
2026-02-07 18:00:00,Library Block,31.085,5.166,2.54,1.632,0.0,0.416,9.754
2026-02-07 19:00:00,Library Block,30.911,4.814,2.595,1.632,0.0,0.445,9.485
2026-02-07 20:00:00,Library Block,30.083,4.568,2.377,1.632,0.0,0.411,8.988
2026-02-07 21:00:00,Library Block,26.479,0.038,0.144,0.102,0.0,0.424,0.708
2026-02-07 22:00:00,Library Block,26.08,0.006,0.171,0.102,0.0,0.407,0.686
2026-02-07 23:00:00,Library Block,25.118,0.0,0.159,0.102,0.0,0.427,0.688
2026-02-08 00:00:00,Library Block,22.18,0.0,0.152,0.102,0.0,0.407,0.66
2026-02-08 01:00:00,Library Block,23.313,0.0,0.177,0.102,0.0,0.438,0.717
2026-02-08 02:00:00,Library Block,22.32,0.0,0.17,0.102,0.0,0.428,0.7
2026-02-08 03:00:00,Library Block,19.758,0.0,0.157,0.102,0.0,0.45,0.709
2026-02-08 04:00:00,Library Block,22.799,0.0,0.153,0.102,0.0,0.449,0.704
2026-02-08 05:00:00,Library Block,20.614,0.0,0.169,0.102,7.299,0.44,8.011
2026-02-08 06:00:00,Library Block,22.07,0.0,0.169,0.102,5.953,0.418,6.642
2026-02-08 07:00:00,Library Block,24.684,0.0,0.174,0.0,6.752,0.41,7.336
2026-02-08 08:00:00,Library Block,26.489,0.034,0.143,0.0,6.093,0.412,6.682
2026-02-08 09:00:00,Library Block,27.099,1.319,2.644,0.0,0.0,0.436,4.399
2026-02-08 10:00:00,Library Block,27.923,2.251,2.446,0.0,0.0,0.411,5.108
2026-02-08 11:00:00,Library Block,29.74,3.725,2.842,0.0,0.0,0.418,6.984
2026-02-08 12:00:00,Library Block,30.864,5.698,2.299,0.0,0.0,0.409,8.406
2026-02-08 13:00:00,Library Block,33.037,6.614,2.563,0.0,0.0,0.407,9.585
2026-02-08 14:00:00,Library Block,32.39,7.28,2.691,0.0,0.0,0.423,10.393
2026-02-08 15:00:00,Library Block,32.348,6.43,2.714,0.0,0.0,0.424,9.568
2026-02-08 16:00:00,Library Block,31.318,6.002,2.646,0.0,0.0,0.414,9.062
2026-02-08 17:00:00,Library Block,31.602,6.848,2.554,0.0,0.0,0.446,9.848
2026-02-08 18:00:00,Library Block,31.124,4.836,2.804,1.632,0.0,0.432,9.704
2026-02-08 19:00:00,Library Block,28.87,3.326,2.614,1.632,0.0,0.418,7.99
2026-02-08 20:00:00,Library Block,26.808,0.933,2.583,1.632,0.0,0.443,5.59
2026-02-08 21:00:00,Library Block,27.98,0.146,0.173,0.102,0.0,0.43,0.852
2026-02-08 22:00:00,Library Block,24.447,0.0,0.159,0.102,0.0,0.425,0.686
2026-02-08 23:00:00,Library Block,22.691,0.0,0.165,0.102,0.0,0.439,0.705
2026-02-09 00:00:00,Library Block,24.327,0.0,0.182,0.12,0.0,0.422,0.723
2026-02-09 01:00:00,Library Block,22.653,0.0,0.177,0.12,0.0,0.441,0.738
2026-02-09 02:00:00,Library Block,22.23,0.0,0.187,0.12,0.0,0.405,0.713
2026-02-09 03:00:00,Library Block,21.505,0.0,0.182,0.12,0.0,0.416,0.718
2026-02-09 04:00:00,Library Block,22.516,0.0,0.17,0.12,0.0,0.429,0.718
2026-02-09 05:00:00,Library Block,22.687,0.0,0.188,0.12,6.04,0.443,6.791
2026-02-09 06:00:00,Library Block,22.413,0.0,0.196,0.12,5.273,0.438,6.027
2026-02-09 07:00:00,Library Block,22.935,0.0,0.17,0.0,5.915,0.447,6.533
2026-02-09 08:00:00,Library Block,24.164,0.0,0.192,0.0,7.383,0.417,7.992
2026-02-09 09:00:00,Library Block,26.86,1.072,2.896,0.0,0.0,0.447,4.415
2026-02-09 10:00:00,Library Block,27.453,1.909,2.715,0.0,0.0,0.41,5.035
2026-02-09 11:00:00,Library Block,29.202,4.347,2.753,0.0,0.0,0.414,7.514
2026-02-09 12:00:00,Library Block,31.09,5.61,3.169,0.0,0.0,0.426,9.205
2026-02-09 13:00:00,Library Block,33.594,10.603,3.05,0.0,0.0,0.414,14.068
2026-02-09 14:00:00,Library Block,31.285,5.585,3.33,0.0,0.0,0.406,9.322
2026-02-09 15:00:00,Library Block,33.03,10.488,3.146,0.0,0.0,0.434,14.068
2026-02-09 16:00:00,Library Block,31.544,7.239,3.335,0.0,0.0,0.423,10.998
2026-02-09 17:00:00,Library Block,31.64,6.348,2.88,0.0,0.0,0.447,9.674
2026-02-09 18:00:00,Library Block,32.172,8.659,3.079,1.92,0.0,0.449,14.108
2026-02-09 19:00:00,Library Block,29.152,4.507,3.063,1.92,0.0,0.447,9.937
2026-02-09 20:00:00,Library Block,28.29,2.615,3.04,1.92,0.0,0.428,8.003
2026-02-09 21:00:00,Library Block,27.141,0.076,0.206,0.12,0.0,0.419,0.821
2026-02-09 22:00:00,Library Block,26.148,0.012,0.19,0.12,0.0,0.448,0.77
2026-02-09 23:00:00,Library Block,23.452,0.0,0.179,0.12,0.0,0.422,0.721
2026-02-10 00:00:00,Library Block,24.018,0.0,0.197,0.12,0.0,0.422,0.74
2026-02-10 01:00:00,Library Block,21.359,0.0,0.179,0.12,0.0,0.434,0.733
2026-02-10 02:00:00,Library Block,21.689,0.0,0.172,0.12,0.0,0.434,0.725
2026-02-10 03:00:00,Library Block,20.81,0.0,0.193,0.12,0.0,0.41,0.722
2026-02-10 04:00:00,Library Block,21.945,0.0,0.174,0.12,0.0,0.414,0.707
2026-02-10 05:00:00,Library Block,23.831,0.0,0.198,0.12,4.801,0.405,5.524
2026-02-10 06:00:00,Library Block,22.48,0.0,0.186,0.12,6.482,0.409,7.197
2026-02-10 07:00:00,Library Block,23.984,0.0,0.204,0.0,7.92,0.42,8.544
2026-02-10 08:00:00,Library Block,25.015,0.0,0.185,0.0,7.459,0.448,8.091
2026-02-10 09:00:00,Library Block,26.414,0.465,2.954,0.0,0.0,0.441,3.86
2026-02-10 10:00:00,Library Block,27.854,2.57,2.976,0.0,0.0,0.415,5.961
2026-02-10 11:00:00,Library Block,29.981,5.736,3.168,0.0,0.0,0.41,9.314
2026-02-10 12:00:00,Library Block,30.466,5.102,2.792,0.0,0.0,0.45,8.344
2026-02-10 13:00:00,Library Block,31.45,5.794,2.917,0.0,0.0,0.437,9.149
2026-02-10 14:00:00,Library Block,29.63,4.807,2.868,0.0,0.0,0.429,8.103
2026-02-10 15:00:00,Library Block,34.385,12.507,2.949,0.0,0.0,0.449,15.905
2026-02-10 16:00:00,Library Block,34.439,11.439,3.301,0.0,0.0,0.448,15.188
2026-02-10 17:00:00,Library Block,32.845,7.966,3.112,0.0,0.0,0.41,11.488
2026-02-10 18:00:00,Library Block,30.369,6.303,3.026,1.92,0.0,0.434,11.683
2026-02-10 19:00:00,Library Block,28.737,3.536,2.775,1.92,0.0,0.436,8.667
2026-02-10 20:00:00,Library Block,26.988,1.265,3.075,1.92,0.0,0.444,6.704
2026-02-10 21:00:00,Library Block,27.639,0.11,0.202,0.12,0.0,0.427,0.859
2026-02-10 22:00:00,Library Block,26.712,0.048,0.183,0.12,0.0,0.436,0.787
2026-02-10 23:00:00,Library Block,24.166,0.0,0.206,0.12,0.0,0.421,0.747
2026-02-11 00:00:00,Library Block,23.615,0.0,0.183,0.12,0.0,0.423,0.726
2026-02-11 01:00:00,Library Block,22.249,0.0,0.175,0.12,0.0,0.43,0.725
2026-02-11 02:00:00,Library Block,20.434,0.0,0.203,0.12,0.0,0.415,0.737
2026-02-11 03:00:00,Library Block,22.009,0.0,0.192,0.12,0.0,0.441,0.752
2026-02-11 04:00:00,Library Block,22.15,0.0,0.19,0.12,0.0,0.427,0.737
2026-02-11 05:00:00,Library Block,20.813,0.0,0.207,0.12,5.734,0.443,6.504
2026-02-11 06:00:00,Library Block,23.564,0.0,0.203,0.12,7.382,0.44,8.145
2026-02-11 07:00:00,Library Block,23.852,0.0,0.21,0.0,6.199,0.43,6.839
2026-02-11 08:00:00,Library Block,25.186,0.0,0.197,0.0,6.453,0.436,7.086
2026-02-11 09:00:00,Library Block,27.391,1.502,3.077,0.0,0.0,0.443,5.023
2026-02-11 10:00:00,Library Block,28.913,4.316,3.05,0.0,0.0,0.42,7.786
2026-02-11 11:00:00,Library Block,30.889,6.99,2.927,0.0,0.0,0.438,10.355
2026-02-11 12:00:00,Library Block,30.393,4.818,2.81,0.0,0.0,0.447,8.074
2026-02-11 13:00:00,Library Block,32.762,7.471,3.242,0.0,0.0,0.406,11.12
2026-02-11 14:00:00,Library Block,31.636,7.787,2.692,0.0,0.0,0.427,10.907
2026-02-11 15:00:00,Library Block,32.821,8.831,3.285,0.0,0.0,0.412,12.527
2026-02-11 16:00:00,Library Block,32.683,8.969,2.864,0.0,0.0,0.422,12.256
2026-02-11 17:00:00,Library Block,33.166,8.46,2.849,0.0,0.0,0.442,11.751
2026-02-11 18:00:00,Library Block,31.252,7.603,2.693,1.92,0.0,0.414,12.63
2026-02-11 19:00:00,Library Block,29.738,4.838,2.93,1.92,0.0,0.407,10.095
2026-02-11 20:00:00,Library Block,29.979,5.19,2.748,1.92,0.0,0.418,10.276
2026-02-11 21:00:00,Library Block,26.571,0.053,0.176,0.12,0.0,0.44,0.789
2026-02-11 22:00:00,Library Block,24.976,0.0,0.197,0.12,0.0,0.41,0.727
2026-02-11 23:00:00,Library Block,22.124,0.0,0.185,0.12,0.0,0.431,0.737
2026-02-12 00:00:00,Library Block,22.54,0.0,0.168,0.12,0.0,0.438,0.727
2026-02-12 01:00:00,Library Block,20.864,0.0,0.181,0.12,0.0,0.431,0.732
2026-02-12 02:00:00,Library Block,20.954,0.0,0.168,0.12,0.0,0.447,0.735
2026-02-12 03:00:00,Library Block,21.24,0.0,0.206,0.12,0.0,0.439,0.766
2026-02-12 04:00:00,Library Block,20.119,0.0,0.204,0.12,0.0,0.409,0.733
2026-02-12 05:00:00,Library Block,20.981,0.0,0.183,0.12,6.874,0.444,7.62
2026-02-12 06:00:00,Library Block,21.158,0.0,0.178,0.12,5.502,0.43,6.23
2026-02-12 07:00:00,Library Block,23.49,0.0,0.172,0.0,4.812,0.449,5.433
2026-02-12 08:00:00,Library Block,24.503,0.0,0.198,0.0,7.467,0.449,8.114
2026-02-12 09:00:00,Library Block,29.144,4.184,2.769,0.0,0.0,0.412,7.365
2026-02-12 10:00:00,Library Block,30.057,5.255,3.138,0.0,0.0,0.416,8.809
2026-02-12 11:00:00,Library Block,31.342,6.05,2.862,0.0,0.0,0.434,9.346
2026-02-12 12:00:00,Library Block,29.948,5.314,3.178,0.0,0.0,0.408,8.899
2026-02-12 13:00:00,Library Block,32.019,7.347,2.952,0.0,0.0,0.423,10.723
2026-02-12 14:00:00,Library Block,31.592,7.222,2.78,0.0,0.0,0.449,10.452
2026-02-12 15:00:00,Library Block,34.843,12.871,2.874,0.0,0.0,0.429,16.174
2026-02-12 16:00:00,Library Block,33.627,8.383,3.152,0.0,0.0,0.42,11.954
2026-02-12 17:00:00,Library Block,31.144,7.612,3.148,0.0,0.0,0.413,11.174
2026-02-12 18:00:00,Library Block,31.612,7.328,3.089,1.92,0.0,0.439,12.776
2026-02-12 19:00:00,Library Block,28.517,3.719,2.905,1.92,0.0,0.447,8.991
2026-02-12 20:00:00,Library Block,28.416,2.755,3.115,1.92,0.0,0.447,8.237
2026-02-12 21:00:00,Library Block,26.824,0.055,0.17,0.12,0.0,0.408,0.753
2026-02-12 22:00:00,Library Block,26.187,0.016,0.193,0.12,0.0,0.408,0.737
2026-02-12 23:00:00,Library Block,24.988,0.0,0.201,0.12,0.0,0.45,0.77
2026-02-13 00:00:00,Library Block,22.778,0.0,0.174,0.12,0.0,0.448,0.742
2026-02-13 01:00:00,Library Block,21.58,0.0,0.202,0.12,0.0,0.415,0.737
2026-02-13 02:00:00,Library Block,17.969,0.0,0.206,0.12,0.0,0.414,0.74
2026-02-13 03:00:00,Library Block,22.562,0.0,0.208,0.12,0.0,0.432,0.76
2026-02-13 04:00:00,Library Block,20.547,0.0,0.169,0.12,0.0,0.419,0.709
2026-02-13 05:00:00,Library Block,21.906,0.0,0.206,0.12,7.913,0.437,8.676
2026-02-13 06:00:00,Library Block,25.016,0.0,0.171,0.12,6.235,0.414,6.94
2026-02-13 07:00:00,Library Block,22.806,0.0,0.184,0.0,6.131,0.441,6.756
2026-02-13 08:00:00,Library Block,25.468,0.0,0.191,0.0,6.868,0.418,7.476
2026-02-13 09:00:00,Library Block,27.497,1.985,2.837,0.0,0.0,0.411,5.234
2026-02-13 10:00:00,Library Block,29.645,4.311,2.92,0.0,0.0,0.42,7.651
2026-02-13 11:00:00,Library Block,30.001,4.842,3.298,0.0,0.0,0.406,8.546
2026-02-13 12:00:00,Library Block,32.418,6.857,2.806,0.0,0.0,0.434,10.096
2026-02-13 13:00:00,Library Block,31.781,6.797,3.05,0.0,0.0,0.408,10.255
2026-02-13 14:00:00,Library Block,33.339,8.783,3.244,0.0,0.0,0.412,12.438
2026-02-13 15:00:00,Library Block,33.414,7.841,2.85,0.0,0.0,0.441,11.131
2026-02-13 16:00:00,Library Block,32.704,9.523,3.316,0.0,0.0,0.428,13.267
2026-02-13 17:00:00,Library Block,32.52,9.443,3.347,0.0,0.0,0.432,13.221
2026-02-13 18:00:00,Library Block,30.368,4.935,2.867,1.92,0.0,0.418,10.139
2026-02-13 19:00:00,Library Block,29.701,4.895,3.006,1.92,0.0,0.449,10.269
2026-02-13 20:00:00,Library Block,27.266,1.581,2.696,1.92,0.0,0.449,6.646
2026-02-13 21:00:00,Library Block,26.558,0.039,0.208,0.12,0.0,0.421,0.788
2026-02-13 22:00:00,Library Block,26.585,0.039,0.174,0.12,0.0,0.44,0.773
2026-02-13 23:00:00,Library Block,24.42,0.0,0.186,0.12,0.0,0.441,0.747
2026-02-14 00:00:00,Library Block,23.065,0.0,0.167,0.102,0.0,0.446,0.715
2026-02-14 01:00:00,Library Block,20.205,0.0,0.166,0.102,0.0,0.444,0.712
2026-02-14 02:00:00,Library Block,21.524,0.0,0.166,0.102,0.0,0.425,0.693
2026-02-14 03:00:00,Library Block,20.937,0.0,0.143,0.102,0.0,0.421,0.667
2026-02-14 04:00:00,Library Block,21.742,0.0,0.169,0.102,0.0,0.447,0.718
2026-02-14 05:00:00,Library Block,23.187,0.0,0.169,0.102,6.433,0.423,7.127
2026-02-14 06:00:00,Library Block,22.348,0.0,0.162,0.102,7.212,0.428,7.904
2026-02-14 07:00:00,Library Block,23.684,0.0,0.169,0.0,6.251,0.409,6.829
2026-02-14 08:00:00,Library Block,26.365,0.025,0.143,0.0,7.765,0.418,8.351
2026-02-14 09:00:00,Library Block,26.397,0.408,2.38,0.0,0.0,0.412,3.2
2026-02-14 10:00:00,Library Block,28.64,2.48,2.327,0.0,0.0,0.409,5.216
2026-02-14 11:00:00,Library Block,28.003,2.351,2.464,0.0,0.0,0.422,5.236
2026-02-14 12:00:00,Library Block,30.935,4.974,2.401,0.0,0.0,0.428,7.803
2026-02-14 13:00:00,Library Block,33.501,7.047,2.391,0.0,0.0,0.44,9.879
2026-02-14 14:00:00,Library Block,33.131,8.763,2.524,0.0,0.0,0.432,11.72
2026-02-14 15:00:00,Library Block,33.899,7.457,2.641,0.0,0.0,0.442,10.54
2026-02-14 16:00:00,Library Block,33.752,7.528,2.595,0.0,0.0,0.415,10.538
2026-02-14 17:00:00,Library Block,33.545,6.803,2.763,0.0,0.0,0.441,10.006
2026-02-14 18:00:00,Library Block,30.895,5.34,2.51,1.632,0.0,0.407,9.889
2026-02-14 19:00:00,Library Block,30.942,5.971,2.518,1.632,0.0,0.417,10.538
2026-02-14 20:00:00,Library Block,30.801,5.848,2.291,1.632,0.0,0.425,10.195
2026-02-14 21:00:00,Library Block,26.974,0.072,0.17,0.102,0.0,0.448,0.792
2026-02-14 22:00:00,Library Block,24.127,0.0,0.164,0.102,0.0,0.409,0.675
2026-02-14 23:00:00,Library Block,23.405,0.0,0.147,0.102,0.0,0.417,0.666
2026-02-15 00:00:00,Library Block,23.226,0.0,0.15,0.102,0.0,0.412,0.664
2026-02-15 01:00:00,Library Block,20.142,0.0,0.149,0.102,0.0,0.424,0.675
2026-02-15 02:00:00,Library Block,20.442,0.0,0.157,0.102,0.0,0.42,0.679
2026-02-15 03:00:00,Library Block,20.67,0.0,0.144,0.102,0.0,0.409,0.655
2026-02-15 04:00:00,Library Block,21.314,0.0,0.171,0.102,0.0,0.427,0.699
2026-02-15 05:00:00,Library Block,23.6,0.0,0.154,0.102,6.429,0.427,7.112
2026-02-15 06:00:00,Library Block,23.445,0.0,0.176,0.102,7.94,0.433,8.651
2026-02-15 07:00:00,Library Block,22.886,0.0,0.152,0.0,7.268,0.443,7.863
2026-02-15 08:00:00,Library Block,29.315,0.246,0.156,0.0,7.408,0.449,8.259
2026-02-15 09:00:00,Library Block,26.983,0.997,2.811,0.0,0.0,0.41,4.218
2026-02-15 10:00:00,Library Block,26.872,0.912,2.381,0.0,0.0,0.42,3.713
2026-02-15 11:00:00,Library Block,28.962,3.76,2.768,0.0,0.0,0.449,6.977
2026-02-15 12:00:00,Library Block,30.21,4.188,2.371,0.0,0.0,0.431,6.99
2026-02-15 13:00:00,Library Block,30.848,4.487,2.568,0.0,0.0,0.423,7.478
2026-02-15 14:00:00,Library Block,33.309,7.61,2.784,0.0,0.0,0.425,10.819
2026-02-15 15:00:00,Library Block,30.333,5.139,2.376,0.0,0.0,0.443,7.958
2026-02-15 16:00:00,Library Block,33.778,8.499,2.306,0.0,0.0,0.444,11.25
2026-02-15 17:00:00,Library Block,33.011,6.374,2.422,0.0,0.0,0.418,9.214
2026-02-15 18:00:00,Library Block,30.786,5.489,2.435,1.632,0.0,0.419,9.974
2026-02-15 19:00:00,Library Block,30.916,5.77,2.517,1.632,0.0,0.436,10.356
2026-02-15 20:00:00,Library Block,27.46,1.64,2.71,1.632,0.0,0.408,6.39
2026-02-15 21:00:00,Library Block,26.158,0.009,0.145,0.102,0.0,0.443,0.699
2026-02-15 22:00:00,Library Block,25.997,0.0,0.163,0.102,0.0,0.405,0.671
2026-02-15 23:00:00,Library Block,23.79,0.0,0.169,0.102,0.0,0.426,0.696
2026-02-16 00:00:00,Library Block,22.132,0.0,0.202,0.12,0.0,0.441,0.763
2026-02-16 01:00:00,Library Block,21.69,0.0,0.209,0.12,0.0,0.446,0.775
2026-02-16 02:00:00,Library Block,22.523,0.0,0.203,0.12,0.0,0.433,0.756
2026-02-16 03:00:00,Library Block,22.28,0.0,0.172,0.12,0.0,0.429,0.721
2026-02-16 04:00:00,Library Block,21.631,0.0,0.175,0.12,0.0,0.436,0.732
2026-02-16 05:00:00,Library Block,21.448,0.0,0.198,0.12,5.118,0.443,5.879
2026-02-16 06:00:00,Library Block,23.279,0.0,0.177,0.12,5.306,0.406,6.009
2026-02-16 07:00:00,Library Block,23.138,0.0,0.178,0.0,6.915,0.432,7.526
2026-02-16 08:00:00,Library Block,26.616,0.05,0.204,0.0,5.983,0.44,6.676
2026-02-16 09:00:00,Library Block,27.95,2.447,2.998,0.0,0.0,0.447,5.892
2026-02-16 10:00:00,Library Block,30.485,5.62,2.955,0.0,0.0,0.423,8.998
2026-02-16 11:00:00,Library Block,29.198,3.564,3.003,0.0,0.0,0.446,7.013
2026-02-16 12:00:00,Library Block,30.316,5.912,2.86,0.0,0.0,0.433,9.206
2026-02-16 13:00:00,Library Block,32.747,8.846,2.747,0.0,0.0,0.42,12.013
2026-02-16 14:00:00,Library Block,32.522,7.012,3.345,0.0,0.0,0.449,10.806
2026-02-16 15:00:00,Library Block,33.999,9.751,2.884,0.0,0.0,0.408,13.043
2026-02-16 16:00:00,Library Block,34.113,9.314,3.032,0.0,0.0,0.444,12.79
2026-02-16 17:00:00,Library Block,33.899,9.68,2.727,0.0,0.0,0.429,12.836
2026-02-16 18:00:00,Library Block,31.301,5.85,2.788,1.92,0.0,0.431,10.989
2026-02-16 19:00:00,Library Block,30.88,6.465,2.757,1.92,0.0,0.442,11.584
2026-02-16 20:00:00,Library Block,28.036,2.671,2.722,1.92,0.0,0.447,7.76
2026-02-16 21:00:00,Library Block,27.217,0.1,0.195,0.12,0.0,0.445,0.861
2026-02-16 22:00:00,Library Block,25.394,0.0,0.169,0.12,0.0,0.426,0.715
2026-02-16 23:00:00,Library Block,23.893,0.0,0.187,0.12,0.0,0.437,0.744
2026-02-17 00:00:00,Library Block,24.581,0.0,0.196,0.12,0.0,0.439,0.755
2026-02-17 01:00:00,Library Block,20.462,0.0,0.183,0.12,0.0,0.421,0.724
2026-02-17 02:00:00,Library Block,21.199,0.0,0.174,0.12,0.0,0.419,0.713
2026-02-17 03:00:00,Library Block,21.054,0.0,0.177,0.12,0.0,0.442,0.739
2026-02-17 04:00:00,Library Block,21.848,0.0,0.174,0.12,0.0,0.429,0.724
2026-02-17 05:00:00,Library Block,20.707,0.0,0.18,0.12,5.582,0.415,6.297
2026-02-17 06:00:00,Library Block,22.458,0.0,0.183,0.12,6.476,0.445,7.224
2026-02-17 07:00:00,Library Block,23.404,0.0,0.185,0.0,7.265,0.427,7.877
2026-02-17 08:00:00,Library Block,23.195,0.0,0.177,0.0,5.676,0.444,6.298
2026-02-17 09:00:00,Library Block,28.162,2.954,2.845,0.0,0.0,0.412,6.211
2026-02-17 10:00:00,Library Block,27.083,1.452,3.118,0.0,0.0,0.445,5.015
2026-02-17 11:00:00,Library Block,28.397,2.979,2.703,0.0,0.0,0.423,6.106
2026-02-17 12:00:00,Library Block,32.19,6.627,2.985,0.0,0.0,0.418,10.03
2026-02-17 13:00:00,Library Block,31.861,8.634,3.312,0.0,0.0,0.422,12.368
2026-02-17 14:00:00,Library Block,32.495,8.956,3.2,0.0,0.0,0.432,12.588
2026-02-17 15:00:00,Library Block,32.719,8.22,2.912,0.0,0.0,0.419,11.551
2026-02-17 16:00:00,Library Block,33.87,8.975,3.057,0.0,0.0,0.434,12.466
2026-02-17 17:00:00,Library Block,31.644,7.337,3.348,0.0,0.0,0.428,11.113
2026-02-17 18:00:00,Library Block,31.838,6.185,3.169,1.92,0.0,0.434,11.709
2026-02-17 19:00:00,Library Block,28.859,3.59,3.084,1.92,0.0,0.42,9.014
2026-02-17 20:00:00,Library Block,28.883,4.309,3.064,1.92,0.0,0.417,9.71
2026-02-17 21:00:00,Library Block,27.903,0.164,0.206,0.12,0.0,0.435,0.925
2026-02-17 22:00:00,Library Block,26.852,0.08,0.176,0.12,0.0,0.429,0.805
2026-02-17 23:00:00,Library Block,22.451,0.0,0.192,0.12,0.0,0.411,0.724
2026-02-18 00:00:00,Library Block,22.461,0.0,0.183,0.12,0.0,0.434,0.737
2026-02-18 01:00:00,Library Block,23.402,0.0,0.188,0.12,0.0,0.417,0.725
2026-02-18 02:00:00,Library Block,22.126,0.0,0.17,0.12,0.0,0.421,0.711
2026-02-18 03:00:00,Library Block,20.801,0.0,0.201,0.12,0.0,0.443,0.765
2026-02-18 04:00:00,Library Block,21.208,0.0,0.176,0.12,0.0,0.414,0.71
2026-02-18 05:00:00,Library Block,22.101,0.0,0.192,0.12,6.143,0.424,6.879
2026-02-18 06:00:00,Library Block,22.384,0.0,0.207,0.12,5.713,0.409,6.449
2026-02-18 07:00:00,Library Block,24.547,0.0,0.179,0.0,6.556,0.425,7.16
2026-02-18 08:00:00,Library Block,25.938,0.0,0.182,0.0,7.189,0.446,7.817
2026-02-18 09:00:00,Library Block,25.885,0.0,2.961,0.0,0.0,0.43,3.391
2026-02-18 10:00:00,Library Block,28.063,2.319,3.054,0.0,0.0,0.444,5.817
2026-02-18 11:00:00,Library Block,29.546,3.816,2.843,0.0,0.0,0.429,7.088
2026-02-18 12:00:00,Library Block,30.987,6.966,3.184,0.0,0.0,0.408,10.557
2026-02-18 13:00:00,Library Block,32.466,7.161,3.111,0.0,0.0,0.428,10.7
2026-02-18 14:00:00,Library Block,32.976,8.957,2.751,0.0,0.0,0.415,12.124
2026-02-18 15:00:00,Library Block,32.28,7.607,3.03,0.0,0.0,0.424,11.061
2026-02-18 16:00:00,Library Block,34.136,10.553,2.93,0.0,0.0,0.416,13.898
2026-02-18 17:00:00,Library Block,32.201,8.45,2.924,0.0,0.0,0.41,11.784
2026-02-18 18:00:00,Library Block,32.706,7.675,3.349,1.92,0.0,0.415,13.358
2026-02-18 19:00:00,Library Block,31.44,6.203,2.96,1.92,0.0,0.423,11.507
2026-02-18 20:00:00,Library Block,27.494,1.795,2.704,1.92,0.0,0.442,6.861
2026-02-18 21:00:00,Library Block,26.51,0.047,0.183,0.12,0.0,0.44,0.789
2026-02-18 22:00:00,Library Block,25.03,0.0,0.193,0.12,0.0,0.407,0.72
2026-02-18 23:00:00,Library Block,24.313,0.0,0.19,0.12,0.0,0.44,0.75
2026-02-19 00:00:00,Library Block,23.484,0.0,0.171,0.12,0.0,0.406,0.698
2026-02-19 01:00:00,Library Block,21.951,0.0,0.175,0.12,0.0,0.408,0.703
2026-02-19 02:00:00,Library Block,20.654,0.0,0.2,0.12,0.0,0.439,0.76
2026-02-19 03:00:00,Library Block,22.652,0.0,0.168,0.12,0.0,0.423,0.711
2026-02-19 04:00:00,Library Block,20.766,0.0,0.178,0.12,0.0,0.419,0.717
2026-02-19 05:00:00,Library Block,22.546,0.0,0.209,0.12,7.376,0.422,8.127
2026-02-19 06:00:00,Library Block,22.72,0.0,0.196,0.12,5.115,0.429,5.859
2026-02-19 07:00:00,Library Block,23.935,0.0,0.178,0.0,6.582,0.432,7.193
2026-02-19 08:00:00,Library Block,26.121,0.009,0.176,0.0,5.628,0.435,6.248
2026-02-19 09:00:00,Library Block,28.543,2.759,2.968,0.0,0.0,0.409,6.136
2026-02-19 10:00:00,Library Block,28.858,4.101,3.122,0.0,0.0,0.412,7.635
2026-02-19 11:00:00,Library Block,29.511,5.235,2.803,0.0,0.0,0.425,8.462
2026-02-19 12:00:00,Library Block,32.723,7.71,3.191,0.0,0.0,0.444,11.345
2026-02-19 13:00:00,Library Block,32.69,10.015,2.716,0.0,0.0,0.439,13.171
2026-02-19 14:00:00,Library Block,32.966,9.245,2.818,0.0,0.0,0.413,12.477
2026-02-19 15:00:00,Library Block,34.028,11.271,3.085,0.0,0.0,0.418,14.774
2026-02-19 16:00:00,Library Block,33.118,10.639,3.163,0.0,0.0,0.422,14.224
2026-02-19 17:00:00,Library Block,34.653,12.883,3.14,0.0,0.0,0.444,16.467
2026-02-19 18:00:00,Library Block,31.244,6.847,2.864,1.92,0.0,0.449,12.08
2026-02-19 19:00:00,Library Block,31.15,6.629,2.947,1.92,0.0,0.408,11.904
2026-02-19 20:00:00,Library Block,28.995,4.055,2.713,1.92,0.0,0.427,9.116
2026-02-19 21:00:00,Library Block,27.439,0.103,0.168,0.12,0.0,0.421,0.813
2026-02-19 22:00:00,Library Block,25.085,0.0,0.185,0.12,0.0,0.419,0.725
2026-02-19 23:00:00,Library Block,23.643,0.0,0.191,0.12,0.0,0.427,0.738
2026-02-20 00:00:00,Library Block,23.254,0.0,0.202,0.12,0.0,0.437,0.76
2026-02-20 01:00:00,Library Block,20.936,0.0,0.208,0.12,0.0,0.432,0.76
2026-02-20 02:00:00,Library Block,20.629,0.0,0.193,0.12,0.0,0.424,0.737
2026-02-20 03:00:00,Library Block,21.015,0.0,0.202,0.12,0.0,0.438,0.76
2026-02-20 04:00:00,Library Block,22.445,0.0,0.173,0.12,0.0,0.424,0.717
2026-02-20 05:00:00,Library Block,21.884,0.0,0.202,0.12,7.675,0.434,8.432
2026-02-20 06:00:00,Library Block,22.822,0.0,0.179,0.12,6.003,0.413,6.714
2026-02-20 07:00:00,Library Block,22.941,0.0,0.185,0.0,7.369,0.42,7.974
2026-02-20 08:00:00,Library Block,27.143,0.085,0.169,0.0,7.251,0.431,7.936
2026-02-20 09:00:00,Library Block,28.107,2.253,3.003,0.0,0.0,0.446,5.702
2026-02-20 10:00:00,Library Block,29.773,4.17,3.126,0.0,0.0,0.406,7.702
2026-02-20 11:00:00,Library Block,28.547,3.16,2.857,0.0,0.0,0.438,6.455
2026-02-20 12:00:00,Library Block,31.594,6.703,3.231,0.0,0.0,0.427,10.361
2026-02-20 13:00:00,Library Block,31.258,6.753,3.31,0.0,0.0,0.439,10.502
2026-02-20 14:00:00,Library Block,33.567,8.936,3.071,0.0,0.0,0.41,12.418
2026-02-20 15:00:00,Library Block,33.322,8.782,2.852,0.0,0.0,0.432,12.066
2026-02-20 16:00:00,Library Block,33.314,10.834,3.162,0.0,0.0,0.424,14.42
2026-02-20 17:00:00,Library Block,31.48,7.911,2.886,0.0,0.0,0.419,11.216
2026-02-20 18:00:00,Library Block,30.203,4.438,2.797,1.92,0.0,0.406,9.562
2026-02-20 19:00:00,Library Block,29.359,4.438,2.88,1.92,0.0,0.429,9.666
2026-02-20 20:00:00,Library Block,28.861,3.187,2.983,1.92,0.0,0.42,8.51
2026-02-20 21:00:00,Library Block,26.758,0.067,0.177,0.12,0.0,0.446,0.811
2026-02-20 22:00:00,Library Block,25.7,0.0,0.182,0.12,0.0,0.439,0.741
2026-02-20 23:00:00,Library Block,22.976,0.0,0.185,0.12,0.0,0.409,0.714
2026-02-21 00:00:00,Library Block,22.751,0.0,0.17,0.102,0.0,0.419,0.691
2026-02-21 01:00:00,Library Block,23.199,0.0,0.173,0.102,0.0,0.417,0.692
2026-02-21 02:00:00,Library Block,21.537,0.0,0.172,0.102,0.0,0.436,0.71
2026-02-21 03:00:00,Library Block,21.395,0.0,0.15,0.102,0.0,0.431,0.683
2026-02-21 04:00:00,Library Block,21.607,0.0,0.172,0.102,0.0,0.421,0.695
2026-02-21 05:00:00,Library Block,21.292,0.0,0.166,0.102,5.017,0.415,5.7
2026-02-21 06:00:00,Library Block,24.389,0.0,0.151,0.102,7.423,0.425,8.101
2026-02-21 07:00:00,Library Block,24.357,0.0,0.156,0.0,6.746,0.416,7.318
2026-02-21 08:00:00,Library Block,25.624,0.0,0.155,0.0,7.973,0.414,8.542
2026-02-21 09:00:00,Library Block,27.687,1.546,2.533,0.0,0.0,0.442,4.521
2026-02-21 10:00:00,Library Block,29.494,4.427,2.767,0.0,0.0,0.449,7.643
2026-02-21 11:00:00,Library Block,28.754,2.693,2.52,0.0,0.0,0.439,5.652
2026-02-21 12:00:00,Library Block,31.299,5.556,2.316,0.0,0.0,0.408,8.28
2026-02-21 13:00:00,Library Block,34.431,8.385,2.706,0.0,0.0,0.447,11.538
2026-02-21 14:00:00,Library Block,34.451,10.566,2.734,0.0,0.0,0.425,13.726
2026-02-21 15:00:00,Library Block,32.894,6.347,2.612,0.0,0.0,0.417,9.376
2026-02-21 16:00:00,Library Block,33.524,8.278,2.556,0.0,0.0,0.44,11.274
2026-02-21 17:00:00,Library Block,31.87,6.311,2.726,0.0,0.0,0.405,9.442
2026-02-21 18:00:00,Library Block,31.596,6.476,2.297,1.632,0.0,0.406,10.812
2026-02-21 19:00:00,Library Block,29.542,4.378,2.618,1.632,0.0,0.439,9.068
2026-02-21 20:00:00,Library Block,28.078,1.855,2.829,1.632,0.0,0.412,6.727
2026-02-21 21:00:00,Library Block,26.408,0.023,0.171,0.102,0.0,0.426,0.722
2026-02-21 22:00:00,Library Block,27.129,0.073,0.153,0.102,0.0,0.429,0.756
2026-02-21 23:00:00,Library Block,23.52,0.0,0.176,0.102,0.0,0.45,0.727
2026-02-22 00:00:00,Library Block,23.899,0.0,0.15,0.102,0.0,0.42,0.672
2026-02-22 01:00:00,Library Block,21.372,0.0,0.162,0.102,0.0,0.419,0.683
2026-02-22 02:00:00,Library Block,20.658,0.0,0.165,0.102,0.0,0.426,0.693
2026-02-22 03:00:00,Library Block,21.389,0.0,0.144,0.102,0.0,0.427,0.673
2026-02-22 04:00:00,Library Block,19.906,0.0,0.147,0.102,0.0,0.43,0.679
2026-02-22 05:00:00,Library Block,22.469,0.0,0.162,0.102,7.877,0.445,8.586
2026-02-22 06:00:00,Library Block,22.621,0.0,0.149,0.102,6.881,0.437,7.569
2026-02-22 07:00:00,Library Block,23.449,0.0,0.158,0.0,7.832,0.444,8.434
2026-02-22 08:00:00,Library Block,24.682,0.0,0.168,0.0,5.272,0.422,5.863
2026-02-22 09:00:00,Library Block,28.971,2.743,2.642,0.0,0.0,0.44,5.825
2026-02-22 10:00:00,Library Block,28.519,3.1,2.784,0.0,0.0,0.448,6.332
2026-02-22 11:00:00,Library Block,29.924,3.793,2.811,0.0,0.0,0.409,7.012
2026-02-22 12:00:00,Library Block,32.116,5.51,2.814,0.0,0.0,0.425,8.748
2026-02-22 13:00:00,Library Block,31.355,6.53,2.509,0.0,0.0,0.432,9.47
2026-02-22 14:00:00,Library Block,33.93,7.637,2.354,0.0,0.0,0.431,10.422
2026-02-22 15:00:00,Library Block,32.964,7.626,2.666,0.0,0.0,0.428,10.72
2026-02-22 16:00:00,Library Block,31.412,6.542,2.81,0.0,0.0,0.442,9.793
2026-02-22 17:00:00,Library Block,31.666,5.392,2.724,0.0,0.0,0.414,8.531
2026-02-22 18:00:00,Library Block,30.147,4.877,2.683,1.632,0.0,0.448,9.641
2026-02-22 19:00:00,Library Block,30.081,4.472,2.743,1.632,0.0,0.441,9.289
2026-02-22 20:00:00,Library Block,27.759,1.742,2.519,1.632,0.0,0.418,6.311
2026-02-22 21:00:00,Library Block,26.096,0.005,0.161,0.102,0.0,0.406,0.675
2026-02-22 22:00:00,Library Block,25.739,0.0,0.15,0.102,0.0,0.437,0.689
2026-02-22 23:00:00,Library Block,24.044,0.0,0.167,0.102,0.0,0.406,0.675
2026-02-23 00:00:00,Library Block,23.967,0.0,0.183,0.12,0.0,0.427,0.73
2026-02-23 01:00:00,Library Block,22.969,0.0,0.179,0.12,0.0,0.431,0.73
2026-02-23 02:00:00,Library Block,21.266,0.0,0.179,0.12,0.0,0.449,0.748
2026-02-23 03:00:00,Library Block,21.5,0.0,0.189,0.12,0.0,0.419,0.729
2026-02-23 04:00:00,Library Block,19.797,0.0,0.191,0.12,0.0,0.437,0.748
2026-02-23 05:00:00,Library Block,22.5,0.0,0.203,0.12,6.721,0.448,7.492
2026-02-23 06:00:00,Library Block,23.168,0.0,0.206,0.12,6.804,0.426,7.556
2026-02-23 07:00:00,Library Block,24.954,0.0,0.181,0.0,6.987,0.41,7.578
2026-02-23 08:00:00,Library Block,25.141,0.0,0.182,0.0,7.567,0.411,8.16
2026-02-23 09:00:00,Library Block,26.702,1.016,2.877,0.0,0.0,0.423,4.316
2026-02-23 10:00:00,Library Block,28.262,2.796,2.891,0.0,0.0,0.42,6.107
2026-02-23 11:00:00,Library Block,31.435,7.205,3.178,0.0,0.0,0.419,10.801
2026-02-23 12:00:00,Library Block,31.526,6.152,3.111,0.0,0.0,0.427,9.69
2026-02-23 13:00:00,Library Block,30.7,6.05,2.74,0.0,0.0,0.429,9.219
2026-02-23 14:00:00,Library Block,33.44,9.231,3.073,0.0,0.0,0.417,12.721
2026-02-23 15:00:00,Library Block,32.537,8.286,3.258,0.0,0.0,0.425,11.969
2026-02-23 16:00:00,Library Block,33.88,8.928,2.728,0.0,0.0,0.434,12.09
2026-02-23 17:00:00,Library Block,32.735,9.697,3.296,0.0,0.0,0.43,13.423
2026-02-23 18:00:00,Library Block,32.483,7.041,2.861,1.92,0.0,0.439,12.26
2026-02-23 19:00:00,Library Block,31.039,7.062,2.908,1.92,0.0,0.417,12.308
2026-02-23 20:00:00,Library Block,29.49,5.148,2.956,1.92,0.0,0.422,10.446
2026-02-23 21:00:00,Library Block,28.134,0.146,0.174,0.12,0.0,0.43,0.87
2026-02-23 22:00:00,Library Block,26.262,0.02,0.172,0.12,0.0,0.446,0.758
2026-02-23 23:00:00,Library Block,23.306,0.0,0.178,0.12,0.0,0.433,0.731
2026-02-24 00:00:00,Library Block,21.614,0.0,0.168,0.12,0.0,0.418,0.706
2026-02-24 01:00:00,Library Block,20.974,6.663,0.192,3.54,0.0,0.407,10.802
2026-02-24 02:00:00,Library Block,21.935,6.663,0.174,3.54,0.0,0.428,10.805
2026-02-24 03:00:00,Library Block,18.777,6.663,0.172,3.54,0.0,0.448,10.823
2026-02-24 04:00:00,Library Block,21.189,6.663,0.192,3.54,0.0,0.435,10.83
2026-02-24 05:00:00,Library Block,21.538,6.663,0.193,3.54,7.576,0.424,18.395
2026-02-24 06:00:00,Library Block,23.981,0.0,0.196,0.12,7.039,0.408,7.763
2026-02-24 07:00:00,Library Block,23.883,0.0,0.189,0.0,5.351,0.41,5.95
2026-02-24 08:00:00,Library Block,25.079,0.0,0.205,0.0,5.631,0.438,6.274
2026-02-24 09:00:00,Library Block,28.316,3.206,2.772,0.0,0.0,0.419,6.397
2026-02-24 10:00:00,Library Block,28.461,2.587,3.216,0.0,0.0,0.418,6.222
2026-02-24 11:00:00,Library Block,29.747,4.376,2.964,0.0,0.0,0.415,7.756
2026-02-24 12:00:00,Library Block,30.753,7.076,3.295,0.0,0.0,0.445,10.816
2026-02-24 13:00:00,Library Block,32.482,8.721,2.846,0.0,0.0,0.419,11.985
2026-02-24 14:00:00,Library Block,32.464,8.133,3.325,0.0,0.0,0.413,11.871
2026-02-24 15:00:00,Library Block,32.672,9.203,3.271,0.0,0.0,0.422,12.895
2026-02-24 16:00:00,Library Block,34.246,10.273,2.804,0.0,0.0,0.437,13.514
2026-02-24 17:00:00,Library Block,32.245,6.857,2.98,0.0,0.0,0.424,10.261
2026-02-24 18:00:00,Library Block,30.794,6.108,2.851,1.92,0.0,0.439,11.318
2026-02-24 19:00:00,Library Block,29.005,4.447,2.783,1.92,0.0,0.436,9.586
2026-02-24 20:00:00,Library Block,28.751,3.227,2.949,1.92,0.0,0.421,8.516
2026-02-24 21:00:00,Library Block,26.44,0.03,0.19,0.12,0.0,0.444,0.784
2026-02-24 22:00:00,Library Block,25.079,0.0,0.185,0.12,0.0,0.408,0.713
2026-02-24 23:00:00,Library Block,23.148,0.0,0.182,0.12,0.0,0.438,0.74
2026-02-25 00:00:00,Library Block,22.954,0.0,0.182,0.12,0.0,0.428,0.73
2026-02-25 01:00:00,Library Block,20.501,0.0,0.175,0.12,0.0,0.419,0.714
2026-02-25 02:00:00,Library Block,21.616,0.0,0.177,0.12,0.0,0.423,0.721
2026-02-25 03:00:00,Library Block,20.454,0.0,0.19,0.12,0.0,0.431,0.742
2026-02-25 04:00:00,Library Block,21.921,0.0,0.175,0.12,0.0,0.417,0.712
2026-02-25 05:00:00,Library Block,22.289,0.0,0.203,0.12,7.559,0.432,8.314
2026-02-25 06:00:00,Library Block,22.861,0.0,0.199,0.12,7.392,0.429,8.139
2026-02-25 07:00:00,Library Block,24.846,0.0,0.21,0.0,5.558,0.44,6.207
2026-02-25 08:00:00,Library Block,27.004,0.082,0.181,0.0,5.376,0.413,6.053
2026-02-25 09:00:00,Library Block,28.268,2.968,2.811,0.0,0.0,0.421,6.2
2026-02-25 10:00:00,Library Block,27.242,1.643,2.739,0.0,0.0,0.428,4.809
2026-02-25 11:00:00,Library Block,29.395,4.196,2.923,0.0,0.0,0.438,7.557
2026-02-25 12:00:00,Library Block,30.76,5.619,3.307,0.0,0.0,0.42,9.346
2026-02-25 13:00:00,Library Block,32.835,8.186,3.085,0.0,0.0,0.419,11.69
2026-02-25 14:00:00,Library Block,32.273,8.942,3.332,0.0,0.0,0.445,12.72
2026-02-25 15:00:00,Library Block,32.439,8.572,3.302,0.0,0.0,0.41,12.284
2026-02-25 16:00:00,Library Block,32.061,7.45,2.943,0.0,0.0,0.438,10.831
2026-02-25 17:00:00,Library Block,32.495,8.612,2.982,0.0,0.0,0.441,12.036
2026-02-25 18:00:00,Library Block,31.877,7.096,2.889,1.92,0.0,0.417,12.322
2026-02-25 19:00:00,Library Block,28.788,4.01,3.187,1.92,0.0,0.425,9.541
2026-02-25 20:00:00,Library Block,28.039,2.808,3.071,1.92,0.0,0.428,8.227
2026-02-25 21:00:00,Library Block,25.105,0.0,0.171,0.12,0.0,0.44,0.73
2026-02-25 22:00:00,Library Block,23.055,0.0,0.207,0.12,0.0,0.444,0.771
2026-02-25 23:00:00,Library Block,24.485,0.0,0.201,0.12,0.0,0.423,0.744
2026-02-26 00:00:00,Library Block,23.073,0.0,0.207,0.12,0.0,0.421,0.748
2026-02-26 01:00:00,Library Block,21.976,0.0,0.178,0.12,0.0,0.421,0.719
2026-02-26 02:00:00,Library Block,22.791,0.0,0.2,0.12,0.0,0.414,0.733
2026-02-26 03:00:00,Library Block,19.324,0.0,0.195,0.12,0.0,0.408,0.722
2026-02-26 04:00:00,Library Block,19.124,0.0,0.173,0.12,0.0,0.445,0.738
2026-02-26 05:00:00,Library Block,20.681,0.0,0.179,0.12,5.859,0.419,6.577
2026-02-26 06:00:00,Library Block,20.638,0.0,0.176,0.12,6.656,0.406,7.358
2026-02-26 07:00:00,Library Block,23.387,0.0,0.174,0.0,5.948,0.412,6.534
2026-02-26 08:00:00,Library Block,26.03,0.002,0.195,0.0,7.907,0.447,8.553
2026-02-26 09:00:00,Library Block,27.297,1.704,3.27,0.0,0.0,0.408,5.381
2026-02-26 10:00:00,Library Block,29.58,4.328,3.352,0.0,0.0,0.436,8.116
2026-02-26 11:00:00,Library Block,30.371,4.744,2.832,0.0,0.0,0.44,8.017
2026-02-26 12:00:00,Library Block,30.839,7.116,3.141,0.0,0.0,0.439,10.695
2026-02-26 13:00:00,Library Block,31.67,6.989,2.741,0.0,0.0,0.42,10.15
2026-02-26 14:00:00,Library Block,33.233,8.992,2.849,0.0,0.0,0.434,12.274
2026-02-26 15:00:00,Library Block,31.47,6.682,3.257,0.0,0.0,0.418,10.357
2026-02-26 16:00:00,Library Block,29.618,3.896,3.321,0.0,0.0,0.424,7.64
2026-02-26 17:00:00,Library Block,32.586,9.021,3.34,0.0,0.0,0.442,12.804
2026-02-26 18:00:00,Library Block,31.477,7.389,3.0,1.92,0.0,0.432,12.742
2026-02-26 19:00:00,Library Block,31.569,6.26,3.182,1.92,0.0,0.426,11.788
2026-02-26 20:00:00,Library Block,29.249,3.805,2.936,1.92,0.0,0.436,9.097
2026-02-26 21:00:00,Library Block,27.309,0.106,0.197,0.12,0.0,0.438,0.862
2026-02-26 22:00:00,Library Block,25.135,0.0,0.174,0.12,0.0,0.447,0.741
2026-02-26 23:00:00,Library Block,23.189,0.0,0.173,0.12,0.0,0.44,0.733
2026-02-27 00:00:00,Library Block,22.477,0.0,0.209,0.12,0.0,0.427,0.756
2026-02-27 01:00:00,Library Block,22.759,0.0,0.181,0.12,0.0,0.415,0.716
2026-02-27 02:00:00,Library Block,21.668,0.0,0.206,0.12,0.0,0.426,0.752
2026-02-27 03:00:00,Library Block,21.934,0.0,0.169,0.12,0.0,0.425,0.714
2026-02-27 04:00:00,Library Block,21.311,0.0,0.203,0.12,0.0,0.432,0.755
2026-02-27 05:00:00,Library Block,20.904,0.0,0.207,0.12,5.744,0.433,6.505
2026-02-27 06:00:00,Library Block,23.918,0.0,0.169,0.12,5.495,0.415,6.198
2026-02-27 07:00:00,Library Block,25.07,0.0,0.184,0.0,7.809,0.441,8.435
2026-02-27 08:00:00,Library Block,25.633,0.0,0.202,0.0,5.658,0.424,6.283
2026-02-27 09:00:00,Library Block,27.556,1.975,2.691,0.0,0.0,0.44,5.107
2026-02-27 10:00:00,Library Block,29.054,4.003,2.893,0.0,0.0,0.406,7.301
2026-02-27 11:00:00,Library Block,29.532,4.17,2.862,0.0,0.0,0.44,7.471
2026-02-27 12:00:00,Library Block,30.983,6.881,2.778,0.0,0.0,0.43,10.089
2026-02-27 13:00:00,Library Block,31.286,6.661,2.747,0.0,0.0,0.424,9.832
2026-02-27 14:00:00,Library Block,32.532,8.508,2.855,0.0,0.0,0.411,11.775
2026-02-27 15:00:00,Library Block,34.031,9.737,2.822,0.0,0.0,0.445,13.004
2026-02-27 16:00:00,Library Block,33.637,10.343,3.343,0.0,0.0,0.407,14.093
2026-02-27 17:00:00,Library Block,32.755,7.406,2.703,0.0,0.0,0.41,10.519
2026-02-27 18:00:00,Library Block,32.202,7.925,2.775,1.92,0.0,0.443,13.063
2026-02-27 19:00:00,Library Block,29.635,5.281,3.23,1.92,0.0,0.436,10.868
2026-02-27 20:00:00,Library Block,27.38,1.595,3.2,1.92,0.0,0.443,7.158
2026-02-27 21:00:00,Library Block,26.843,0.076,0.188,0.12,0.0,0.449,0.832
2026-02-27 22:00:00,Library Block,25.369,0.0,0.184,0.12,0.0,0.42,0.724
2026-02-27 23:00:00,Library Block,24.676,0.0,0.183,0.12,0.0,0.441,0.744
2026-02-28 00:00:00,Library Block,23.269,0.0,0.178,0.102,0.0,0.407,0.686
2026-02-28 01:00:00,Library Block,22.814,0.0,0.174,0.102,0.0,0.446,0.722
2026-02-28 02:00:00,Library Block,19.19,0.0,0.152,0.102,0.0,0.434,0.688
2026-02-28 03:00:00,Library Block,20.202,0.0,0.159,0.102,0.0,0.446,0.707
2026-02-28 04:00:00,Library Block,21.113,0.0,0.169,0.102,0.0,0.43,0.702
2026-02-28 05:00:00,Library Block,22.283,0.0,0.172,0.102,6.031,0.433,6.739
2026-02-28 06:00:00,Library Block,24.852,0.0,0.147,0.102,5.437,0.447,6.133
2026-02-28 07:00:00,Library Block,23.023,0.0,0.177,0.0,6.977,0.419,7.572
2026-02-28 08:00:00,Library Block,24.737,0.0,0.172,0.0,4.873,0.42,5.466
2026-02-28 09:00:00,Library Block,26.577,0.681,2.572,0.0,0.0,0.443,3.697
2026-02-28 10:00:00,Library Block,27.807,1.715,2.571,0.0,0.0,0.448,4.734
2026-02-28 11:00:00,Library Block,29.112,3.228,2.574,0.0,0.0,0.435,6.238
2026-02-28 12:00:00,Library Block,31.289,6.623,2.751,0.0,0.0,0.424,9.798
2026-02-28 13:00:00,Library Block,33.18,7.029,2.597,0.0,0.0,0.41,10.036
2026-02-28 14:00:00,Library Block,32.915,8.028,2.749,0.0,0.0,0.432,11.209
2026-02-28 15:00:00,Library Block,32.14,7.64,2.778,0.0,0.0,0.442,10.86
2026-02-28 16:00:00,Library Block,32.599,7.871,2.686,0.0,0.0,0.41,10.967
2026-02-28 17:00:00,Library Block,31.158,6.473,2.312,0.0,0.0,0.418,9.203
2026-02-28 18:00:00,Library Block,32.226,7.804,2.541,1.632,0.0,0.41,12.386
2026-02-28 19:00:00,Library Block,31.471,5.121,2.431,1.632,0.0,0.42,9.604
2026-02-28 20:00:00,Library Block,26.958,1.075,2.31,1.632,0.0,0.431,5.448
2026-02-28 21:00:00,Library Block,27.229,0.081,0.166,0.102,0.0,0.411,0.76
2026-02-28 22:00:00,Library Block,24.669,0.0,0.161,0.102,0.0,0.426,0.689
2026-02-28 23:00:00,Library Block,24.063,0.0,0.145,0.102,0.0,0.406,0.653
2026-03-01 00:00:00,Library Block,25.672,0.0,0.165,0.102,0.0,0.442,0.709
2026-03-01 01:00:00,Library Block,23.463,0.0,0.15,0.102,0.0,0.435,0.687
2026-03-01 02:00:00,Library Block,25.413,0.0,0.176,0.102,0.0,0.434,0.712
2026-03-01 03:00:00,Library Block,23.848,0.0,0.168,0.102,0.0,0.443,0.713
2026-03-01 04:00:00,Library Block,23.734,0.0,0.143,0.102,0.0,0.411,0.656
2026-03-01 05:00:00,Library Block,24.92,0.0,0.174,0.102,6.824,0.449,7.548
2026-03-01 06:00:00,Library Block,24.887,0.0,0.145,0.102,6.53,0.407,7.184
2026-03-01 07:00:00,Library Block,26.816,0.056,0.143,0.0,6.216,0.425,6.84
2026-03-01 08:00:00,Library Block,26.61,0.046,0.157,0.0,6.354,0.405,6.962
2026-03-01 09:00:00,Library Block,27.643,1.96,2.374,0.0,0.0,0.446,4.78
2026-03-01 10:00:00,Library Block,30.583,5.612,2.752,0.0,0.0,0.426,8.791
2026-03-01 11:00:00,Library Block,32.468,7.667,2.824,0.0,0.0,0.417,10.908
2026-03-01 12:00:00,Library Block,32.486,8.063,2.732,0.0,0.0,0.425,11.22
2026-03-01 13:00:00,Library Block,34.699,8.285,2.495,0.0,0.0,0.448,11.228
2026-03-01 14:00:00,Library Block,35.262,10.535,2.452,0.0,0.0,0.415,13.402
2026-03-01 15:00:00,Library Block,35.938,9.183,2.481,0.0,0.0,0.421,12.084
2026-03-01 16:00:00,Library Block,36.41,11.28,2.334,0.0,0.0,0.405,14.02
2026-03-01 17:00:00,Library Block,36.908,13.329,2.801,0.0,0.0,0.415,16.545
2026-03-01 18:00:00,Library Block,34.671,10.145,2.424,1.632,0.0,0.445,14.646
2026-03-01 19:00:00,Library Block,32.016,6.711,2.428,1.632,0.0,0.427,11.197
2026-03-01 20:00:00,Library Block,32.219,7.202,2.694,1.632,0.0,0.409,11.937
2026-03-01 21:00:00,Library Block,31.401,0.324,0.165,0.102,0.0,0.442,1.033
2026-03-01 22:00:00,Library Block,27.327,0.104,0.177,0.102,0.0,0.443,0.826
2026-03-01 23:00:00,Library Block,25.935,0.0,0.178,0.102,0.0,0.449,0.729
2026-03-02 00:00:00,Library Block,24.336,0.0,0.186,0.12,0.0,0.408,0.713
2026-03-02 01:00:00,Library Block,24.239,0.0,0.207,0.12,0.0,0.425,0.751
2026-03-02 02:00:00,Library Block,24.578,0.0,0.208,0.12,0.0,0.445,0.773
2026-03-02 03:00:00,Library Block,25.483,0.0,0.204,0.12,0.0,0.41,0.734
2026-03-02 04:00:00,Library Block,25.096,0.0,0.207,0.12,0.0,0.421,0.748
2026-03-02 05:00:00,Library Block,25.189,0.0,0.193,0.12,5.481,0.446,6.24
2026-03-02 06:00:00,Library Block,25.803,0.0,0.173,0.12,6.023,0.409,6.725
2026-03-02 07:00:00,Library Block,27.392,0.094,0.204,0.0,6.818,0.438,7.554
2026-03-02 08:00:00,Library Block,28.898,0.191,0.181,0.0,6.392,0.448,7.212
2026-03-02 09:00:00,Library Block,31.303,6.855,3.31,0.0,0.0,0.432,10.596
2026-03-02 10:00:00,Library Block,31.532,6.29,3.037,0.0,0.0,0.445,9.772
2026-03-02 11:00:00,Library Block,33.262,8.939,3.017,0.0,0.0,0.441,12.397
2026-03-02 12:00:00,Library Block,33.834,9.849,3.247,0.0,0.0,0.441,13.537
2026-03-02 13:00:00,Library Block,35.31,12.006,2.949,0.0,0.0,0.433,15.388
2026-03-02 14:00:00,Library Block,35.539,13.849,2.759,0.0,0.0,0.408,17.016
2026-03-02 15:00:00,Library Block,34.81,9.422,3.215,0.0,0.0,0.423,13.06
2026-03-02 16:00:00,Library Block,36.669,13.575,2.883,0.0,0.0,0.443,16.901
2026-03-02 17:00:00,Library Block,36.684,11.853,3.256,0.0,0.0,0.414,15.523
2026-03-02 18:00:00,Library Block,34.205,12.037,3.303,1.92,0.0,0.419,17.678
2026-03-02 19:00:00,Library Block,33.332,10.726,2.951,1.92,0.0,0.428,16.025
2026-03-02 20:00:00,Library Block,32.415,7.139,3.139,1.92,0.0,0.424,12.622
2026-03-02 21:00:00,Library Block,29.857,0.266,0.169,0.12,0.0,0.442,0.996
2026-03-02 22:00:00,Library Block,28.637,0.181,0.201,0.12,0.0,0.449,0.951
2026-03-02 23:00:00,Library Block,26.783,0.054,0.187,0.12,0.0,0.41,0.771
2026-03-03 00:00:00,Library Block,25.208,0.0,0.179,0.12,0.0,0.406,0.705
2026-03-03 01:00:00,Library Block,25.325,0.0,0.205,0.12,0.0,0.44,0.765
2026-03-03 02:00:00,Library Block,24.717,0.0,0.185,0.12,0.0,0.408,0.714
2026-03-03 03:00:00,Library Block,24.923,0.0,0.203,0.12,0.0,0.416,0.738
2026-03-03 04:00:00,Library Block,24.201,0.0,0.186,0.12,0.0,0.421,0.726
2026-03-03 05:00:00,Library Block,23.604,0.0,0.208,0.12,6.087,0.418,6.833
2026-03-03 06:00:00,Library Block,26.865,0.067,0.196,0.12,5.664,0.434,6.482
2026-03-03 07:00:00,Library Block,26.265,0.024,0.196,0.0,6.522,0.417,7.16
2026-03-03 08:00:00,Library Block,27.695,0.128,0.173,0.0,5.78,0.432,6.513
2026-03-03 09:00:00,Library Block,29.468,4.089,3.19,0.0,0.0,0.436,7.715
2026-03-03 10:00:00,Library Block,29.809,5.567,3.038,0.0,0.0,0.406,9.011
2026-03-03 11:00:00,Library Block,32.782,8.103,3.171,0.0,0.0,0.422,11.695
2026-03-03 12:00:00,Library Block,34.862,9.792,3.271,0.0,0.0,0.407,13.47
2026-03-03 13:00:00,Library Block,34.763,11.641,3.161,0.0,0.0,0.439,15.241
2026-03-03 14:00:00,Library Block,37.134,13.102,3.023,0.0,0.0,0.408,16.533
2026-03-03 15:00:00,Library Block,37.276,14.478,3.261,0.0,0.0,0.444,18.183
2026-03-03 16:00:00,Library Block,36.685,14.912,3.184,0.0,0.0,0.443,18.539
2026-03-03 17:00:00,Library Block,33.261,9.472,3.202,0.0,0.0,0.428,13.102
2026-03-03 18:00:00,Library Block,35.676,13.682,3.301,1.92,0.0,0.447,19.35
2026-03-03 19:00:00,Library Block,32.763,8.15,2.781,1.92,0.0,0.421,13.272
2026-03-03 20:00:00,Library Block,33.231,8.142,3.023,1.92,0.0,0.419,13.504
2026-03-03 21:00:00,Library Block,29.396,0.261,0.173,0.12,0.0,0.41,0.964
2026-03-03 22:00:00,Library Block,28.307,0.178,0.199,0.12,0.0,0.438,0.935
2026-03-03 23:00:00,Library Block,27.09,0.093,0.186,0.12,0.0,0.424,0.824
2026-03-04 00:00:00,Library Block,24.825,0.0,0.198,0.12,0.0,0.449,0.767
2026-03-04 01:00:00,Library Block,23.183,0.0,0.173,0.12,0.0,0.444,0.737
2026-03-04 02:00:00,Library Block,21.807,0.0,0.194,0.12,0.0,0.428,0.742
2026-03-04 03:00:00,Library Block,26.953,0.07,0.173,0.12,0.0,0.425,0.788
2026-03-04 04:00:00,Library Block,22.536,0.0,0.183,0.12,0.0,0.416,0.718
2026-03-04 05:00:00,Library Block,23.149,0.0,0.19,0.12,6.805,0.412,7.528
2026-03-04 06:00:00,Library Block,26.329,0.028,0.197,0.12,4.85,0.416,5.611
2026-03-04 07:00:00,Library Block,25.576,0.0,0.189,0.0,5.163,0.43,5.782
2026-03-04 08:00:00,Library Block,26.837,0.069,0.199,0.0,5.248,0.411,5.927
2026-03-04 09:00:00,Library Block,27.126,1.577,2.805,0.0,0.0,0.445,4.826
2026-03-04 10:00:00,Library Block,31.846,7.692,3.119,0.0,0.0,0.449,11.26
2026-03-04 11:00:00,Library Block,31.93,7.854,2.947,0.0,0.0,0.417,11.218
2026-03-04 12:00:00,Library Block,34.886,12.839,2.792,0.0,0.0,0.434,16.064
2026-03-04 13:00:00,Library Block,35.12,10.343,3.261,0.0,0.0,0.423,14.028
2026-03-04 14:00:00,Library Block,35.881,12.737,3.344,0.0,0.0,0.429,16.509
2026-03-04 15:00:00,Library Block,35.547,13.083,2.849,0.0,0.0,0.44,16.372
2026-03-04 16:00:00,Library Block,35.52,11.315,2.794,0.0,0.0,0.432,14.541
2026-03-04 17:00:00,Library Block,34.301,9.536,3.202,0.0,0.0,0.435,13.173
2026-03-04 18:00:00,Library Block,33.443,8.246,3.354,1.92,0.0,0.412,13.932
2026-03-04 19:00:00,Library Block,31.905,6.898,2.969,1.92,0.0,0.416,12.203
2026-03-04 20:00:00,Library Block,33.067,9.538,3.219,1.92,0.0,0.444,15.122
2026-03-04 21:00:00,Library Block,29.604,0.299,0.174,0.12,0.0,0.449,1.042
2026-03-04 22:00:00,Library Block,26.182,0.013,0.178,0.12,0.0,0.43,0.74
2026-03-04 23:00:00,Library Block,27.259,0.1,0.174,0.12,0.0,0.414,0.808
2026-03-05 00:00:00,Library Block,24.954,0.0,0.196,0.12,0.0,0.428,0.744
2026-03-05 01:00:00,Library Block,24.759,0.0,0.193,0.12,0.0,0.426,0.739
2026-03-05 02:00:00,Library Block,23.935,0.0,0.196,0.12,0.0,0.435,0.751
2026-03-05 03:00:00,Library Block,25.49,0.0,0.175,0.12,0.0,0.42,0.715
2026-03-05 04:00:00,Library Block,23.821,0.0,0.171,0.12,0.0,0.445,0.736
2026-03-05 05:00:00,Library Block,25.62,0.0,0.19,0.12,6.553,0.449,7.312
2026-03-05 06:00:00,Library Block,26.468,0.038,0.19,0.12,7.409,0.446,8.204
2026-03-05 07:00:00,Library Block,25.633,0.0,0.186,0.0,5.974,0.449,6.609
2026-03-05 08:00:00,Library Block,28.635,0.217,0.197,0.0,4.98,0.411,5.806
2026-03-05 09:00:00,Library Block,29.242,3.972,2.969,0.0,0.0,0.416,7.358
2026-03-05 10:00:00,Library Block,30.344,6.343,3.264,0.0,0.0,0.439,10.046
2026-03-05 11:00:00,Library Block,31.795,8.363,3.211,0.0,0.0,0.426,12.0
2026-03-05 12:00:00,Library Block,35.064,10.171,2.914,0.0,0.0,0.448,13.533
2026-03-05 13:00:00,Library Block,37.839,16.04,3.289,0.0,0.0,0.412,19.741
2026-03-05 14:00:00,Library Block,34.99,12.828,3.019,0.0,0.0,0.419,16.266
2026-03-05 15:00:00,Library Block,36.216,11.698,3.0,0.0,0.0,0.434,15.132
2026-03-05 16:00:00,Library Block,36.106,14.575,3.173,0.0,0.0,0.423,18.171
2026-03-05 17:00:00,Library Block,34.666,10.736,3.331,0.0,0.0,0.421,14.488
2026-03-05 18:00:00,Library Block,35.65,11.469,2.71,1.92,0.0,0.43,16.529
2026-03-05 19:00:00,Library Block,35.197,13.729,2.806,1.92,0.0,0.441,18.896
2026-03-05 20:00:00,Library Block,30.955,6.737,3.229,1.92,0.0,0.424,12.311
2026-03-05 21:00:00,Library Block,31.734,0.423,0.187,0.12,0.0,0.407,1.136
2026-03-05 22:00:00,Library Block,27.9,0.153,0.204,0.12,0.0,0.44,0.917
2026-03-05 23:00:00,Library Block,26.03,0.002,0.183,0.12,0.0,0.437,0.743
2026-03-06 00:00:00,Library Block,25.618,0.0,0.209,0.12,0.0,0.428,0.757
2026-03-06 01:00:00,Library Block,25.673,0.0,0.177,0.12,0.0,0.432,0.729
2026-03-06 02:00:00,Library Block,24.1,0.0,0.208,0.12,0.0,0.422,0.749
2026-03-06 03:00:00,Library Block,24.738,0.0,0.201,0.12,0.0,0.41,0.731
2026-03-06 04:00:00,Library Block,24.431,0.0,0.209,0.12,0.0,0.441,0.77
2026-03-06 05:00:00,Library Block,26.157,0.012,0.175,0.12,6.082,0.423,6.811
2026-03-06 06:00:00,Library Block,26.288,0.027,0.183,0.12,5.141,0.449,5.92
2026-03-06 07:00:00,Library Block,28.531,0.167,0.176,0.0,4.935,0.449,5.727
2026-03-06 08:00:00,Library Block,27.589,0.139,0.203,0.0,7.461,0.419,8.222
2026-03-06 09:00:00,Library Block,29.797,4.528,2.868,0.0,0.0,0.414,7.81
2026-03-06 10:00:00,Library Block,31.551,8.18,3.041,0.0,0.0,0.439,11.661
2026-03-06 11:00:00,Library Block,32.146,8.835,2.818,0.0,0.0,0.439,12.092
2026-03-06 12:00:00,Library Block,33.236,10.466,3.163,0.0,0.0,0.406,14.036
2026-03-06 13:00:00,Library Block,35.578,11.143,3.187,0.0,0.0,0.429,14.759
2026-03-06 14:00:00,Library Block,36.461,14.733,2.765,0.0,0.0,0.418,17.916
2026-03-06 15:00:00,Library Block,36.113,12.132,3.149,0.0,0.0,0.407,15.688
2026-03-06 16:00:00,Library Block,36.855,13.582,2.799,0.0,0.0,0.424,16.805
2026-03-06 17:00:00,Library Block,34.093,11.791,3.329,0.0,0.0,0.411,15.531
2026-03-06 18:00:00,Library Block,33.852,10.79,3.279,1.92,0.0,0.418,16.407
2026-03-06 19:00:00,Library Block,31.82,7.789,2.823,1.92,0.0,0.43,12.963
2026-03-06 20:00:00,Library Block,31.692,6.307,2.917,1.92,0.0,0.416,11.56
2026-03-06 21:00:00,Library Block,30.488,0.362,0.193,0.12,0.0,0.421,1.097
2026-03-06 22:00:00,Library Block,29.789,0.262,0.202,0.12,0.0,0.437,1.021
2026-03-06 23:00:00,Library Block,25.823,0.0,0.208,0.12,0.0,0.441,0.769
2026-03-07 00:00:00,Library Block,26.13,0.01,0.158,0.102,0.0,0.426,0.696
2026-03-07 01:00:00,Library Block,26.24,0.017,0.16,0.102,0.0,0.432,0.711
2026-03-07 02:00:00,Library Block,23.203,0.0,0.148,0.102,0.0,0.42,0.67
2026-03-07 03:00:00,Library Block,22.764,0.0,0.155,0.102,0.0,0.445,0.702
2026-03-07 04:00:00,Library Block,22.73,0.0,0.178,0.102,0.0,0.409,0.689
2026-03-07 05:00:00,Library Block,25.428,0.0,0.176,0.102,7.62,0.409,8.308
2026-03-07 06:00:00,Library Block,25.032,0.0,0.158,0.102,5.431,0.407,6.097
2026-03-07 07:00:00,Library Block,27.478,0.088,0.151,0.0,4.901,0.41,5.549
2026-03-07 08:00:00,Library Block,28.231,0.133,0.163,0.0,5.797,0.433,6.527
2026-03-07 09:00:00,Library Block,31.801,5.693,2.527,0.0,0.0,0.45,8.67
2026-03-07 10:00:00,Library Block,32.341,7.387,2.715,0.0,0.0,0.432,10.534
2026-03-07 11:00:00,Library Block,32.196,5.982,2.645,0.0,0.0,0.416,9.043
2026-03-07 12:00:00,Library Block,33.941,8.063,2.662,0.0,0.0,0.442,11.167
2026-03-07 13:00:00,Library Block,35.984,12.357,2.499,0.0,0.0,0.421,15.276
2026-03-07 14:00:00,Library Block,34.727,9.675,2.637,0.0,0.0,0.432,12.744
2026-03-07 15:00:00,Library Block,37.182,10.72,2.679,0.0,0.0,0.425,13.824
2026-03-07 16:00:00,Library Block,35.545,11.659,2.655,0.0,0.0,0.428,14.742
2026-03-07 17:00:00,Library Block,36.005,10.89,2.682,0.0,0.0,0.41,13.981
2026-03-07 18:00:00,Library Block,34.047,9.749,2.793,1.632,0.0,0.447,14.621
2026-03-07 19:00:00,Library Block,32.476,5.975,2.438,1.632,0.0,0.419,10.464
2026-03-07 20:00:00,Library Block,30.865,4.644,2.374,1.632,0.0,0.432,9.082
2026-03-07 21:00:00,Library Block,31.732,0.332,0.144,0.102,0.0,0.405,0.984
2026-03-07 22:00:00,Library Block,28.152,0.145,0.168,0.102,0.0,0.426,0.84
2026-03-07 23:00:00,Library Block,30.081,0.265,0.155,0.102,0.0,0.44,0.962
2026-03-08 00:00:00,Library Block,25.909,0.0,0.161,0.102,0.0,0.433,0.695
2026-03-08 01:00:00,Library Block,23.953,0.0,0.145,0.102,0.0,0.419,0.667
2026-03-08 02:00:00,Library Block,22.619,0.0,0.176,0.102,0.0,0.434,0.712
2026-03-08 03:00:00,Library Block,25.233,0.0,0.164,0.102,0.0,0.441,0.707
2026-03-08 04:00:00,Library Block,24.011,0.0,0.147,0.102,0.0,0.412,0.661
2026-03-08 05:00:00,Library Block,25.627,0.0,0.157,0.102,5.751,0.408,6.418
2026-03-08 06:00:00,Library Block,28.08,0.159,0.154,0.102,5.619,0.426,6.46
2026-03-08 07:00:00,Library Block,27.669,0.133,0.174,0.0,6.665,0.425,7.396
2026-03-08 08:00:00,Library Block,28.784,0.163,0.174,0.0,5.682,0.407,6.427
2026-03-08 09:00:00,Library Block,31.226,5.487,2.736,0.0,0.0,0.436,8.658
2026-03-08 10:00:00,Library Block,32.357,6.26,2.507,0.0,0.0,0.431,9.198
2026-03-08 11:00:00,Library Block,31.737,6.365,2.824,0.0,0.0,0.419,9.607
2026-03-08 12:00:00,Library Block,35.575,9.866,2.442,0.0,0.0,0.417,12.725
2026-03-08 13:00:00,Library Block,35.15,11.239,2.663,0.0,0.0,0.418,14.319
2026-03-08 14:00:00,Library Block,37.337,14.174,2.584,0.0,0.0,0.41,17.167
2026-03-08 15:00:00,Library Block,36.507,10.684,2.535,0.0,0.0,0.447,13.666
2026-03-08 16:00:00,Library Block,36.987,11.304,2.392,0.0,0.0,0.408,14.104
2026-03-08 17:00:00,Library Block,34.972,9.843,2.422,0.0,0.0,0.407,12.672
2026-03-08 18:00:00,Library Block,32.725,7.637,2.754,1.632,0.0,0.44,12.464
2026-03-08 19:00:00,Library Block,33.564,8.928,2.667,1.632,0.0,0.426,13.652
2026-03-08 20:00:00,Library Block,32.53,6.078,2.817,1.632,0.0,0.442,10.968
2026-03-08 21:00:00,Library Block,29.443,0.196,0.167,0.102,0.0,0.428,0.893
2026-03-08 22:00:00,Library Block,28.244,0.162,0.145,0.102,0.0,0.445,0.854
2026-03-08 23:00:00,Library Block,24.786,0.0,0.147,0.102,0.0,0.421,0.67
2026-03-09 00:00:00,Library Block,25.602,0.0,0.198,0.12,0.0,0.431,0.75
2026-03-09 01:00:00,Library Block,23.553,0.0,0.179,0.12,0.0,0.415,0.713
2026-03-09 02:00:00,Library Block,24.722,0.0,0.178,0.12,0.0,0.425,0.724
2026-03-09 03:00:00,Library Block,24.335,0.0,0.185,0.12,0.0,0.411,0.716
2026-03-09 04:00:00,Library Block,24.22,0.0,0.199,0.12,0.0,0.427,0.747
2026-03-09 05:00:00,Library Block,26.126,0.01,0.195,0.12,6.687,0.426,7.437
2026-03-09 06:00:00,Library Block,25.998,0.0,0.176,0.12,5.986,0.406,6.689
2026-03-09 07:00:00,Library Block,27.193,0.087,0.206,0.0,7.659,0.409,8.36
2026-03-09 08:00:00,Library Block,28.769,0.249,0.209,0.0,6.869,0.43,7.757
2026-03-09 09:00:00,Library Block,29.417,4.329,3.22,0.0,0.0,0.437,7.986
2026-03-09 10:00:00,Library Block,32.544,9.385,2.818,0.0,0.0,0.435,12.637
2026-03-09 11:00:00,Library Block,32.084,8.976,3.221,0.0,0.0,0.437,12.635
2026-03-09 12:00:00,Library Block,34.665,9.36,3.039,0.0,0.0,0.427,12.825
2026-03-09 13:00:00,Library Block,36.415,15.356,2.707,0.0,0.0,0.42,18.484
2026-03-09 14:00:00,Library Block,34.769,10.672,3.137,0.0,0.0,0.436,14.244
2026-03-09 15:00:00,Library Block,34.658,11.811,3.345,0.0,0.0,0.417,15.573
2026-03-09 16:00:00,Library Block,34.751,10.777,2.978,0.0,0.0,0.433,14.188
2026-03-09 17:00:00,Library Block,37.013,14.61,2.731,0.0,0.0,0.409,17.75
2026-03-09 18:00:00,Library Block,33.633,10.316,2.843,1.92,0.0,0.429,15.508
2026-03-09 19:00:00,Library Block,31.8,6.437,3.063,1.92,0.0,0.437,11.857
2026-03-09 20:00:00,Library Block,31.919,7.364,3.22,1.92,0.0,0.419,12.922
2026-03-09 21:00:00,Library Block,27.276,0.091,0.176,0.12,0.0,0.446,0.833
2026-03-09 22:00:00,Library Block,27.492,0.103,0.177,0.12,0.0,0.408,0.808
2026-03-09 23:00:00,Library Block,28.414,0.199,0.207,0.12,0.0,0.417,0.942
2026-03-10 00:00:00,Library Block,24.802,0.0,0.205,0.12,0.0,0.435,0.76
2026-03-10 01:00:00,Library Block,24.543,0.0,0.206,0.12,0.0,0.442,0.769
2026-03-10 02:00:00,Library Block,24.499,0.0,0.175,0.12,0.0,0.41,0.705
2026-03-10 03:00:00,Library Block,24.295,0.0,0.207,0.12,0.0,0.409,0.737
2026-03-10 04:00:00,Library Block,23.672,0.0,0.182,0.12,0.0,0.426,0.728
2026-03-10 05:00:00,Library Block,25.35,0.0,0.19,0.12,6.351,0.421,7.081
2026-03-10 06:00:00,Library Block,27.204,0.082,0.187,0.12,4.886,0.43,5.705
2026-03-10 07:00:00,Library Block,25.938,0.0,0.209,0.0,7.727,0.443,8.379
2026-03-10 08:00:00,Library Block,27.963,0.171,0.179,0.0,7.78,0.418,8.548
2026-03-10 09:00:00,Library Block,29.895,4.173,3.332,0.0,0.0,0.405,7.91
2026-03-10 10:00:00,Library Block,32.253,8.039,3.333,0.0,0.0,0.435,11.806
2026-03-10 11:00:00,Library Block,33.033,7.834,3.305,0.0,0.0,0.43,11.569
2026-03-10 12:00:00,Library Block,34.115,9.058,2.928,0.0,0.0,0.428,12.414
2026-03-10 13:00:00,Library Block,33.647,10.145,2.94,0.0,0.0,0.44,13.525
2026-03-10 14:00:00,Library Block,34.662,11.51,2.825,0.0,0.0,0.443,14.778
2026-03-10 15:00:00,Library Block,36.193,13.242,3.008,0.0,0.0,0.411,16.661
2026-03-10 16:00:00,Library Block,35.282,11.877,2.855,0.0,0.0,0.442,15.174
2026-03-10 17:00:00,Library Block,34.854,11.169,3.109,0.0,0.0,0.429,14.708
2026-03-10 18:00:00,Library Block,34.181,10.361,3.271,1.92,0.0,0.444,15.997
2026-03-10 19:00:00,Library Block,35.342,11.215,3.326,1.92,0.0,0.431,16.891
2026-03-10 20:00:00,Library Block,31.055,5.894,2.982,1.92,0.0,0.445,11.241
2026-03-10 21:00:00,Library Block,31.387,0.394,0.186,0.12,0.0,0.442,1.142
2026-03-10 22:00:00,Library Block,29.761,0.343,0.19,0.12,0.0,0.42,1.072
2026-03-10 23:00:00,Library Block,27.804,0.132,0.206,0.12,0.0,0.434,0.892
2026-03-11 00:00:00,Library Block,24.91,0.0,0.171,0.12,0.0,0.431,0.722
2026-03-11 01:00:00,Library Block,24.941,4.661,0.181,3.017,0.0,0.429,8.288
2026-03-11 02:00:00,Library Block,23.814,4.661,0.176,3.017,0.0,0.41,8.264
2026-03-11 03:00:00,Library Block,26.014,4.662,0.201,3.017,0.0,0.406,8.286
2026-03-11 04:00:00,Library Block,24.615,4.661,0.184,3.017,0.0,0.42,8.282
2026-03-11 05:00:00,Library Block,24.591,4.661,0.209,3.017,6.035,0.427,14.349
2026-03-11 06:00:00,Library Block,27.542,0.108,0.209,0.12,5.01,0.43,5.877
2026-03-11 07:00:00,Library Block,26.647,0.057,0.205,0.0,7.78,0.428,8.471
2026-03-11 08:00:00,Library Block,28.999,0.271,0.189,0.0,6.144,0.412,7.015
2026-03-11 09:00:00,Library Block,30.702,6.869,3.314,0.0,0.0,0.442,10.625
2026-03-11 10:00:00,Library Block,31.9,8.474,2.941,0.0,0.0,0.437,11.853
2026-03-11 11:00:00,Library Block,32.894,8.359,2.952,0.0,0.0,0.444,11.755
2026-03-11 12:00:00,Library Block,35.08,10.161,3.006,0.0,0.0,0.445,13.612
2026-03-11 13:00:00,Library Block,34.566,11.579,3.156,0.0,0.0,0.442,15.178
2026-03-11 14:00:00,Library Block,36.909,14.643,2.731,0.0,0.0,0.435,17.808
2026-03-11 15:00:00,Library Block,35.719,11.289,3.048,0.0,0.0,0.425,14.762
2026-03-11 16:00:00,Library Block,37.133,14.797,3.337,0.0,0.0,0.434,18.568
2026-03-11 17:00:00,Library Block,36.242,15.356,2.733,0.0,0.0,0.416,18.505
2026-03-11 18:00:00,Library Block,34.792,9.898,2.746,1.92,0.0,0.446,15.011
2026-03-11 19:00:00,Library Block,32.91,8.432,3.322,1.92,0.0,0.433,14.108
2026-03-11 20:00:00,Library Block,32.656,8.16,3.247,1.92,0.0,0.432,13.758
2026-03-11 21:00:00,Library Block,30.571,0.327,0.168,0.12,0.0,0.431,1.047
2026-03-11 22:00:00,Library Block,25.231,0.0,0.187,0.12,0.0,0.436,0.743
2026-03-11 23:00:00,Library Block,26.182,0.016,0.181,0.12,0.0,0.436,0.752
2026-03-12 00:00:00,Library Block,25.926,0.0,0.175,0.12,0.0,0.407,0.702
2026-03-12 01:00:00,Library Block,25.084,0.0,0.17,0.12,0.0,0.424,0.714
2026-03-12 02:00:00,Library Block,24.912,0.0,0.178,0.12,0.0,0.449,0.747
2026-03-12 03:00:00,Library Block,25.549,0.0,0.195,0.12,0.0,0.439,0.755
2026-03-12 04:00:00,Library Block,24.791,0.0,0.181,0.12,0.0,0.414,0.714
2026-03-12 05:00:00,Library Block,22.72,0.0,0.181,0.12,7.754,0.424,8.479
2026-03-12 06:00:00,Library Block,25.955,0.0,0.179,0.12,6.335,0.426,7.059
2026-03-12 07:00:00,Library Block,28.216,0.182,0.172,0.0,6.479,0.449,7.282
2026-03-12 08:00:00,Library Block,28.559,0.216,0.193,0.0,5.066,0.448,5.923
2026-03-12 09:00:00,Library Block,30.203,6.09,3.179,0.0,0.0,0.408,9.678
2026-03-12 10:00:00,Library Block,31.059,7.07,3.347,0.0,0.0,0.417,10.833
2026-03-12 11:00:00,Library Block,33.949,11.618,2.84,0.0,0.0,0.408,14.866
2026-03-12 12:00:00,Library Block,33.889,8.551,2.797,0.0,0.0,0.414,11.762
2026-03-12 13:00:00,Library Block,35.789,12.153,3.163,0.0,0.0,0.425,15.741
2026-03-12 14:00:00,Library Block,36.224,12.145,2.905,0.0,0.0,0.432,15.482
2026-03-12 15:00:00,Library Block,36.054,12.806,3.03,0.0,0.0,0.442,16.278
2026-03-12 16:00:00,Library Block,36.28,14.544,3.164,0.0,0.0,0.409,18.117
2026-03-12 17:00:00,Library Block,35.398,11.951,2.97,0.0,0.0,0.418,15.338
2026-03-12 18:00:00,Library Block,35.52,10.147,2.938,1.92,0.0,0.432,15.437
2026-03-12 19:00:00,Library Block,33.677,10.378,2.983,1.92,0.0,0.426,15.707
2026-03-12 20:00:00,Library Block,32.593,6.953,2.995,1.92,0.0,0.419,12.287
2026-03-12 21:00:00,Library Block,29.236,0.221,0.168,0.12,0.0,0.413,0.922
2026-03-12 22:00:00,Library Block,27.62,0.14,0.176,0.12,0.0,0.437,0.872
2026-03-12 23:00:00,Library Block,27.063,0.095,0.194,0.12,0.0,0.416,0.824
2026-03-13 00:00:00,Library Block,26.507,0.038,0.169,0.12,0.0,0.436,0.762
2026-03-13 01:00:00,Library Block,25.335,0.0,0.18,0.12,0.0,0.446,0.746
2026-03-13 02:00:00,Library Block,23.453,0.0,0.186,0.12,0.0,0.415,0.721
2026-03-13 03:00:00,Library Block,24.781,0.0,0.187,0.12,0.0,0.437,0.744
2026-03-13 04:00:00,Library Block,23.577,0.0,0.17,0.12,0.0,0.441,0.731
2026-03-13 05:00:00,Library Block,25.478,0.0,0.205,0.12,7.316,0.433,8.074
2026-03-13 06:00:00,Library Block,26.044,0.004,0.172,0.12,5.28,0.42,5.995
2026-03-13 07:00:00,Library Block,26.775,0.067,0.205,0.0,7.28,0.416,7.968
2026-03-13 08:00:00,Library Block,27.911,0.141,0.21,0.0,7.319,0.44,8.11
2026-03-13 09:00:00,Library Block,30.133,4.828,2.808,0.0,0.0,0.42,8.055
2026-03-13 10:00:00,Library Block,31.636,6.4,2.735,0.0,0.0,0.441,9.577
2026-03-13 11:00:00,Library Block,31.953,8.804,2.769,0.0,0.0,0.443,12.016
2026-03-13 12:00:00,Library Block,34.845,12.653,3.261,0.0,0.0,0.444,16.358
2026-03-13 13:00:00,Library Block,36.353,14.773,3.341,0.0,0.0,0.442,18.556
2026-03-13 14:00:00,Library Block,36.656,13.425,3.085,0.0,0.0,0.446,16.956
2026-03-13 15:00:00,Library Block,36.315,14.598,3.325,0.0,0.0,0.447,18.369
2026-03-13 16:00:00,Library Block,35.346,12.301,3.205,0.0,0.0,0.427,15.933
2026-03-13 17:00:00,Library Block,35.325,11.048,3.07,0.0,0.0,0.418,14.536
2026-03-13 18:00:00,Library Block,34.111,10.088,3.302,1.92,0.0,0.414,15.724
2026-03-13 19:00:00,Library Block,33.124,8.792,3.003,1.92,0.0,0.423,14.137
2026-03-13 20:00:00,Library Block,32.489,7.841,2.965,1.92,0.0,0.416,13.142
2026-03-13 21:00:00,Library Block,29.892,0.282,0.198,0.12,0.0,0.443,1.043
2026-03-13 22:00:00,Library Block,26.61,0.047,0.199,0.12,0.0,0.443,0.809
2026-03-13 23:00:00,Library Block,27.8,0.148,0.183,0.12,0.0,0.425,0.876
2026-03-14 00:00:00,Library Block,26.155,0.009,0.16,0.102,0.0,0.441,0.713
2026-03-14 01:00:00,Library Block,24.954,0.0,0.151,0.102,0.0,0.434,0.686
2026-03-14 02:00:00,Library Block,23.03,0.0,0.147,0.102,0.0,0.431,0.68
2026-03-14 03:00:00,Library Block,23.168,0.0,0.155,0.102,0.0,0.441,0.699
2026-03-14 04:00:00,Library Block,23.489,0.0,0.16,0.102,0.0,0.441,0.704
2026-03-14 05:00:00,Library Block,24.22,0.0,0.148,0.102,7.917,0.441,8.608
2026-03-14 06:00:00,Library Block,25.267,0.0,0.149,0.102,6.09,0.43,6.77
2026-03-14 07:00:00,Library Block,25.818,0.0,0.147,0.0,6.935,0.419,7.502
2026-03-14 08:00:00,Library Block,30.599,0.28,0.174,0.0,0.0,0.423,0.878
2026-03-14 09:00:00,Library Block,31.502,5.591,2.681,0.0,0.0,0.436,8.708
2026-03-14 10:00:00,Library Block,31.83,5.814,2.368,0.0,0.0,0.446,8.628
2026-03-14 11:00:00,Library Block,32.966,8.527,2.663,0.0,0.0,0.438,11.627
2026-03-14 12:00:00,Library Block,36.069,12.422,2.562,0.0,0.0,0.441,15.425
2026-03-14 13:00:00,Library Block,36.82,11.364,2.608,0.0,0.0,0.418,14.39
2026-03-14 14:00:00,Library Block,35.056,8.986,2.758,0.0,0.0,0.425,12.169
2026-03-14 15:00:00,Library Block,36.248,9.657,2.557,0.0,0.0,0.439,12.652
2026-03-14 16:00:00,Library Block,35.613,11.213,2.449,0.0,0.0,0.444,14.107
2026-03-14 17:00:00,Library Block,34.927,10.969,2.73,0.0,0.0,0.428,14.127
2026-03-14 18:00:00,Library Block,34.077,8.479,2.376,1.632,0.0,0.406,12.893
2026-03-14 19:00:00,Library Block,32.914,8.485,2.813,1.632,0.0,0.445,13.375
2026-03-14 20:00:00,Library Block,31.764,5.69,2.823,1.632,0.0,0.409,10.554
2026-03-14 21:00:00,Library Block,30.216,0.297,0.155,0.102,0.0,0.429,0.983
2026-03-14 22:00:00,Library Block,29.885,0.224,0.17,0.102,0.0,0.427,0.923
2026-03-14 23:00:00,Library Block,26.193,0.013,0.176,0.102,0.0,0.448,0.739
2026-03-15 00:00:00,Library Block,26.724,0.051,0.176,0.102,0.0,0.411,0.74
2026-03-15 01:00:00,Library Block,23.729,0.0,0.147,0.102,0.0,0.435,0.684
2026-03-15 02:00:00,Library Block,24.441,0.0,0.149,0.102,0.0,0.419,0.67
2026-03-15 03:00:00,Library Block,25.043,0.0,0.16,0.102,0.0,0.425,0.687
2026-03-15 04:00:00,Library Block,24.773,0.0,0.163,0.102,0.0,0.424,0.688
2026-03-15 05:00:00,Library Block,24.487,0.0,0.155,0.102,6.13,0.421,6.807
2026-03-15 06:00:00,Library Block,26.042,0.003,0.146,0.102,7.847,0.445,8.542
2026-03-15 07:00:00,Library Block,28.652,0.208,0.158,0.0,5.793,0.437,6.596
2026-03-15 08:00:00,Library Block,27.855,0.138,0.153,0.0,5.54,0.445,6.276
2026-03-15 09:00:00,Library Block,30.567,4.898,2.541,0.0,0.0,0.441,7.88
2026-03-15 10:00:00,Library Block,32.518,7.148,2.441,0.0,0.0,0.424,10.013
2026-03-15 11:00:00,Library Block,32.612,7.57,2.534,0.0,0.0,0.408,10.511
2026-03-15 12:00:00,Library Block,35.978,8.944,2.621,0.0,0.0,0.418,11.984
2026-03-15 13:00:00,Library Block,37.269,11.628,2.491,0.0,0.0,0.421,14.539
2026-03-15 14:00:00,Library Block,36.89,10.227,2.405,0.0,0.0,0.41,13.041
2026-03-15 15:00:00,Library Block,37.096,10.92,2.511,0.0,0.0,0.412,13.843
2026-03-15 16:00:00,Library Block,34.067,9.759,2.434,0.0,0.0,0.406,12.599
2026-03-15 17:00:00,Library Block,33.875,8.681,2.321,0.0,0.0,0.425,11.427
2026-03-15 18:00:00,Library Block,34.158,9.966,2.647,1.632,0.0,0.413,14.658
2026-03-15 19:00:00,Library Block,32.342,7.817,2.647,1.632,0.0,0.417,12.513
2026-03-15 20:00:00,Library Block,32.179,7.419,2.466,1.632,0.0,0.427,11.944
2026-03-15 21:00:00,Library Block,27.153,0.085,0.177,0.102,0.0,0.412,0.777
2026-03-15 22:00:00,Library Block,29.066,0.183,0.171,0.102,0.0,0.408,0.864
2026-03-15 23:00:00,Library Block,26.824,0.051,0.175,0.102,0.0,0.439,0.768
2026-03-16 00:00:00,Library Block,25.216,0.0,0.188,0.12,0.0,0.445,0.753
2026-03-16 01:00:00,Library Block,26.71,0.053,0.19,0.12,0.0,0.42,0.783
2026-03-16 02:00:00,Library Block,23.896,0.0,0.197,0.12,0.0,0.426,0.743
2026-03-16 03:00:00,Library Block,22.383,0.0,0.193,0.12,0.0,0.418,0.731
2026-03-16 04:00:00,Library Block,24.661,0.0,0.196,0.12,0.0,0.426,0.742
2026-03-16 05:00:00,Library Block,25.186,0.0,0.186,0.12,6.366,0.409,7.081
2026-03-16 06:00:00,Library Block,25.583,0.0,0.174,0.12,7.629,0.426,8.348
2026-03-16 07:00:00,Library Block,29.351,0.295,0.202,0.0,7.44,0.426,8.362
2026-03-16 08:00:00,Library Block,28.657,0.243,0.184,0.0,5.408,0.419,6.254
2026-03-16 09:00:00,Library Block,31.015,6.812,3.097,0.0,0.0,0.444,10.353
2026-03-16 10:00:00,Library Block,31.876,6.423,2.936,0.0,0.0,0.424,9.783
2026-03-16 11:00:00,Library Block,34.271,11.532,3.012,0.0,0.0,0.412,14.956
2026-03-16 12:00:00,Library Block,33.912,10.644,3.117,0.0,0.0,0.439,14.2
2026-03-16 13:00:00,Library Block,34.133,10.209,3.077,0.0,0.0,0.412,13.697
2026-03-16 14:00:00,Library Block,36.561,14.704,2.783,0.0,0.0,0.409,17.895
2026-03-16 15:00:00,Library Block,36.299,13.248,2.846,0.0,0.0,0.422,16.516
2026-03-16 16:00:00,Library Block,36.591,15.563,2.805,0.0,0.0,0.441,18.809
2026-03-16 17:00:00,Library Block,34.579,12.605,3.075,0.0,0.0,0.448,16.128
2026-03-16 18:00:00,Library Block,34.723,10.044,2.953,1.92,0.0,0.435,15.352
2026-03-16 19:00:00,Library Block,31.406,6.748,2.854,1.92,0.0,0.445,11.967
2026-03-16 20:00:00,Library Block,31.073,5.78,2.718,1.92,0.0,0.431,10.848
2026-03-16 21:00:00,Library Block,29.295,0.247,0.2,0.12,0.0,0.414,0.981
2026-03-16 22:00:00,Library Block,28.943,0.212,0.17,0.12,0.0,0.43,0.932
2026-03-16 23:00:00,Library Block,26.516,0.041,0.184,0.12,0.0,0.438,0.783
2026-03-17 00:00:00,Library Block,24.385,0.0,0.187,0.12,0.0,0.408,0.716
2026-03-17 01:00:00,Library Block,24.236,0.0,0.187,0.12,0.0,0.424,0.731
2026-03-17 02:00:00,Library Block,24.803,0.0,0.174,0.12,0.0,0.409,0.703
2026-03-17 03:00:00,Library Block,24.131,0.0,0.198,0.12,0.0,0.423,0.741
2026-03-17 04:00:00,Library Block,23.459,0.0,0.178,0.12,0.0,0.43,0.728
2026-03-17 05:00:00,Library Block,25.643,0.0,0.194,0.12,7.972,0.437,8.723
2026-03-17 06:00:00,Library Block,27.323,0.09,0.184,0.12,5.808,0.421,6.622
2026-03-17 07:00:00,Library Block,27.909,0.171,0.19,0.0,7.031,0.411,7.803
2026-03-17 08:00:00,Library Block,26.14,0.011,0.187,0.0,6.714,0.427,7.34
2026-03-17 09:00:00,Library Block,30.237,6.211,3.33,0.0,0.0,0.411,9.952
2026-03-17 10:00:00,Library Block,31.411,5.796,2.921,0.0,0.0,0.409,9.126
2026-03-17 11:00:00,Library Block,30.964,5.598,2.791,0.0,0.0,0.438,8.827
2026-03-17 12:00:00,Library Block,32.952,9.915,2.93,0.0,0.0,0.432,13.278
2026-03-17 13:00:00,Library Block,35.995,12.581,3.023,0.0,0.0,0.429,16.033
2026-03-17 14:00:00,Library Block,35.981,10.747,2.733,0.0,0.0,0.413,13.892
2026-03-17 15:00:00,Library Block,36.081,10.796,3.305,0.0,0.0,0.446,14.548
2026-03-17 16:00:00,Library Block,35.145,13.285,2.822,0.0,0.0,0.444,16.551
2026-03-17 17:00:00,Library Block,36.278,12.003,3.313,0.0,0.0,0.443,15.759
2026-03-17 18:00:00,Library Block,33.013,8.66,2.96,1.92,0.0,0.408,13.948
2026-03-17 19:00:00,Library Block,32.112,8.885,3.061,1.92,0.0,0.408,14.274
2026-03-17 20:00:00,Library Block,31.235,7.07,3.147,1.92,0.0,0.426,12.563
2026-03-17 21:00:00,Library Block,28.474,0.216,0.171,0.12,0.0,0.418,0.925
2026-03-17 22:00:00,Library Block,27.565,0.123,0.185,0.12,0.0,0.42,0.849
2026-03-17 23:00:00,Library Block,28.062,0.176,0.18,0.12,0.0,0.437,0.912
2026-03-18 00:00:00,Library Block,24.913,0.0,0.175,0.12,0.0,0.447,0.742
2026-03-18 01:00:00,Library Block,25.585,4.181,0.196,2.941,0.0,0.432,7.75
2026-03-18 02:00:00,Library Block,24.839,4.181,0.175,2.941,0.0,0.406,7.703
2026-03-18 03:00:00,Library Block,23.832,4.181,0.192,2.941,0.0,0.407,7.721
2026-03-18 04:00:00,Library Block,22.786,4.181,0.184,2.941,0.0,0.415,7.721
2026-03-18 05:00:00,Library Block,24.867,4.181,0.209,2.941,7.675,0.405,15.411
2026-03-18 06:00:00,Library Block,23.647,0.0,0.206,0.12,7.697,0.411,8.435
2026-03-18 07:00:00,Library Block,26.471,0.04,0.168,0.0,6.727,0.407,7.342
2026-03-18 08:00:00,Library Block,28.69,0.224,0.202,0.0,6.324,0.417,7.168
2026-03-18 09:00:00,Library Block,30.87,6.158,2.801,0.0,0.0,0.407,9.367
2026-03-18 10:00:00,Library Block,31.401,5.786,3.004,0.0,0.0,0.446,9.236
2026-03-18 11:00:00,Library Block,32.392,7.473,3.234,0.0,0.0,0.429,11.135
2026-03-18 12:00:00,Library Block,33.555,9.002,2.881,0.0,0.0,0.444,12.327
2026-03-18 13:00:00,Library Block,34.728,12.041,3.181,0.0,0.0,0.436,15.658
2026-03-18 14:00:00,Library Block,36.42,12.799,2.85,0.0,0.0,0.426,16.074
2026-03-18 15:00:00,Library Block,36.35,12.63,3.275,0.0,0.0,0.426,16.33
2026-03-18 16:00:00,Library Block,35.774,12.223,2.983,0.0,0.0,0.437,15.644
2026-03-18 17:00:00,Library Block,35.826,12.228,2.822,0.0,0.0,0.419,15.469
2026-03-18 18:00:00,Library Block,34.243,11.317,2.724,1.92,0.0,0.429,16.39
2026-03-18 19:00:00,Library Block,31.665,7.657,3.096,1.92,0.0,0.41,13.083
2026-03-18 20:00:00,Library Block,30.443,6.19,3.147,1.92,0.0,0.44,11.697
2026-03-18 21:00:00,Library Block,30.602,0.329,0.197,0.12,0.0,0.42,1.065
2026-03-18 22:00:00,Library Block,27.073,0.093,0.189,0.12,0.0,0.413,0.815
2026-03-18 23:00:00,Library Block,26.619,0.046,0.185,0.12,0.0,0.438,0.789
2026-03-19 00:00:00,Library Block,25.643,0.0,0.194,0.12,0.0,0.409,0.723
2026-03-19 01:00:00,Library Block,23.77,5.016,0.169,2.135,0.0,0.448,7.768
2026-03-19 02:00:00,Library Block,22.537,5.016,0.178,2.135,0.0,0.436,7.765
2026-03-19 03:00:00,Library Block,22.825,5.016,0.179,2.135,0.0,0.438,7.768
2026-03-19 04:00:00,Library Block,22.395,5.016,0.201,2.135,0.0,0.409,7.76
2026-03-19 05:00:00,Library Block,25.415,5.016,0.187,2.135,7.302,0.43,15.07
2026-03-19 06:00:00,Library Block,26.155,0.011,0.17,0.12,5.677,0.406,6.384
2026-03-19 07:00:00,Library Block,26.24,0.021,0.206,0.0,7.158,0.42,7.805
2026-03-19 08:00:00,Library Block,27.08,0.082,0.184,0.0,5.322,0.438,6.025
2026-03-19 09:00:00,Library Block,31.166,6.204,2.74,0.0,0.0,0.415,9.358
2026-03-19 10:00:00,Library Block,31.993,7.681,2.969,0.0,0.0,0.436,11.087
2026-03-19 11:00:00,Library Block,32.379,8.923,3.326,0.0,0.0,0.43,12.679
2026-03-19 12:00:00,Library Block,35.43,12.856,3.227,0.0,0.0,0.446,16.529
2026-03-19 13:00:00,Library Block,35.334,10.668,3.087,0.0,0.0,0.427,14.182
2026-03-19 14:00:00,Library Block,36.114,14.094,3.198,0.0,0.0,0.419,17.711
2026-03-19 15:00:00,Library Block,34.958,11.449,3.035,0.0,0.0,0.444,14.928
2026-03-19 16:00:00,Library Block,34.279,12.372,3.228,0.0,0.0,0.427,16.027
2026-03-19 17:00:00,Library Block,33.626,9.781,3.253,0.0,0.0,0.418,13.452
2026-03-19 18:00:00,Library Block,36.326,12.172,2.915,1.92,0.0,0.424,17.43
2026-03-19 19:00:00,Library Block,32.172,8.595,2.987,1.92,0.0,0.425,13.927
2026-03-19 20:00:00,Library Block,31.618,5.973,2.84,1.92,0.0,0.415,11.148
2026-03-19 21:00:00,Library Block,30.46,0.384,0.197,0.12,0.0,0.441,1.141
2026-03-19 22:00:00,Library Block,28.426,0.196,0.174,0.12,0.0,0.442,0.932
2026-03-19 23:00:00,Library Block,26.846,0.06,0.188,0.12,0.0,0.425,0.793
2026-03-20 00:00:00,Library Block,25.581,0.0,0.209,0.12,0.0,0.406,0.734
2026-03-20 01:00:00,Library Block,25.284,0.0,0.188,0.12,0.0,0.41,0.717
2026-03-20 02:00:00,Library Block,23.165,0.0,0.171,0.12,0.0,0.428,0.719
2026-03-20 03:00:00,Library Block,23.559,0.0,0.169,0.12,0.0,0.417,0.706
2026-03-20 04:00:00,Library Block,21.901,0.0,0.208,0.12,0.0,0.42,0.748
2026-03-20 05:00:00,Library Block,22.941,0.0,0.198,0.12,7.19,0.429,7.937
2026-03-20 06:00:00,Library Block,24.459,0.0,0.198,0.12,6.534,0.435,7.287
2026-03-20 07:00:00,Library Block,27.854,0.164,0.184,0.0,7.616,0.413,8.377
2026-03-20 08:00:00,Library Block,28.174,0.157,0.189,0.0,7.035,0.436,7.817
2026-03-20 09:00:00,Library Block,30.697,6.682,3.063,0.0,0.0,0.41,10.155
2026-03-20 10:00:00,Library Block,31.938,6.489,3.203,0.0,0.0,0.43,10.123
2026-03-20 11:00:00,Library Block,33.26,10.357,3.03,0.0,0.0,0.435,13.823
2026-03-20 12:00:00,Library Block,33.299,10.07,2.894,0.0,0.0,0.418,13.382
2026-03-20 13:00:00,Library Block,35.271,10.351,3.046,0.0,0.0,0.443,13.839
2026-03-20 14:00:00,Library Block,36.05,12.081,3.146,0.0,0.0,0.44,15.667
2026-03-20 15:00:00,Library Block,38.201,14.399,2.727,0.0,0.0,0.445,17.57
2026-03-20 16:00:00,Library Block,35.45,10.491,3.006,0.0,0.0,0.42,13.918
2026-03-20 17:00:00,Library Block,35.928,12.11,2.92,0.0,0.0,0.447,15.476
2026-03-20 18:00:00,Library Block,34.119,11.001,3.29,1.92,0.0,0.427,16.638
2026-03-20 19:00:00,Library Block,32.298,8.683,2.949,1.92,0.0,0.419,13.971
2026-03-20 20:00:00,Library Block,32.422,7.33,3.111,1.92,0.0,0.433,12.794
2026-03-20 21:00:00,Library Block,31.892,0.506,0.187,0.12,0.0,0.445,1.258
2026-03-20 22:00:00,Library Block,28.709,0.198,0.202,0.12,0.0,0.445,0.965
2026-03-20 23:00:00,Library Block,26.317,0.021,0.207,0.12,0.0,0.416,0.764
2026-03-21 00:00:00,Library Block,26.225,0.014,0.146,0.102,0.0,0.412,0.673
2026-03-21 01:00:00,Library Block,25.083,0.0,0.144,0.102,0.0,0.425,0.671
2026-03-21 02:00:00,Library Block,26.421,0.024,0.168,0.102,0.0,0.447,0.741
2026-03-21 03:00:00,Library Block,24.742,0.0,0.165,0.102,0.0,0.448,0.716
2026-03-21 04:00:00,Library Block,23.271,0.0,0.163,0.102,0.0,0.417,0.682
2026-03-21 05:00:00,Library Block,26.079,0.006,0.158,0.102,4.957,0.408,5.631
2026-03-21 06:00:00,Library Block,26.533,0.038,0.17,0.102,6.608,0.437,7.355
2026-03-21 07:00:00,Library Block,27.935,0.151,0.168,0.0,7.212,0.415,7.946
2026-03-21 08:00:00,Library Block,28.892,0.164,0.158,0.0,6.28,0.414,7.016
2026-03-21 09:00:00,Library Block,31.008,6.133,2.47,0.0,0.0,0.438,9.041
2026-03-21 10:00:00,Library Block,31.994,5.66,2.834,0.0,0.0,0.414,8.909
2026-03-21 11:00:00,Library Block,32.746,6.632,2.517,0.0,0.0,0.44,9.589
2026-03-21 12:00:00,Library Block,34.377,7.798,2.404,0.0,0.0,0.447,10.649
2026-03-21 13:00:00,Library Block,35.08,9.532,2.833,0.0,0.0,0.412,12.777
2026-03-21 14:00:00,Library Block,36.137,9.832,2.688,0.0,0.0,0.43,12.95
2026-03-21 15:00:00,Library Block,36.079,11.846,2.604,0.0,0.0,0.437,14.887
2026-03-21 16:00:00,Library Block,35.481,11.199,2.723,0.0,0.0,0.429,14.352
2026-03-21 17:00:00,Library Block,35.015,9.047,2.412,0.0,0.0,0.446,11.905
2026-03-21 18:00:00,Library Block,34.239,9.874,2.604,1.632,0.0,0.408,14.517
2026-03-21 19:00:00,Library Block,31.219,4.985,2.441,1.632,0.0,0.45,9.507
2026-03-21 20:00:00,Library Block,32.577,5.972,2.778,1.632,0.0,0.43,10.812
2026-03-21 21:00:00,Library Block,30.348,0.26,0.148,0.102,0.0,0.415,0.924
2026-03-21 22:00:00,Library Block,27.836,0.113,0.151,0.102,0.0,0.433,0.799
2026-03-21 23:00:00,Library Block,27.591,0.091,0.152,0.102,0.0,0.435,0.779
2026-03-22 00:00:00,Library Block,25.249,0.0,0.158,0.102,0.0,0.405,0.666
2026-03-22 01:00:00,Library Block,24.296,0.0,0.148,0.102,0.0,0.443,0.692
2026-03-22 02:00:00,Library Block,24.579,0.0,0.162,0.102,0.0,0.408,0.672
2026-03-22 03:00:00,Library Block,25.431,0.0,0.169,0.102,0.0,0.415,0.686
2026-03-22 04:00:00,Library Block,24.484,0.0,0.143,0.102,0.0,0.432,0.677
2026-03-22 05:00:00,Library Block,24.028,0.0,0.174,0.102,6.408,0.44,7.125
2026-03-22 06:00:00,Library Block,25.406,0.0,0.173,0.102,5.176,0.434,5.885
2026-03-22 07:00:00,Library Block,27.849,0.128,0.145,0.0,5.406,0.433,6.112
2026-03-22 08:00:00,Library Block,28.851,0.2,0.145,0.0,5.369,0.427,6.141
2026-03-22 09:00:00,Library Block,30.959,4.874,2.613,0.0,0.0,0.428,7.915
2026-03-22 10:00:00,Library Block,31.946,7.12,2.464,0.0,0.0,0.424,10.008
2026-03-22 11:00:00,Library Block,33.771,9.777,2.565,0.0,0.0,0.417,12.759
2026-03-22 12:00:00,Library Block,36.256,10.454,2.609,0.0,0.0,0.421,13.485
2026-03-22 13:00:00,Library Block,33.844,9.838,2.649,0.0,0.0,0.445,12.932
2026-03-22 14:00:00,Library Block,38.203,11.189,2.703,0.0,0.0,0.422,14.314
2026-03-22 15:00:00,Library Block,36.936,11.751,2.774,0.0,0.0,0.439,14.964
2026-03-22 16:00:00,Library Block,38.421,11.615,2.631,0.0,0.0,0.433,14.679
2026-03-22 17:00:00,Library Block,34.213,9.166,2.345,0.0,0.0,0.415,11.926
2026-03-22 18:00:00,Library Block,34.625,7.933,2.363,1.632,0.0,0.412,12.339
2026-03-22 19:00:00,Library Block,33.159,7.771,2.635,1.632,0.0,0.411,12.449
2026-03-22 20:00:00,Library Block,32.436,6.171,2.69,1.632,0.0,0.427,10.92
2026-03-22 21:00:00,Library Block,30.47,0.294,0.17,0.102,0.0,0.414,0.98
2026-03-22 22:00:00,Library Block,28.805,0.203,0.161,0.102,0.0,0.417,0.883
2026-03-22 23:00:00,Library Block,27.779,0.113,0.164,0.102,0.0,0.443,0.822
2026-03-23 00:00:00,Library Block,25.651,0.0,0.209,0.12,0.0,0.427,0.756
2026-03-23 01:00:00,Library Block,24.288,0.0,0.183,0.12,0.0,0.42,0.723
2026-03-23 02:00:00,Library Block,24.658,0.0,0.177,0.12,0.0,0.413,0.71
2026-03-23 03:00:00,Library Block,23.482,0.0,0.209,0.12,0.0,0.425,0.753
2026-03-23 04:00:00,Library Block,24.079,0.0,0.207,0.12,0.0,0.417,0.743
2026-03-23 05:00:00,Library Block,23.363,0.0,0.168,0.12,7.575,0.407,8.27
2026-03-23 06:00:00,Library Block,25.813,0.0,0.185,0.12,7.832,0.444,8.581
2026-03-23 07:00:00,Library Block,26.071,0.007,0.199,0.0,6.278,0.431,6.914
2026-03-23 08:00:00,Library Block,28.414,0.175,0.175,0.0,7.274,0.442,8.067
2026-03-23 09:00:00,Library Block,28.914,4.355,2.709,0.0,0.0,0.438,7.503
2026-03-23 10:00:00,Library Block,31.534,6.909,2.712,0.0,0.0,0.406,10.027
2026-03-23 11:00:00,Library Block,33.9,11.039,3.068,0.0,0.0,0.434,14.541
2026-03-23 12:00:00,Library Block,33.647,9.813,2.843,0.0,0.0,0.411,13.067
2026-03-23 13:00:00,Library Block,34.263,9.783,2.861,0.0,0.0,0.408,13.052
2026-03-23 14:00:00,Library Block,36.577,11.624,2.698,0.0,0.0,0.406,14.729
2026-03-23 15:00:00,Library Block,36.913,12.254,3.176,0.0,0.0,0.443,15.873
2026-03-23 16:00:00,Library Block,36.219,13.708,3.255,0.0,0.0,0.431,17.393
2026-03-23 17:00:00,Library Block,34.731,11.343,3.181,0.0,0.0,0.44,14.964
2026-03-23 18:00:00,Library Block,33.613,9.476,2.78,1.92,0.0,0.434,14.609
2026-03-23 19:00:00,Library Block,32.669,8.881,3.331,1.92,0.0,0.411,14.543
2026-03-23 20:00:00,Library Block,31.494,7.023,3.335,1.92,0.0,0.432,12.71
2026-03-23 21:00:00,Library Block,28.275,0.158,0.179,0.12,0.0,0.41,0.867
2026-03-23 22:00:00,Library Block,27.464,0.107,0.209,0.12,0.0,0.407,0.843
2026-03-23 23:00:00,Library Block,28.251,0.175,0.187,0.12,0.0,0.42,0.902
2026-03-24 00:00:00,Library Block,25.965,0.0,0.17,0.12,0.0,0.409,0.699
2026-03-24 01:00:00,Library Block,26.031,0.003,0.192,0.12,0.0,0.437,0.752
2026-03-24 02:00:00,Library Block,25.22,0.0,0.19,0.12,0.0,0.432,0.742
2026-03-24 03:00:00,Library Block,23.688,0.0,0.204,0.12,0.0,0.436,0.76
2026-03-24 04:00:00,Library Block,23.907,0.0,0.183,0.12,0.0,0.446,0.749
2026-03-24 05:00:00,Library Block,25.77,0.0,0.2,0.12,6.911,0.421,7.652
2026-03-24 06:00:00,Library Block,26.516,0.037,0.201,0.12,7.515,0.43,8.303
2026-03-24 07:00:00,Library Block,27.987,0.158,0.169,0.0,7.57,0.422,8.319
2026-03-24 08:00:00,Library Block,28.434,0.228,0.196,0.0,6.811,0.411,7.646
2026-03-24 09:00:00,Library Block,30.143,5.98,3.01,0.0,0.0,0.443,9.433
2026-03-24 10:00:00,Library Block,31.297,7.778,2.824,0.0,0.0,0.431,11.033
2026-03-24 11:00:00,Library Block,32.947,7.6,2.968,0.0,0.0,0.433,11.001
2026-03-24 12:00:00,Library Block,33.557,9.506,3.264,0.0,0.0,0.417,13.187
2026-03-24 13:00:00,Library Block,35.121,12.734,3.152,0.0,0.0,0.442,16.328
2026-03-24 14:00:00,Library Block,35.636,10.794,3.109,0.0,0.0,0.428,14.331
2026-03-24 15:00:00,Library Block,35.541,13.32,2.743,0.0,0.0,0.408,16.471
2026-03-24 16:00:00,Library Block,36.587,12.744,3.136,0.0,0.0,0.419,16.3
2026-03-24 17:00:00,Library Block,33.786,11.284,3.198,0.0,0.0,0.425,14.907
2026-03-24 18:00:00,Library Block,34.58,10.621,3.326,1.92,0.0,0.42,16.288
2026-03-24 19:00:00,Library Block,32.078,7.067,3.224,1.92,0.0,0.41,12.621
2026-03-24 20:00:00,Library Block,30.705,6.882,2.742,1.92,0.0,0.42,11.963
2026-03-24 21:00:00,Library Block,29.238,0.277,0.208,0.12,0.0,0.405,1.01
2026-03-24 22:00:00,Library Block,28.918,0.229,0.201,0.12,0.0,0.415,0.965
2026-03-24 23:00:00,Library Block,24.742,0.0,0.168,0.12,0.0,0.434,0.722
2026-03-25 00:00:00,Library Block,25.926,0.0,0.198,0.12,0.0,0.429,0.747
2026-03-25 01:00:00,Library Block,24.849,0.0,0.181,0.12,0.0,0.422,0.723
2026-03-25 02:00:00,Library Block,23.234,0.0,0.193,0.12,0.0,0.448,0.762
2026-03-25 03:00:00,Library Block,24.182,0.0,0.18,0.12,0.0,0.407,0.707
2026-03-25 04:00:00,Library Block,22.991,0.0,0.199,0.12,0.0,0.434,0.752
2026-03-25 05:00:00,Library Block,24.76,0.0,0.176,0.12,5.155,0.433,5.884
2026-03-25 06:00:00,Library Block,24.506,0.0,0.203,0.12,6.794,0.428,7.546
2026-03-25 07:00:00,Library Block,29.05,0.223,0.171,0.0,5.295,0.417,6.106
2026-03-25 08:00:00,Library Block,29.308,0.291,0.169,0.0,6.847,0.428,7.734
2026-03-25 09:00:00,Library Block,30.246,6.008,2.777,0.0,0.0,0.426,9.211
2026-03-25 10:00:00,Library Block,30.598,4.959,2.946,0.0,0.0,0.412,8.317
2026-03-25 11:00:00,Library Block,32.724,9.246,3.129,0.0,0.0,0.416,12.791
2026-03-25 12:00:00,Library Block,34.008,11.401,3.011,0.0,0.0,0.425,14.837
2026-03-25 13:00:00,Library Block,35.438,12.188,3.008,0.0,0.0,0.422,15.617
2026-03-25 14:00:00,Library Block,36.194,11.214,3.27,0.0,0.0,0.411,14.894
2026-03-25 15:00:00,Library Block,36.225,11.099,3.064,0.0,0.0,0.416,14.579
2026-03-25 16:00:00,Library Block,36.138,10.752,3.029,0.0,0.0,0.432,14.213
2026-03-25 17:00:00,Library Block,35.026,10.965,2.97,0.0,0.0,0.437,14.371
2026-03-25 18:00:00,Library Block,34.585,11.414,3.345,1.92,0.0,0.439,17.119
2026-03-25 19:00:00,Library Block,32.362,8.312,2.851,1.92,0.0,0.429,13.513
2026-03-25 20:00:00,Library Block,30.489,5.744,2.793,1.92,0.0,0.407,10.864
2026-03-25 21:00:00,Library Block,31.848,0.452,0.189,0.12,0.0,0.415,1.176
2026-03-25 22:00:00,Library Block,28.863,0.243,0.196,0.12,0.0,0.438,0.997
2026-03-25 23:00:00,Library Block,28.806,0.254,0.169,0.12,0.0,0.418,0.961
2026-03-26 00:00:00,Library Block,25.483,0.0,0.204,0.12,0.0,0.435,0.759
2026-03-26 01:00:00,Library Block,27.215,0.104,0.18,0.12,0.0,0.434,0.838
2026-03-26 02:00:00,Library Block,24.284,0.0,0.195,0.12,0.0,0.428,0.743
2026-03-26 03:00:00,Library Block,25.146,0.0,0.175,0.12,0.0,0.419,0.714
2026-03-26 04:00:00,Library Block,24.237,0.0,0.205,0.12,0.0,0.409,0.733
2026-03-26 05:00:00,Library Block,24.969,0.0,0.183,0.12,5.782,0.438,6.523
2026-03-26 06:00:00,Library Block,25.642,0.0,0.176,0.12,7.572,0.416,8.284
2026-03-26 07:00:00,Library Block,26.507,0.038,0.169,0.0,7.167,0.418,7.791
2026-03-26 08:00:00,Library Block,29.427,0.269,0.181,0.0,5.452,0.411,6.312
2026-03-26 09:00:00,Library Block,29.991,4.779,2.943,0.0,0.0,0.438,8.159
2026-03-26 10:00:00,Library Block,32.383,7.711,2.712,0.0,0.0,0.448,10.87
2026-03-26 11:00:00,Library Block,33.904,9.813,3.061,0.0,0.0,0.427,13.301
2026-03-26 12:00:00,Library Block,35.657,14.203,2.994,0.0,0.0,0.421,17.618
2026-03-26 13:00:00,Library Block,35.617,12.251,3.019,0.0,0.0,0.428,15.699
2026-03-26 14:00:00,Library Block,34.285,10.206,2.778,0.0,0.0,0.423,13.407
2026-03-26 15:00:00,Library Block,35.68,12.949,2.945,0.0,0.0,0.419,16.313
2026-03-26 16:00:00,Library Block,35.77,11.518,3.338,0.0,0.0,0.449,15.305
2026-03-26 17:00:00,Library Block,35.209,9.705,2.928,0.0,0.0,0.447,13.081
2026-03-26 18:00:00,Library Block,35.561,13.179,3.221,1.92,0.0,0.433,18.753
2026-03-26 19:00:00,Library Block,34.136,9.76,2.771,1.92,0.0,0.406,14.858
2026-03-26 20:00:00,Library Block,31.408,6.256,2.771,1.92,0.0,0.422,11.369
2026-03-26 21:00:00,Library Block,32.43,0.519,0.21,0.12,0.0,0.414,1.263
2026-03-26 22:00:00,Library Block,28.098,0.147,0.195,0.12,0.0,0.431,0.894
2026-03-26 23:00:00,Library Block,26.732,0.054,0.196,0.12,0.0,0.423,0.793
2026-03-27 00:00:00,Library Block,24.665,0.0,0.186,0.12,0.0,0.424,0.73
2026-03-27 01:00:00,Library Block,23.245,0.0,0.2,0.12,0.0,0.447,0.767
2026-03-27 02:00:00,Library Block,23.024,0.0,0.207,0.12,0.0,0.446,0.773
2026-03-27 03:00:00,Library Block,25.014,0.0,0.171,0.12,0.0,0.417,0.709
2026-03-27 04:00:00,Library Block,24.946,0.0,0.175,0.12,0.0,0.433,0.728
2026-03-27 05:00:00,Library Block,23.92,0.0,0.204,0.12,5.769,0.444,6.538
2026-03-27 06:00:00,Library Block,25.857,0.0,0.171,0.12,5.305,0.448,6.045
2026-03-27 07:00:00,Library Block,27.806,0.156,0.183,0.0,7.001,0.438,7.778
2026-03-27 08:00:00,Library Block,26.414,0.037,0.171,0.0,7.466,0.409,8.084
2026-03-27 09:00:00,Library Block,31.772,6.795,2.962,0.0,0.0,0.436,10.193
2026-03-27 10:00:00,Library Block,32.605,9.42,2.988,0.0,0.0,0.427,12.835
2026-03-27 11:00:00,Library Block,33.811,9.124,2.809,0.0,0.0,0.418,12.352
2026-03-27 12:00:00,Library Block,35.445,13.357,2.743,0.0,0.0,0.445,16.545
2026-03-27 13:00:00,Library Block,33.155,9.562,2.968,0.0,0.0,0.434,12.964
2026-03-27 14:00:00,Library Block,35.577,12.506,3.034,0.0,0.0,0.446,15.986
2026-03-27 15:00:00,Library Block,37.258,14.172,3.183,0.0,0.0,0.408,17.763
2026-03-27 16:00:00,Library Block,35.789,12.68,3.176,0.0,0.0,0.44,16.297
2026-03-27 17:00:00,Library Block,35.939,11.485,2.735,0.0,0.0,0.431,14.651
2026-03-27 18:00:00,Library Block,35.691,12.347,2.982,1.92,0.0,0.419,17.668
2026-03-27 19:00:00,Library Block,33.704,10.198,3.255,1.92,0.0,0.444,15.818
2026-03-27 20:00:00,Library Block,31.295,6.469,3.089,1.92,0.0,0.441,11.919
2026-03-27 21:00:00,Library Block,30.576,0.349,0.204,0.12,0.0,0.431,1.104
2026-03-27 22:00:00,Library Block,26.776,0.059,0.208,0.12,0.0,0.449,0.835
2026-03-27 23:00:00,Library Block,27.49,0.132,0.182,0.12,0.0,0.441,0.875
2026-03-28 00:00:00,Library Block,26.507,0.033,0.148,0.102,0.0,0.426,0.709
2026-03-28 01:00:00,Library Block,24.955,0.0,0.146,0.102,0.0,0.407,0.655
2026-03-28 02:00:00,Library Block,25.366,0.0,0.147,0.102,0.0,0.432,0.682
2026-03-28 03:00:00,Library Block,24.279,0.0,0.167,0.102,0.0,0.425,0.694
2026-03-28 04:00:00,Library Block,24.351,0.0,0.147,0.102,0.0,0.431,0.68
2026-03-28 05:00:00,Library Block,26.636,0.05,0.177,0.102,6.255,0.407,6.99
2026-03-28 06:00:00,Library Block,24.8,0.0,0.166,0.102,6.467,0.442,7.177
2026-03-28 07:00:00,Library Block,28.392,0.155,0.177,0.0,5.629,0.441,6.403
2026-03-28 08:00:00,Library Block,29.76,0.218,0.163,0.0,7.135,0.439,7.955
2026-03-28 09:00:00,Library Block,30.845,5.277,2.4,0.0,0.0,0.44,8.117
2026-03-28 10:00:00,Library Block,31.148,6.139,2.381,0.0,0.0,0.413,8.933
2026-03-28 11:00:00,Library Block,33.343,7.741,2.723,0.0,0.0,0.428,10.893
2026-03-28 12:00:00,Library Block,33.438,9.04,2.285,0.0,0.0,0.439,11.764
2026-03-28 13:00:00,Library Block,34.634,8.665,2.785,0.0,0.0,0.433,11.883
2026-03-28 14:00:00,Library Block,35.927,10.74,2.302,0.0,0.0,0.428,13.47
2026-03-28 15:00:00,Library Block,35.116,8.451,2.63,0.0,0.0,0.421,11.502
2026-03-28 16:00:00,Library Block,35.562,10.457,2.507,0.0,0.0,0.435,13.398
2026-03-28 17:00:00,Library Block,34.094,9.89,2.634,0.0,0.0,0.407,12.931
2026-03-28 18:00:00,Library Block,34.896,8.457,2.732,1.632,0.0,0.406,13.227
2026-03-28 19:00:00,Library Block,34.635,9.72,2.349,1.632,0.0,0.425,14.125
2026-03-28 20:00:00,Library Block,33.75,7.848,2.825,1.632,0.0,0.43,12.735
2026-03-28 21:00:00,Library Block,28.966,0.191,0.164,0.102,0.0,0.42,0.876
2026-03-28 22:00:00,Library Block,27.589,0.089,0.156,0.102,0.0,0.436,0.783
2026-03-28 23:00:00,Library Block,26.95,0.065,0.178,0.102,0.0,0.447,0.792
2026-03-29 00:00:00,Library Block,26.58,0.046,0.172,0.102,0.0,0.411,0.731
2026-03-29 01:00:00,Library Block,24.712,0.0,0.149,0.102,0.0,0.426,0.677
2026-03-29 02:00:00,Library Block,25.282,0.0,0.146,0.102,0.0,0.447,0.695
2026-03-29 03:00:00,Library Block,24.646,0.0,0.176,0.102,0.0,0.448,0.726
2026-03-29 04:00:00,Library Block,22.551,0.0,0.164,0.102,0.0,0.427,0.693
2026-03-29 05:00:00,Library Block,24.973,0.0,0.159,0.102,7.948,0.44,8.649
2026-03-29 06:00:00,Library Block,24.632,0.0,0.146,0.102,7.761,0.414,8.422
2026-03-29 07:00:00,Library Block,26.549,0.04,0.162,0.0,6.021,0.441,6.665
2026-03-29 08:00:00,Library Block,28.149,0.152,0.152,0.0,5.869,0.449,6.622
2026-03-29 09:00:00,Library Block,30.855,4.34,2.395,0.0,0.0,0.42,7.155
2026-03-29 10:00:00,Library Block,31.637,6.045,2.508,0.0,0.0,0.416,8.969
2026-03-29 11:00:00,Library Block,32.647,7.991,2.305,0.0,0.0,0.41,10.706
2026-03-29 12:00:00,Library Block,36.452,11.355,2.626,0.0,0.0,0.425,14.406
2026-03-29 13:00:00,Library Block,34.415,9.887,2.64,0.0,0.0,0.42,12.946
2026-03-29 14:00:00,Library Block,36.196,11.76,2.682,0.0,0.0,0.427,14.869
2026-03-29 15:00:00,Library Block,36.78,13.453,2.298,0.0,0.0,0.428,16.179
2026-03-29 16:00:00,Library Block,36.075,10.405,2.385,0.0,0.0,0.444,13.234
2026-03-29 17:00:00,Library Block,34.409,10.16,2.726,0.0,0.0,0.445,13.331
2026-03-29 18:00:00,Library Block,33.405,7.347,2.613,1.632,0.0,0.425,12.016
2026-03-29 19:00:00,Library Block,33.732,8.55,2.29,1.632,0.0,0.439,12.911
2026-03-29 20:00:00,Library Block,32.709,7.574,2.702,1.632,0.0,0.43,12.338
2026-03-29 21:00:00,Library Block,30.059,0.269,0.158,0.102,0.0,0.438,0.967
2026-03-29 22:00:00,Library Block,27.241,0.072,0.152,0.102,0.0,0.437,0.763
2026-03-29 23:00:00,Library Block,27.121,0.074,0.17,0.102,0.0,0.442,0.788
2026-03-30 00:00:00,Library Block,27.383,0.098,0.183,0.12,0.0,0.412,0.814
2026-03-30 01:00:00,Library Block,23.909,0.0,0.187,0.12,0.0,0.441,0.748
2026-03-30 02:00:00,Library Block,23.998,0.0,0.204,0.12,0.0,0.415,0.739
2026-03-30 03:00:00,Library Block,24.169,0.0,0.174,0.12,0.0,0.436,0.73
2026-03-30 04:00:00,Library Block,25.403,0.0,0.192,0.12,0.0,0.448,0.76
2026-03-30 05:00:00,Library Block,24.385,0.0,0.172,0.12,7.743,0.431,8.466
2026-03-30 06:00:00,Library Block,26.352,0.029,0.209,0.12,5.143,0.445,5.946
2026-03-30 07:00:00,Library Block,28.502,0.186,0.181,0.0,5.269,0.441,6.077
2026-03-30 08:00:00,Library Block,27.076,0.088,0.206,0.0,5.322,0.437,6.053
2026-03-30 09:00:00,Library Block,28.8,4.056,2.935,0.0,0.0,0.408,7.399
2026-03-30 10:00:00,Library Block,31.57,8.015,3.257,0.0,0.0,0.406,11.678
2026-03-30 11:00:00,Library Block,34.091,10.329,3.202,0.0,0.0,0.446,13.977
2026-03-30 12:00:00,Library Block,34.686,10.962,2.844,0.0,0.0,0.436,14.243
2026-03-30 13:00:00,Library Block,36.377,13.386,3.123,0.0,0.0,0.43,16.938
2026-03-30 14:00:00,Library Block,34.204,10.055,2.845,0.0,0.0,0.405,13.305
2026-03-30 15:00:00,Library Block,36.456,12.368,2.701,0.0,0.0,0.411,15.479
2026-03-30 16:00:00,Library Block,33.059,7.913,2.89,0.0,0.0,0.436,11.239
2026-03-30 17:00:00,Library Block,36.634,15.544,3.165,0.0,0.0,0.416,19.125
2026-03-30 18:00:00,Library Block,35.542,10.284,2.808,1.92,0.0,0.421,15.433
2026-03-30 19:00:00,Library Block,32.782,8.174,3.11,1.92,0.0,0.442,13.647
2026-03-30 20:00:00,Library Block,29.354,3.773,3.202,1.92,0.0,0.42,9.314
2026-03-30 21:00:00,Library Block,29.902,0.263,0.181,0.12,0.0,0.428,0.992
2026-03-30 22:00:00,Library Block,29.674,0.259,0.172,0.12,0.0,0.408,0.959
2026-03-30 23:00:00,Library Block,27.524,0.12,0.193,0.12,0.0,0.427,0.86
2026-03-31 00:00:00,Library Block,27.717,0.14,0.174,0.12,0.0,0.437,0.87
2026-03-31 01:00:00,Library Block,24.618,0.0,0.168,0.12,0.0,0.415,0.703
2026-03-31 02:00:00,Library Block,26.345,0.029,0.173,0.12,0.0,0.431,0.754
2026-03-31 03:00:00,Library Block,22.088,0.0,0.179,0.12,0.0,0.431,0.731
2026-03-31 04:00:00,Library Block,23.555,0.0,0.196,0.12,0.0,0.442,0.758
2026-03-31 05:00:00,Library Block,23.618,0.0,0.182,0.12,7.794,0.421,8.517
2026-03-31 06:00:00,Library Block,26.603,0.054,0.207,0.12,5.205,0.445,6.031
2026-03-31 07:00:00,Library Block,25.898,0.0,0.199,0.0,5.179,0.426,5.805
2026-03-31 08:00:00,Library Block,29.563,0.311,0.209,0.0,4.833,0.406,5.76
2026-03-31 09:00:00,Library Block,30.796,5.049,3.135,0.0,0.0,0.408,8.593
2026-03-31 10:00:00,Library Block,31.842,7.306,2.702,0.0,0.0,0.446,10.455
2026-03-31 11:00:00,Library Block,32.996,8.412,2.788,0.0,0.0,0.408,11.609
2026-03-31 12:00:00,Library Block,33.298,8.639,2.869,0.0,0.0,0.441,11.949
2026-03-31 13:00:00,Library Block,35.905,13.408,3.161,0.0,0.0,0.449,17.018
2026-03-31 14:00:00,Library Block,35.393,13.348,3.122,0.0,0.0,0.443,16.912
2026-03-31 15:00:00,Library Block,36.87,15.64,2.826,0.0,0.0,0.423,18.889
2026-03-31 16:00:00,Library Block,37.396,16.072,3.157,0.0,0.0,0.415,19.644
2026-03-31 17:00:00,Library Block,34.989,12.722,2.876,0.0,0.0,0.412,16.01
2026-03-31 18:00:00,Library Block,35.665,13.78,3.137,1.92,0.0,0.422,19.259
2026-03-31 19:00:00,Library Block,33.292,9.932,2.897,1.92,0.0,0.427,15.176
2026-03-31 20:00:00,Library Block,32.252,8.702,2.829,1.92,0.0,0.426,13.878
2026-03-31 21:00:00,Library Block,28.78,0.2,0.189,0.12,0.0,0.433,0.941
2026-03-31 22:00:00,Library Block,27.862,0.172,0.209,0.12,0.0,0.441,0.942
2026-03-31 23:00:00,Library Block,26.404,0.032,0.195,0.12,0.0,0.412,0.76
2026-04-01 00:00:00,Library Block,30.205,0.307,0.183,0.12,0.0,0.42,1.03
2026-04-01 01:00:00,Library Block,27.555,4.252,0.19,2.934,0.0,0.438,7.814
2026-04-01 02:00:00,Library Block,27.935,4.302,0.186,2.934,0.0,0.445,7.867
2026-04-01 03:00:00,Library Block,27.026,4.217,0.169,2.934,0.0,0.443,7.763
2026-04-01 04:00:00,Library Block,26.949,4.196,0.196,2.934,0.0,0.449,7.775
2026-04-01 05:00:00,Library Block,26.433,4.164,0.177,2.934,7.079,0.441,14.795
2026-04-01 06:00:00,Library Block,26.95,0.083,0.19,0.12,5.165,0.449,6.007
2026-04-01 07:00:00,Library Block,29.763,0.32,0.171,0.0,5.995,0.447,6.933
2026-04-01 08:00:00,Library Block,31.268,0.374,0.201,0.0,0.0,0.434,1.009
2026-04-01 09:00:00,Library Block,32.223,8.614,2.7,0.0,0.0,0.437,11.751
2026-04-01 10:00:00,Library Block,34.8,11.912,2.904,0.0,0.0,0.419,15.235
2026-04-01 11:00:00,Library Block,38.065,13.92,2.946,0.0,0.0,0.445,17.311
2026-04-01 12:00:00,Library Block,38.837,14.261,3.207,0.0,0.0,0.436,17.904
2026-04-01 13:00:00,Library Block,38.281,14.865,3.342,0.0,0.0,0.445,18.652
2026-04-01 14:00:00,Library Block,38.915,16.238,2.817,0.0,0.0,0.415,19.469
2026-04-01 15:00:00,Library Block,39.702,17.738,2.781,0.0,0.0,0.422,20.941
2026-04-01 16:00:00,Library Block,39.103,17.972,3.106,0.0,0.0,0.409,21.486
2026-04-01 17:00:00,Library Block,38.9,16.322,2.834,0.0,0.0,0.447,19.603
2026-04-01 18:00:00,Library Block,37.578,14.306,2.704,1.92,0.0,0.441,19.372
2026-04-01 19:00:00,Library Block,36.154,10.975,2.844,1.92,0.0,0.439,16.178
2026-04-01 20:00:00,Library Block,33.961,10.483,2.846,1.92,0.0,0.425,15.673
2026-04-01 21:00:00,Library Block,33.409,0.587,0.191,0.12,0.0,0.405,1.303
2026-04-01 22:00:00,Library Block,29.232,0.273,0.187,0.12,0.0,0.449,1.029
2026-04-01 23:00:00,Library Block,30.312,0.4,0.182,0.12,0.0,0.422,1.124
2026-04-02 00:00:00,Library Block,26.737,0.052,0.18,0.12,0.0,0.416,0.768
2026-04-02 01:00:00,Library Block,28.117,0.161,0.179,0.12,0.0,0.443,0.904
2026-04-02 02:00:00,Library Block,26.273,0.022,0.204,0.12,0.0,0.414,0.761
2026-04-02 03:00:00,Library Block,28.325,0.176,0.187,0.12,0.0,0.413,0.896
2026-04-02 04:00:00,Library Block,27.341,0.095,0.204,0.12,0.0,0.426,0.845
2026-04-02 05:00:00,Library Block,27.853,0.153,0.21,0.12,5.918,0.426,6.826
2026-04-02 06:00:00,Library Block,29.21,0.214,0.189,0.12,6.329,0.445,7.297
2026-04-02 07:00:00,Library Block,29.183,0.243,0.207,0.0,7.024,0.45,7.924
2026-04-02 08:00:00,Library Block,32.616,0.615,0.175,0.0,0.0,0.417,1.207
2026-04-02 09:00:00,Library Block,33.741,9.794,2.896,0.0,0.0,0.414,13.104
2026-04-02 10:00:00,Library Block,34.049,8.82,3.131,0.0,0.0,0.426,12.377
2026-04-02 11:00:00,Library Block,34.989,12.813,2.848,0.0,0.0,0.425,16.086
2026-04-02 12:00:00,Library Block,36.869,12.288,3.086,0.0,0.0,0.442,15.816
2026-04-02 13:00:00,Library Block,38.088,13.954,3.292,0.0,0.0,0.409,17.656
2026-04-02 14:00:00,Library Block,37.711,17.368,3.342,0.0,0.0,0.412,21.123
2026-04-02 15:00:00,Library Block,38.543,16.786,3.047,0.0,0.0,0.414,20.247
2026-04-02 16:00:00,Library Block,38.204,14.338,3.183,0.0,0.0,0.409,17.93
2026-04-02 17:00:00,Library Block,37.994,16.087,3.093,0.0,0.0,0.408,19.588
2026-04-02 18:00:00,Library Block,37.048,14.026,2.97,1.92,0.0,0.428,19.344
2026-04-02 19:00:00,Library Block,36.488,15.225,2.928,1.92,0.0,0.445,20.517
2026-04-02 20:00:00,Library Block,34.584,11.178,3.101,1.92,0.0,0.442,16.64
2026-04-02 21:00:00,Library Block,33.402,0.623,0.183,0.12,0.0,0.414,1.34
2026-04-02 22:00:00,Library Block,31.696,0.398,0.199,0.12,0.0,0.411,1.129
2026-04-02 23:00:00,Library Block,29.805,0.276,0.173,0.12,0.0,0.433,1.002
2026-04-03 00:00:00,Library Block,29.441,0.228,0.198,0.12,0.0,0.42,0.966
2026-04-03 01:00:00,Library Block,25.06,0.0,0.189,0.12,0.0,0.428,0.737
2026-04-03 02:00:00,Library Block,26.846,0.069,0.171,0.12,0.0,0.437,0.798
2026-04-03 03:00:00,Library Block,26.429,0.032,0.203,0.12,0.0,0.445,0.801
2026-04-03 04:00:00,Library Block,27.324,0.096,0.191,0.12,0.0,0.413,0.82
2026-04-03 05:00:00,Library Block,27.17,0.092,0.199,0.12,6.677,0.408,7.496
2026-04-03 06:00:00,Library Block,29.306,0.227,0.173,0.12,4.979,0.415,5.914
2026-04-03 07:00:00,Library Block,30.725,0.423,0.175,0.0,0.0,0.43,1.028
2026-04-03 08:00:00,Library Block,30.063,0.362,0.205,0.0,0.0,0.409,0.976
2026-04-03 09:00:00,Library Block,33.223,9.522,3.002,0.0,0.0,0.42,12.944
2026-04-03 10:00:00,Library Block,33.272,10.586,2.887,0.0,0.0,0.419,13.892
2026-04-03 11:00:00,Library Block,36.48,13.897,3.037,0.0,0.0,0.41,17.343
2026-04-03 12:00:00,Library Block,36.776,13.695,2.938,0.0,0.0,0.449,17.082
2026-04-03 13:00:00,Library Block,37.392,15.037,3.342,0.0,0.0,0.443,18.823
2026-04-03 14:00:00,Library Block,37.085,12.066,2.82,0.0,0.0,0.432,15.318
2026-04-03 15:00:00,Library Block,38.908,13.774,3.044,0.0,0.0,0.445,17.263
2026-04-03 16:00:00,Library Block,37.638,15.143,2.911,0.0,0.0,0.418,18.473
2026-04-03 17:00:00,Library Block,36.713,11.789,2.799,0.0,0.0,0.443,15.031
2026-04-03 18:00:00,Library Block,37.429,16.164,3.146,1.92,0.0,0.436,21.665
2026-04-03 19:00:00,Library Block,36.969,12.358,2.78,1.92,0.0,0.415,17.474
2026-04-03 20:00:00,Library Block,34.947,11.08,2.872,1.92,0.0,0.435,16.307
2026-04-03 21:00:00,Library Block,31.569,0.441,0.188,0.12,0.0,0.428,1.178
2026-04-03 22:00:00,Library Block,31.31,0.372,0.186,0.12,0.0,0.427,1.105
2026-04-03 23:00:00,Library Block,30.681,0.339,0.206,0.12,0.0,0.447,1.112
2026-04-04 00:00:00,Library Block,28.621,0.177,0.166,0.102,0.0,0.423,0.867
2026-04-04 01:00:00,Library Block,28.129,0.124,0.145,0.102,0.0,0.446,0.818
2026-04-04 02:00:00,Library Block,26.767,0.046,0.148,0.102,0.0,0.442,0.738
2026-04-04 03:00:00,Library Block,26.615,0.035,0.164,0.102,0.0,0.424,0.724
2026-04-04 04:00:00,Library Block,26.545,0.037,0.151,0.102,0.0,0.44,0.73
2026-04-04 05:00:00,Library Block,28.416,0.182,0.15,0.102,7.574,0.41,8.418
2026-04-04 06:00:00,Library Block,29.432,0.258,0.178,0.102,5.742,0.428,6.708
2026-04-04 07:00:00,Library Block,29.445,0.221,0.168,0.0,7.033,0.408,7.831
2026-04-04 08:00:00,Library Block,32.202,0.448,0.154,0.0,0.0,0.414,1.015
2026-04-04 09:00:00,Library Block,31.573,7.084,2.301,0.0,0.0,0.421,9.806
2026-04-04 10:00:00,Library Block,34.382,8.838,2.739,0.0,0.0,0.409,11.986
2026-04-04 11:00:00,Library Block,34.646,10.739,2.615,0.0,0.0,0.445,13.799
2026-04-04 12:00:00,Library Block,36.111,12.035,2.463,0.0,0.0,0.444,14.942
2026-04-04 13:00:00,Library Block,36.83,10.399,2.586,0.0,0.0,0.405,13.39
2026-04-04 14:00:00,Library Block,38.14,12.749,2.797,0.0,0.0,0.409,15.955
2026-04-04 15:00:00,Library Block,39.62,14.982,2.321,0.0,0.0,0.447,17.751
2026-04-04 16:00:00,Library Block,38.717,11.479,2.703,0.0,0.0,0.405,14.587
2026-04-04 17:00:00,Library Block,37.612,10.62,2.778,0.0,0.0,0.448,13.846
2026-04-04 18:00:00,Library Block,37.069,11.011,2.582,1.632,0.0,0.431,15.656
2026-04-04 19:00:00,Library Block,33.944,7.105,2.834,1.632,0.0,0.43,12.0
2026-04-04 20:00:00,Library Block,35.125,8.587,2.417,1.632,0.0,0.407,13.043
2026-04-04 21:00:00,Library Block,30.752,0.314,0.169,0.102,0.0,0.421,1.005
2026-04-04 22:00:00,Library Block,30.74,0.351,0.158,0.102,0.0,0.443,1.054
2026-04-04 23:00:00,Library Block,29.921,0.239,0.156,0.102,0.0,0.42,0.917
2026-04-05 00:00:00,Library Block,29.203,0.244,0.166,0.102,0.0,0.446,0.957
2026-04-05 01:00:00,Library Block,28.043,0.162,0.165,0.102,0.0,0.428,0.857
2026-04-05 02:00:00,Library Block,27.155,0.077,0.156,0.102,0.0,0.443,0.778
2026-04-05 03:00:00,Library Block,28.457,0.195,0.156,0.102,0.0,0.44,0.894
2026-04-05 04:00:00,Library Block,29.219,0.224,0.16,0.102,0.0,0.426,0.912
2026-04-05 05:00:00,Library Block,27.811,0.104,0.178,0.102,6.435,0.443,7.261
2026-04-05 06:00:00,Library Block,28.657,0.155,0.171,0.102,7.224,0.444,8.097
2026-04-05 07:00:00,Library Block,29.84,0.261,0.156,0.0,7.743,0.448,8.608
2026-04-05 08:00:00,Library Block,30.836,0.376,0.156,0.0,0.0,0.408,0.941
2026-04-05 09:00:00,Library Block,33.376,6.861,2.797,0.0,0.0,0.441,10.099
2026-04-05 10:00:00,Library Block,35.824,10.917,2.73,0.0,0.0,0.435,14.082
2026-04-05 11:00:00,Library Block,33.51,9.032,2.658,0.0,0.0,0.437,12.127
2026-04-05 12:00:00,Library Block,37.073,14.046,2.693,0.0,0.0,0.447,17.186
2026-04-05 13:00:00,Library Block,39.685,14.878,2.317,0.0,0.0,0.407,17.602
2026-04-05 14:00:00,Library Block,39.189,11.197,2.338,0.0,0.0,0.439,13.973
2026-04-05 15:00:00,Library Block,39.414,11.063,2.465,0.0,0.0,0.422,13.95
2026-04-05 16:00:00,Library Block,37.195,10.87,2.555,0.0,0.0,0.432,13.857
2026-04-05 17:00:00,Library Block,38.898,11.995,2.691,0.0,0.0,0.416,15.101
2026-04-05 18:00:00,Library Block,38.252,14.684,2.732,1.632,0.0,0.418,19.466
2026-04-05 19:00:00,Library Block,36.2,11.621,2.79,1.632,0.0,0.433,16.476
2026-04-05 20:00:00,Library Block,33.897,9.895,2.44,1.632,0.0,0.422,14.388
2026-04-05 21:00:00,Library Block,33.443,0.49,0.17,0.102,0.0,0.418,1.18
2026-04-05 22:00:00,Library Block,30.409,0.289,0.178,0.102,0.0,0.407,0.976
2026-04-05 23:00:00,Library Block,28.83,0.177,0.15,0.102,0.0,0.412,0.841
2026-04-06 00:00:00,Library Block,29.559,0.277,0.171,0.12,0.0,0.432,1.001
2026-04-06 01:00:00,Library Block,28.9,0.255,0.206,0.12,0.0,0.423,1.004
2026-04-06 02:00:00,Library Block,26.462,0.039,0.174,0.12,0.0,0.406,0.739
2026-04-06 03:00:00,Library Block,25.835,0.0,0.198,0.12,0.0,0.421,0.739
2026-04-06 04:00:00,Library Block,26.327,0.029,0.184,0.12,0.0,0.421,0.755
2026-04-06 05:00:00,Library Block,28.001,0.132,0.183,0.12,6.705,0.415,7.555
2026-04-06 06:00:00,Library Block,27.593,0.115,0.208,0.12,4.962,0.412,5.817
2026-04-06 07:00:00,Library Block,31.284,0.444,0.183,0.0,0.0,0.405,1.032
2026-04-06 08:00:00,Library Block,30.982,0.389,0.185,0.0,0.0,0.433,1.008
2026-04-06 09:00:00,Library Block,33.366,8.124,2.699,0.0,0.0,0.44,11.262
2026-04-06 10:00:00,Library Block,33.81,8.428,2.811,0.0,0.0,0.415,11.655
2026-04-06 11:00:00,Library Block,36.584,15.606,2.931,0.0,0.0,0.42,18.957
2026-04-06 12:00:00,Library Block,37.909,17.051,3.136,0.0,0.0,0.445,20.632
2026-04-06 13:00:00,Library Block,36.518,12.554,2.731,0.0,0.0,0.448,15.734
2026-04-06 14:00:00,Library Block,38.116,16.052,2.923,0.0,0.0,0.43,19.406
2026-04-06 15:00:00,Library Block,38.843,13.392,2.933,0.0,0.0,0.423,16.749
2026-04-06 16:00:00,Library Block,38.27,13.329,3.22,0.0,0.0,0.449,16.998
2026-04-06 17:00:00,Library Block,39.068,14.402,2.873,0.0,0.0,0.408,17.682
2026-04-06 18:00:00,Library Block,36.645,12.525,3.287,1.92,0.0,0.418,18.151
2026-04-06 19:00:00,Library Block,36.715,15.973,3.322,1.92,0.0,0.429,21.644
2026-04-06 20:00:00,Library Block,35.038,9.589,2.837,1.92,0.0,0.416,14.762
2026-04-06 21:00:00,Library Block,32.892,0.558,0.184,0.12,0.0,0.447,1.309
2026-04-06 22:00:00,Library Block,32.203,0.556,0.199,0.12,0.0,0.429,1.304
2026-04-06 23:00:00,Library Block,28.462,0.163,0.179,0.12,0.0,0.445,0.908
2026-04-07 00:00:00,Library Block,28.696,0.219,0.203,0.12,0.0,0.42,0.961
2026-04-07 01:00:00,Library Block,27.03,0.079,0.209,0.12,0.0,0.412,0.82
2026-04-07 02:00:00,Library Block,27.098,0.079,0.195,0.12,0.0,0.446,0.839
2026-04-07 03:00:00,Library Block,26.531,0.038,0.175,0.12,0.0,0.427,0.76
2026-04-07 04:00:00,Library Block,27.264,0.112,0.168,0.12,0.0,0.441,0.841
2026-04-07 05:00:00,Library Block,27.813,0.143,0.185,0.12,7.48,0.419,8.347
2026-04-07 06:00:00,Library Block,28.896,0.194,0.178,0.12,6.08,0.41,6.981
2026-04-07 07:00:00,Library Block,30.178,0.322,0.201,0.0,0.0,0.434,0.956
2026-04-07 08:00:00,Library Block,32.02,0.533,0.188,0.0,0.0,0.417,1.138
2026-04-07 09:00:00,Library Block,31.741,7.809,3.113,0.0,0.0,0.446,11.368
2026-04-07 10:00:00,Library Block,35.062,13.41,3.095,0.0,0.0,0.418,16.923
2026-04-07 11:00:00,Library Block,34.487,11.864,2.712,0.0,0.0,0.418,14.995
2026-04-07 12:00:00,Library Block,34.448,9.521,3.164,0.0,0.0,0.439,13.123
2026-04-07 13:00:00,Library Block,40.169,12.961,3.243,0.0,0.0,0.422,16.626
2026-04-07 14:00:00,Library Block,37.857,14.918,3.005,0.0,0.0,0.411,18.334
2026-04-07 15:00:00,Library Block,38.552,15.002,3.079,0.0,0.0,0.416,18.497
2026-04-07 16:00:00,Library Block,36.932,14.173,2.785,0.0,0.0,0.435,17.392
2026-04-07 17:00:00,Library Block,37.742,15.878,3.131,0.0,0.0,0.411,19.419
2026-04-07 18:00:00,Library Block,37.449,13.332,3.319,1.92,0.0,0.436,19.008
2026-04-07 19:00:00,Library Block,36.243,15.31,3.166,1.92,0.0,0.448,20.844
2026-04-07 20:00:00,Library Block,33.346,9.349,2.698,1.92,0.0,0.411,14.378
2026-04-07 21:00:00,Library Block,32.556,0.562,0.181,0.12,0.0,0.418,1.281
2026-04-07 22:00:00,Library Block,31.816,0.448,0.208,0.12,0.0,0.42,1.197
2026-04-07 23:00:00,Library Block,30.239,0.36,0.196,0.12,0.0,0.431,1.107
2026-04-08 00:00:00,Library Block,28.886,0.269,0.182,0.12,0.0,0.434,1.005
2026-04-08 01:00:00,Library Block,28.564,0.179,0.193,0.12,0.0,0.448,0.941
2026-04-08 02:00:00,Library Block,27.095,0.085,0.175,0.12,0.0,0.449,0.829
2026-04-08 03:00:00,Library Block,28.392,0.204,0.207,0.12,0.0,0.419,0.95
2026-04-08 04:00:00,Library Block,26.911,0.082,0.184,0.12,0.0,0.414,0.8
2026-04-08 05:00:00,Library Block,28.498,0.209,0.176,0.12,6.552,0.416,7.473
2026-04-08 06:00:00,Library Block,29.487,0.252,0.171,0.12,6.273,0.432,7.248
2026-04-08 07:00:00,Library Block,28.361,0.198,0.169,0.0,4.852,0.417,5.637
2026-04-08 08:00:00,Library Block,31.888,0.49,0.195,0.0,0.0,0.442,1.126
2026-04-08 09:00:00,Library Block,32.36,6.803,3.146,0.0,0.0,0.426,10.375
2026-04-08 10:00:00,Library Block,33.544,9.982,3.131,0.0,0.0,0.405,13.518
2026-04-08 11:00:00,Library Block,35.576,12.349,2.899,0.0,0.0,0.44,15.689
2026-04-08 12:00:00,Library Block,37.404,13.46,3.221,0.0,0.0,0.424,17.105
2026-04-08 13:00:00,Library Block,36.631,12.306,3.252,0.0,0.0,0.45,16.008
2026-04-08 14:00:00,Library Block,38.822,16.747,3.093,0.0,0.0,0.439,20.279
2026-04-08 15:00:00,Library Block,38.782,12.951,3.102,0.0,0.0,0.43,16.482
2026-04-08 16:00:00,Library Block,39.834,14.136,2.817,0.0,0.0,0.41,17.364
2026-04-08 17:00:00,Library Block,37.563,15.789,3.265,0.0,0.0,0.428,19.482
2026-04-08 18:00:00,Library Block,38.432,13.73,2.745,1.92,0.0,0.433,18.827
2026-04-08 19:00:00,Library Block,36.387,11.456,3.227,1.92,0.0,0.443,17.046
2026-04-08 20:00:00,Library Block,34.519,12.714,2.969,1.92,0.0,0.442,18.044
2026-04-08 21:00:00,Library Block,34.274,0.675,0.172,0.12,0.0,0.447,1.414
2026-04-08 22:00:00,Library Block,33.37,0.539,0.171,0.12,0.0,0.437,1.267
2026-04-08 23:00:00,Library Block,29.789,0.265,0.21,0.12,0.0,0.427,1.021
2026-04-09 00:00:00,Library Block,28.017,0.133,0.192,0.12,0.0,0.424,0.868
2026-04-09 01:00:00,Library Block,28.233,0.194,0.187,0.12,0.0,0.426,0.927
2026-04-09 02:00:00,Library Block,25.781,0.0,0.207,0.12,0.0,0.419,0.745
2026-04-09 03:00:00,Library Block,25.699,0.0,0.187,0.12,0.0,0.411,0.719
2026-04-09 04:00:00,Library Block,28.511,0.229,0.204,0.12,0.0,0.417,0.969
2026-04-09 05:00:00,Library Block,28.376,0.202,0.204,0.12,6.593,0.436,7.556
2026-04-09 06:00:00,Library Block,27.899,0.168,0.2,0.12,6.824,0.409,7.72
2026-04-09 07:00:00,Library Block,33.135,0.6,0.172,0.0,0.0,0.423,1.194
2026-04-09 08:00:00,Library Block,30.065,0.372,0.208,0.0,0.0,0.413,0.993
2026-04-09 09:00:00,Library Block,33.62,9.182,3.11,0.0,0.0,0.436,12.727
2026-04-09 10:00:00,Library Block,33.756,8.69,2.963,0.0,0.0,0.42,12.073
2026-04-09 11:00:00,Library Block,37.781,12.405,3.203,0.0,0.0,0.429,16.037
2026-04-09 12:00:00,Library Block,36.712,11.41,2.738,0.0,0.0,0.443,14.591
2026-04-09 13:00:00,Library Block,37.912,17.084,2.808,0.0,0.0,0.429,20.321
2026-04-09 14:00:00,Library Block,36.987,14.576,3.143,0.0,0.0,0.418,18.138
2026-04-09 15:00:00,Library Block,41.083,12.846,3.111,0.0,0.0,0.432,16.389
2026-04-09 16:00:00,Library Block,38.178,13.176,3.04,0.0,0.0,0.449,16.666
2026-04-09 17:00:00,Library Block,38.676,16.361,3.141,0.0,0.0,0.431,19.933
2026-04-09 18:00:00,Library Block,37.247,13.758,3.326,1.92,0.0,0.421,19.425
2026-04-09 19:00:00,Library Block,35.449,13.214,2.776,1.92,0.0,0.44,18.349
2026-04-09 20:00:00,Library Block,32.325,9.307,2.918,1.92,0.0,0.433,14.579
2026-04-09 21:00:00,Library Block,32.772,0.588,0.18,0.12,0.0,0.449,1.337
2026-04-09 22:00:00,Library Block,31.175,0.366,0.207,0.12,0.0,0.412,1.105
2026-04-09 23:00:00,Library Block,30.319,0.362,0.176,0.12,0.0,0.449,1.108
2026-04-10 00:00:00,Library Block,30.903,0.404,0.183,0.12,0.0,0.436,1.144
2026-04-10 01:00:00,Library Block,28.448,0.219,0.206,0.12,0.0,0.433,0.978
2026-04-10 02:00:00,Library Block,28.064,0.147,0.196,0.12,0.0,0.439,0.902
2026-04-10 03:00:00,Library Block,26.695,0.06,0.169,0.12,0.0,0.412,0.761
2026-04-10 04:00:00,Library Block,25.891,0.0,0.208,0.12,0.0,0.417,0.745
2026-04-10 05:00:00,Library Block,27.525,0.121,0.171,0.12,6.42,0.41,7.242
2026-04-10 06:00:00,Library Block,28.023,0.149,0.19,0.12,6.274,0.427,7.161
2026-04-10 07:00:00,Library Block,29.95,0.262,0.178,0.0,5.604,0.428,6.472
2026-04-10 08:00:00,Library Block,30.953,0.437,0.195,0.0,0.0,0.446,1.077
2026-04-10 09:00:00,Library Block,31.322,5.846,2.879,0.0,0.0,0.425,9.149
2026-04-10 10:00:00,Library Block,35.82,11.978,3.237,0.0,0.0,0.437,15.653
2026-04-10 11:00:00,Library Block,35.859,12.553,3.068,0.0,0.0,0.423,16.044
2026-04-10 12:00:00,Library Block,36.913,13.077,2.898,0.0,0.0,0.441,16.417
2026-04-10 13:00:00,Library Block,37.091,14.952,3.27,0.0,0.0,0.41,18.632
2026-04-10 14:00:00,Library Block,38.32,14.374,3.21,0.0,0.0,0.41,17.994
2026-04-10 15:00:00,Library Block,38.137,15.388,3.019,0.0,0.0,0.42,18.827
2026-04-10 16:00:00,Library Block,37.602,12.679,3.018,0.0,0.0,0.45,16.147
2026-04-10 17:00:00,Library Block,38.359,14.946,3.002,0.0,0.0,0.429,18.378
2026-04-10 18:00:00,Library Block,36.774,14.139,3.051,1.92,0.0,0.434,19.544
2026-04-10 19:00:00,Library Block,36.749,15.455,3.265,1.92,0.0,0.409,21.049
2026-04-10 20:00:00,Library Block,34.193,9.272,2.738,1.92,0.0,0.423,14.352
2026-04-10 21:00:00,Library Block,33.115,0.535,0.184,0.12,0.0,0.447,1.286
2026-04-10 22:00:00,Library Block,31.533,0.403,0.2,0.12,0.0,0.431,1.154
2026-04-10 23:00:00,Library Block,30.385,0.307,0.208,0.12,0.0,0.408,1.043
2026-04-11 00:00:00,Library Block,27.916,0.125,0.148,0.102,0.0,0.443,0.818
2026-04-11 01:00:00,Library Block,28.703,0.209,0.144,0.102,0.0,0.41,0.866
2026-04-11 02:00:00,Library Block,26.024,0.002,0.172,0.102,0.0,0.433,0.708
2026-04-11 03:00:00,Library Block,27.042,0.065,0.177,0.102,0.0,0.412,0.756
2026-04-11 04:00:00,Library Block,26.0,0.0,0.168,0.102,0.0,0.444,0.715
2026-04-11 05:00:00,Library Block,27.683,0.123,0.163,0.102,6.656,0.449,7.492
2026-04-11 06:00:00,Library Block,29.648,0.236,0.151,0.102,6.347,0.417,7.252
2026-04-11 07:00:00,Library Block,30.555,0.336,0.177,0.0,0.0,0.443,0.956
2026-04-11 08:00:00,Library Block,32.506,0.462,0.169,0.0,0.0,0.446,1.077
2026-04-11 09:00:00,Library Block,32.697,8.167,2.681,0.0,0.0,0.439,11.287
2026-04-11 10:00:00,Library Block,35.462,8.846,2.789,0.0,0.0,0.44,12.075
2026-04-11 11:00:00,Library Block,35.308,10.229,2.785,0.0,0.0,0.437,13.451
2026-04-11 12:00:00,Library Block,36.784,12.521,2.331,0.0,0.0,0.408,15.26
2026-04-11 13:00:00,Library Block,38.326,15.289,2.296,0.0,0.0,0.421,18.007
2026-04-11 14:00:00,Library Block,39.646,13.472,2.412,0.0,0.0,0.419,16.303
2026-04-11 15:00:00,Library Block,38.453,11.356,2.805,0.0,0.0,0.414,14.575
2026-04-11 16:00:00,Library Block,39.491,15.169,2.59,0.0,0.0,0.426,18.185
2026-04-11 17:00:00,Library Block,38.427,12.816,2.655,0.0,0.0,0.417,15.887
2026-04-11 18:00:00,Library Block,37.58,12.497,2.482,1.632,0.0,0.429,17.04
2026-04-11 19:00:00,Library Block,35.145,9.048,2.527,1.632,0.0,0.427,13.634
2026-04-11 20:00:00,Library Block,34.168,9.832,2.456,1.632,0.0,0.405,14.326
2026-04-11 21:00:00,Library Block,32.906,0.473,0.176,0.102,0.0,0.411,1.162
2026-04-11 22:00:00,Library Block,31.785,0.457,0.158,0.102,0.0,0.431,1.148
2026-04-11 23:00:00,Library Block,29.193,0.218,0.173,0.102,0.0,0.449,0.941
2026-04-12 00:00:00,Library Block,27.465,0.088,0.148,0.102,0.0,0.431,0.769
2026-04-12 01:00:00,Library Block,25.671,0.0,0.154,0.102,0.0,0.447,0.703
2026-04-12 02:00:00,Library Block,27.95,0.116,0.149,0.102,0.0,0.45,0.817
2026-04-12 03:00:00,Library Block,27.944,0.122,0.153,0.102,0.0,0.436,0.813
2026-04-12 04:00:00,Library Block,25.195,0.0,0.167,0.102,0.0,0.432,0.7
2026-04-12 05:00:00,Library Block,27.88,0.149,0.148,0.102,5.04,0.431,5.87
2026-04-12 06:00:00,Library Block,28.38,0.177,0.162,0.102,6.259,0.414,7.114
2026-04-12 07:00:00,Library Block,31.217,0.317,0.143,0.0,0.0,0.412,0.872
2026-04-12 08:00:00,Library Block,31.237,0.385,0.178,0.0,0.0,0.418,0.981
2026-04-12 09:00:00,Library Block,33.546,8.449,2.305,0.0,0.0,0.42,11.174
2026-04-12 10:00:00,Library Block,34.128,8.643,2.716,0.0,0.0,0.417,11.776
2026-04-12 11:00:00,Library Block,35.313,9.901,2.781,0.0,0.0,0.414,13.096
2026-04-12 12:00:00,Library Block,38.01,12.789,2.854,0.0,0.0,0.439,16.082
2026-04-12 13:00:00,Library Block,39.275,12.19,2.656,0.0,0.0,0.422,15.268
2026-04-12 14:00:00,Library Block,37.527,12.66,2.631,0.0,0.0,0.431,15.722
2026-04-12 15:00:00,Library Block,40.142,10.878,2.603,0.0,0.0,0.423,13.904
2026-04-12 16:00:00,Library Block,37.821,14.386,2.722,0.0,0.0,0.425,17.533
2026-04-12 17:00:00,Library Block,35.864,12.188,2.782,0.0,0.0,0.424,15.395
2026-04-12 18:00:00,Library Block,37.253,11.726,2.586,1.632,0.0,0.431,16.375
2026-04-12 19:00:00,Library Block,36.507,13.19,2.696,1.632,0.0,0.415,17.934
2026-04-12 20:00:00,Library Block,33.037,8.37,2.835,1.632,0.0,0.449,13.286
2026-04-12 21:00:00,Library Block,31.017,0.382,0.147,0.102,0.0,0.432,1.062
2026-04-12 22:00:00,Library Block,30.952,0.382,0.164,0.102,0.0,0.436,1.084
2026-04-12 23:00:00,Library Block,29.371,0.215,0.145,0.102,0.0,0.421,0.883
2026-04-13 00:00:00,Library Block,30.127,0.365,0.186,0.12,0.0,0.444,1.115
2026-04-13 01:00:00,Library Block,27.816,0.127,0.198,0.12,0.0,0.422,0.867
2026-04-13 02:00:00,Library Block,27.939,0.181,0.184,0.12,0.0,0.443,0.927
2026-04-13 03:00:00,Library Block,27.21,0.1,0.172,0.12,0.0,0.415,0.807
2026-04-13 04:00:00,Library Block,28.773,0.236,0.203,0.12,0.0,0.443,1.002
2026-04-13 05:00:00,Library Block,26.912,0.068,0.178,0.12,5.503,0.448,6.317
2026-04-13 06:00:00,Library Block,28.669,0.178,0.189,0.12,6.342,0.414,7.243
2026-04-13 07:00:00,Library Block,28.431,0.171,0.174,0.0,7.014,0.407,7.765
2026-04-13 08:00:00,Library Block,32.258,0.436,0.21,0.0,0.0,0.442,1.087
2026-04-13 09:00:00,Library Block,34.114,10.135,2.945,0.0,0.0,0.431,13.512
2026-04-13 10:00:00,Library Block,35.426,11.138,3.24,0.0,0.0,0.416,14.794
2026-04-13 11:00:00,Library Block,35.875,14.566,2.946,0.0,0.0,0.429,17.941
2026-04-13 12:00:00,Library Block,35.753,13.934,2.923,0.0,0.0,0.449,17.307
2026-04-13 13:00:00,Library Block,38.11,15.515,2.85,0.0,0.0,0.447,18.812
2026-04-13 14:00:00,Library Block,38.118,17.203,2.96,0.0,0.0,0.419,20.582
2026-04-13 15:00:00,Library Block,39.923,15.759,3.276,0.0,0.0,0.436,19.472
2026-04-13 16:00:00,Library Block,38.369,17.568,3.133,0.0,0.0,0.428,21.129
2026-04-13 17:00:00,Library Block,37.748,16.275,2.724,0.0,0.0,0.418,19.416
2026-04-13 18:00:00,Library Block,39.417,16.57,3.052,1.92,0.0,0.411,21.953
2026-04-13 19:00:00,Library Block,36.799,12.675,3.022,1.92,0.0,0.411,18.028
2026-04-13 20:00:00,Library Block,35.629,13.553,3.15,1.92,0.0,0.406,19.028
2026-04-13 21:00:00,Library Block,32.488,0.567,0.2,0.12,0.0,0.434,1.32
2026-04-13 22:00:00,Library Block,30.347,0.295,0.192,0.12,0.0,0.417,1.024
2026-04-13 23:00:00,Library Block,31.067,0.341,0.205,0.12,0.0,0.431,1.097
2026-04-14 00:00:00,Library Block,30.249,0.384,0.195,0.12,0.0,0.439,1.138
2026-04-14 01:00:00,Library Block,26.517,0.048,0.182,0.12,0.0,0.405,0.756
2026-04-14 02:00:00,Library Block,26.687,0.057,0.184,0.12,0.0,0.425,0.786
2026-04-14 03:00:00,Library Block,26.086,0.006,0.204,0.12,0.0,0.417,0.747
2026-04-14 04:00:00,Library Block,27.686,0.131,0.179,0.12,0.0,0.433,0.862
2026-04-14 05:00:00,Library Block,28.89,0.191,0.174,0.12,6.176,0.411,7.073
2026-04-14 06:00:00,Library Block,28.389,0.212,0.2,0.12,5.629,0.431,6.591
2026-04-14 07:00:00,Library Block,29.629,0.249,0.186,0.0,7.125,0.431,7.991
2026-04-14 08:00:00,Library Block,29.49,0.262,0.178,0.0,5.974,0.434,6.848
2026-04-14 09:00:00,Library Block,32.046,7.879,3.245,0.0,0.0,0.41,11.534
2026-04-14 10:00:00,Library Block,36.06,13.723,2.812,0.0,0.0,0.449,16.985
2026-04-14 11:00:00,Library Block,36.493,15.3,3.18,0.0,0.0,0.425,18.905
2026-04-14 12:00:00,Library Block,38.169,14.878,2.917,0.0,0.0,0.426,18.22
2026-04-14 13:00:00,Library Block,37.831,13.44,3.167,0.0,0.0,0.437,17.044
2026-04-14 14:00:00,Library Block,38.522,13.188,3.207,0.0,0.0,0.447,16.842
2026-04-14 15:00:00,Library Block,39.019,16.156,2.794,0.0,0.0,0.436,19.386
2026-04-14 16:00:00,Library Block,39.12,13.296,3.242,0.0,0.0,0.435,16.973
2026-04-14 17:00:00,Library Block,39.572,16.154,3.104,0.0,0.0,0.436,19.694
2026-04-14 18:00:00,Library Block,36.57,13.268,3.265,1.92,0.0,0.436,18.889
2026-04-14 19:00:00,Library Block,35.862,12.203,2.709,1.92,0.0,0.429,17.262
2026-04-14 20:00:00,Library Block,33.76,9.059,3.197,1.92,0.0,0.428,14.604
2026-04-14 21:00:00,Library Block,31.032,0.458,0.209,0.12,0.0,0.426,1.214
2026-04-14 22:00:00,Library Block,32.367,0.546,0.198,0.12,0.0,0.439,1.303
2026-04-14 23:00:00,Library Block,31.747,0.462,0.207,0.12,0.0,0.426,1.215
2026-04-15 00:00:00,Library Block,29.523,0.273,0.185,0.12,0.0,0.411,0.99
2026-04-15 01:00:00,Library Block,28.034,0.154,0.197,0.12,0.0,0.427,0.899
2026-04-15 02:00:00,Library Block,29.058,0.235,0.192,0.12,0.0,0.434,0.98
2026-04-15 03:00:00,Library Block,27.459,0.131,0.182,0.12,0.0,0.43,0.863
2026-04-15 04:00:00,Library Block,28.007,0.156,0.194,0.12,0.0,0.433,0.902
2026-04-15 05:00:00,Library Block,27.945,0.128,0.183,0.12,7.22,0.422,8.074
2026-04-15 06:00:00,Library Block,29.051,0.279,0.208,0.12,7.28,0.413,8.3
2026-04-15 07:00:00,Library Block,29.867,0.318,0.202,0.0,7.288,0.437,8.245
2026-04-15 08:00:00,Library Block,32.28,0.441,0.205,0.0,0.0,0.407,1.053
2026-04-15 09:00:00,Library Block,31.909,6.541,3.115,0.0,0.0,0.416,10.072
2026-04-15 10:00:00,Library Block,34.972,10.941,3.253,0.0,0.0,0.447,14.641
2026-04-15 11:00:00,Library Block,35.147,12.124,2.935,0.0,0.0,0.422,15.48
2026-04-15 12:00:00,Library Block,37.753,17.307,3.132,0.0,0.0,0.42,20.86
2026-04-15 13:00:00,Library Block,40.59,12.894,2.912,0.0,0.0,0.411,16.217
2026-04-15 14:00:00,Library Block,39.495,14.505,3.087,0.0,0.0,0.416,18.009
2026-04-15 15:00:00,Library Block,40.174,13.989,2.736,0.0,0.0,0.42,17.145
2026-04-15 16:00:00,Library Block,39.698,14.874,3.22,0.0,0.0,0.418,18.512
2026-04-15 17:00:00,Library Block,35.87,13.882,2.971,0.0,0.0,0.416,17.27
2026-04-15 18:00:00,Library Block,37.111,12.459,3.349,1.92,0.0,0.447,18.175
2026-04-15 19:00:00,Library Block,36.448,15.366,3.265,1.92,0.0,0.43,20.981
2026-04-15 20:00:00,Library Block,32.464,7.533,3.101,1.92,0.0,0.407,12.961
2026-04-15 21:00:00,Library Block,32.716,0.583,0.179,0.12,0.0,0.447,1.329
2026-04-15 22:00:00,Library Block,31.368,0.449,0.194,0.12,0.0,0.441,1.205
2026-04-15 23:00:00,Library Block,28.768,0.224,0.2,0.12,0.0,0.41,0.954
2026-04-16 00:00:00,Library Block,27.788,0.16,0.188,0.12,0.0,0.416,0.883
2026-04-16 01:00:00,Library Block,29.141,0.26,0.193,0.12,0.0,0.414,0.986
2026-04-16 02:00:00,Library Block,23.624,0.0,0.205,0.12,0.0,0.436,0.761
2026-04-16 03:00:00,Library Block,27.271,0.105,0.174,0.12,0.0,0.432,0.83
2026-04-16 04:00:00,Library Block,28.368,0.203,0.189,0.12,0.0,0.439,0.952
2026-04-16 05:00:00,Library Block,27.777,0.119,0.204,0.12,7.096,0.428,7.968
2026-04-16 06:00:00,Library Block,30.166,0.349,0.184,0.12,0.0,0.419,1.072
2026-04-16 07:00:00,Library Block,29.573,0.324,0.205,0.0,5.131,0.416,6.076
2026-04-16 08:00:00,Library Block,30.542,0.381,0.191,0.0,0.0,0.435,1.007
2026-04-16 09:00:00,Library Block,32.991,9.914,2.958,0.0,0.0,0.422,13.293
2026-04-16 10:00:00,Library Block,34.171,12.224,3.354,0.0,0.0,0.423,16.001
2026-04-16 11:00:00,Library Block,35.428,10.563,2.797,0.0,0.0,0.414,13.774
2026-04-16 12:00:00,Library Block,37.062,15.046,2.921,0.0,0.0,0.44,18.407
2026-04-16 13:00:00,Library Block,37.404,16.579,2.836,0.0,0.0,0.432,19.847
2026-04-16 14:00:00,Library Block,37.958,12.71,3.349,0.0,0.0,0.415,16.474
2026-04-16 15:00:00,Library Block,37.878,13.4,2.789,0.0,0.0,0.424,16.613
2026-04-16 16:00:00,Library Block,39.212,13.948,2.768,0.0,0.0,0.437,17.153
2026-04-16 17:00:00,Library Block,37.197,16.193,2.865,0.0,0.0,0.436,19.494
2026-04-16 18:00:00,Library Block,36.001,14.898,3.097,1.92,0.0,0.425,20.341
2026-04-16 19:00:00,Library Block,34.926,13.042,2.866,1.92,0.0,0.434,18.262
2026-04-16 20:00:00,Library Block,34.759,11.065,2.908,1.92,0.0,0.433,16.326
2026-04-16 21:00:00,Library Block,33.669,0.647,0.19,0.12,0.0,0.409,1.367
2026-04-16 22:00:00,Library Block,32.198,0.425,0.195,0.12,0.0,0.431,1.171
2026-04-16 23:00:00,Library Block,30.214,0.393,0.192,0.12,0.0,0.407,1.112
2026-04-17 00:00:00,Library Block,29.293,0.304,0.194,0.12,0.0,0.441,1.058
2026-04-17 01:00:00,Library Block,27.749,0.144,0.196,0.12,0.0,0.442,0.903
2026-04-17 02:00:00,Library Block,27.66,0.116,0.205,0.12,0.0,0.407,0.848
2026-04-17 03:00:00,Library Block,27.44,0.133,0.196,0.12,0.0,0.42,0.869
2026-04-17 04:00:00,Library Block,26.475,0.043,0.198,0.12,0.0,0.44,0.802
2026-04-17 05:00:00,Library Block,26.728,0.068,0.185,0.12,7.858,0.435,8.666
2026-04-17 06:00:00,Library Block,30.11,0.328,0.208,0.12,0.0,0.422,1.078
2026-04-17 07:00:00,Library Block,30.125,0.311,0.202,0.0,0.0,0.417,0.93
2026-04-17 08:00:00,Library Block,32.499,0.495,0.192,0.0,0.0,0.418,1.106
2026-04-17 09:00:00,Library Block,31.9,7.515,2.989,0.0,0.0,0.41,10.915
2026-04-17 10:00:00,Library Block,34.147,11.899,2.701,0.0,0.0,0.45,15.05
2026-04-17 11:00:00,Library Block,34.623,9.554,3.351,0.0,0.0,0.435,13.34
2026-04-17 12:00:00,Library Block,37.889,15.953,2.783,0.0,0.0,0.43,19.166
2026-04-17 13:00:00,Library Block,37.582,16.93,3.03,0.0,0.0,0.449,20.41
2026-04-17 14:00:00,Library Block,38.241,14.078,2.918,0.0,0.0,0.422,17.418
2026-04-17 15:00:00,Library Block,40.956,15.436,2.907,0.0,0.0,0.444,18.787
2026-04-17 16:00:00,Library Block,39.462,16.89,2.97,0.0,0.0,0.445,20.305
2026-04-17 17:00:00,Library Block,38.85,15.38,3.073,0.0,0.0,0.41,18.863
2026-04-17 18:00:00,Library Block,36.041,12.926,2.695,1.92,0.0,0.45,17.99
2026-04-17 19:00:00,Library Block,34.142,11.359,2.792,1.92,0.0,0.439,16.509
2026-04-17 20:00:00,Library Block,35.524,10.706,3.1,1.92,0.0,0.421,16.146
2026-04-17 21:00:00,Library Block,30.76,0.408,0.199,0.12,0.0,0.423,1.15
2026-04-17 22:00:00,Library Block,30.946,0.452,0.196,0.12,0.0,0.408,1.176
2026-04-17 23:00:00,Library Block,29.188,0.218,0.21,0.12,0.0,0.44,0.988
2026-04-18 00:00:00,Library Block,27.832,0.105,0.145,0.102,0.0,0.419,0.77
2026-04-18 01:00:00,Library Block,27.363,5.659,0.161,3.625,0.0,0.42,9.865
2026-04-18 02:00:00,Library Block,26.149,5.591,0.158,3.625,0.0,0.428,9.801
2026-04-18 03:00:00,Library Block,25.784,5.58,0.15,3.625,0.0,0.428,9.782
2026-04-18 04:00:00,Library Block,27.46,5.678,0.175,3.625,0.0,0.414,9.891
2026-04-18 05:00:00,Library Block,28.87,5.79,0.148,3.625,5.333,0.406,15.302
2026-04-18 06:00:00,Library Block,27.021,0.07,0.161,0.102,6.583,0.437,7.353
2026-04-18 07:00:00,Library Block,30.196,0.294,0.15,0.0,0.0,0.425,0.869
2026-04-18 08:00:00,Library Block,31.988,0.456,0.158,0.0,0.0,0.437,1.052
2026-04-18 09:00:00,Library Block,33.447,7.931,2.736,0.0,0.0,0.422,11.09
2026-04-18 10:00:00,Library Block,34.332,10.224,2.685,0.0,0.0,0.422,13.331
2026-04-18 11:00:00,Library Block,35.403,10.274,2.685,0.0,0.0,0.446,13.405
2026-04-18 12:00:00,Library Block,38.001,12.555,2.408,0.0,0.0,0.417,15.379
2026-04-18 13:00:00,Library Block,38.531,11.908,2.298,0.0,0.0,0.422,14.628
2026-04-18 14:00:00,Library Block,36.901,12.775,2.696,0.0,0.0,0.421,15.892
2026-04-18 15:00:00,Library Block,38.779,13.565,2.345,0.0,0.0,0.414,16.324
2026-04-18 16:00:00,Library Block,38.851,14.42,2.508,0.0,0.0,0.414,17.341
2026-04-18 17:00:00,Library Block,37.102,12.231,2.767,0.0,0.0,0.448,15.445
2026-04-18 18:00:00,Library Block,36.999,13.464,2.519,1.632,0.0,0.409,18.024
2026-04-18 19:00:00,Library Block,36.492,10.517,2.551,1.632,0.0,0.437,15.137
2026-04-18 20:00:00,Library Block,33.726,9.054,2.832,1.632,0.0,0.41,13.928
2026-04-18 21:00:00,Library Block,33.233,0.471,0.175,0.102,0.0,0.412,1.161
2026-04-18 22:00:00,Library Block,30.458,0.261,0.146,0.102,0.0,0.438,0.947
2026-04-18 23:00:00,Library Block,28.763,0.189,0.174,0.102,0.0,0.433,0.898
2026-04-19 00:00:00,Library Block,29.373,0.207,0.16,0.102,0.0,0.421,0.89
2026-04-19 01:00:00,Library Block,28.978,0.171,0.171,0.102,0.0,0.416,0.86
2026-04-19 02:00:00,Library Block,26.021,0.001,0.155,0.102,0.0,0.424,0.683
2026-04-19 03:00:00,Library Block,27.953,0.155,0.177,0.102,0.0,0.444,0.878
2026-04-19 04:00:00,Library Block,27.191,0.092,0.171,0.102,0.0,0.438,0.803
2026-04-19 05:00:00,Library Block,25.59,0.0,0.159,0.102,6.605,0.445,7.312
2026-04-19 06:00:00,Library Block,27.322,0.075,0.156,0.102,7.185,0.418,7.935
2026-04-19 07:00:00,Library Block,30.608,0.274,0.15,0.0,0.0,0.426,0.85
2026-04-19 08:00:00,Library Block,29.823,0.235,0.153,0.0,7.315,0.435,8.137
2026-04-19 09:00:00,Library Block,32.381,7.494,2.537,0.0,0.0,0.444,10.475
2026-04-19 10:00:00,Library Block,34.472,10.73,2.487,0.0,0.0,0.432,13.65
2026-04-19 11:00:00,Library Block,36.448,10.949,2.653,0.0,0.0,0.407,14.009
2026-04-19 12:00:00,Library Block,37.427,12.75,2.648,0.0,0.0,0.425,15.823
2026-04-19 13:00:00,Library Block,39.765,11.116,2.395,0.0,0.0,0.444,13.955
2026-04-19 14:00:00,Library Block,37.98,13.575,2.434,0.0,0.0,0.44,16.449
2026-04-19 15:00:00,Library Block,39.099,14.841,2.311,0.0,0.0,0.448,17.6
2026-04-19 16:00:00,Library Block,39.248,13.736,2.503,0.0,0.0,0.439,16.678
2026-04-19 17:00:00,Library Block,38.909,13.709,2.555,0.0,0.0,0.412,16.676
2026-04-19 18:00:00,Library Block,38.294,12.948,2.345,1.632,0.0,0.414,17.338
2026-04-19 19:00:00,Library Block,35.566,10.184,2.333,1.632,0.0,0.421,14.57
2026-04-19 20:00:00,Library Block,35.204,9.517,2.438,1.632,0.0,0.41,13.997
2026-04-19 21:00:00,Library Block,32.074,0.458,0.16,0.102,0.0,0.436,1.156
2026-04-19 22:00:00,Library Block,31.369,0.382,0.178,0.102,0.0,0.421,1.083
2026-04-19 23:00:00,Library Block,30.501,0.283,0.175,0.102,0.0,0.414,0.975
2026-04-20 00:00:00,Library Block,29.733,0.299,0.185,0.12,0.0,0.416,1.02
2026-04-20 01:00:00,Library Block,28.374,0.164,0.191,0.12,0.0,0.447,0.922
2026-04-20 02:00:00,Library Block,27.295,0.087,0.192,0.12,0.0,0.44,0.838
2026-04-20 03:00:00,Library Block,26.921,0.064,0.182,0.12,0.0,0.419,0.786
2026-04-20 04:00:00,Library Block,27.753,0.158,0.204,0.12,0.0,0.44,0.922
2026-04-20 05:00:00,Library Block,29.993,0.291,0.18,0.12,7.304,0.446,8.341
2026-04-20 06:00:00,Library Block,29.612,0.335,0.186,0.12,4.919,0.44,5.999
2026-04-20 07:00:00,Library Block,30.382,0.329,0.206,0.0,0.0,0.423,0.958
2026-04-20 08:00:00,Library Block,30.078,0.315,0.183,0.0,0.0,0.413,0.91
2026-04-20 09:00:00,Library Block,32.156,8.713,3.031,0.0,0.0,0.44,12.185
2026-04-20 10:00:00,Library Block,34.229,9.47,3.273,0.0,0.0,0.407,13.15
2026-04-20 11:00:00,Library Block,36.91,15.92,2.908,0.0,0.0,0.418,19.246
2026-04-20 12:00:00,Library Block,36.306,13.852,3.334,0.0,0.0,0.408,17.594
2026-04-20 13:00:00,Library Block,38.839,12.935,2.825,0.0,0.0,0.416,16.176
2026-04-20 14:00:00,Library Block,38.915,17.766,3.148,0.0,0.0,0.419,21.333
2026-04-20 15:00:00,Library Block,39.355,14.152,2.728,0.0,0.0,0.421,17.302
2026-04-20 16:00:00,Library Block,38.58,13.853,3.049,0.0,0.0,0.411,17.313
2026-04-20 17:00:00,Library Block,37.6,16.868,2.795,0.0,0.0,0.433,20.096
2026-04-20 18:00:00,Library Block,36.269,12.286,3.11,1.92,0.0,0.448,17.765
2026-04-20 19:00:00,Library Block,36.612,14.593,3.103,1.92,0.0,0.41,20.026
2026-04-20 20:00:00,Library Block,34.476,9.03,2.968,1.92,0.0,0.437,14.355
2026-04-20 21:00:00,Library Block,31.923,0.542,0.207,0.12,0.0,0.413,1.282
2026-04-20 22:00:00,Library Block,31.67,0.437,0.205,0.12,0.0,0.434,1.197
2026-04-20 23:00:00,Library Block,33.423,0.524,0.199,0.12,0.0,0.412,1.256
2026-04-21 00:00:00,Library Block,28.556,0.238,0.198,0.12,0.0,0.445,1.001
2026-04-21 01:00:00,Library Block,29.458,0.299,0.171,0.12,0.0,0.406,0.996
2026-04-21 02:00:00,Library Block,24.619,0.0,0.182,0.12,0.0,0.415,0.716
2026-04-21 03:00:00,Library Block,26.73,0.058,0.177,0.12,0.0,0.434,0.789
2026-04-21 04:00:00,Library Block,28.159,0.184,0.184,0.12,0.0,0.435,0.923
2026-04-21 05:00:00,Library Block,27.819,0.134,0.173,0.12,7.284,0.426,8.136
2026-04-21 06:00:00,Library Block,28.115,0.17,0.181,0.12,7.755,0.416,8.642
2026-04-21 07:00:00,Library Block,29.974,0.303,0.192,0.0,7.408,0.433,8.337
2026-04-21 08:00:00,Library Block,32.432,0.499,0.175,0.0,0.0,0.45,1.124
2026-04-21 09:00:00,Library Block,35.143,9.618,2.759,0.0,0.0,0.434,12.811
2026-04-21 10:00:00,Library Block,35.618,13.609,3.163,0.0,0.0,0.413,17.185
2026-04-21 11:00:00,Library Block,35.495,10.901,2.854,0.0,0.0,0.446,14.201
2026-04-21 12:00:00,Library Block,37.01,13.906,3.009,0.0,0.0,0.437,17.353
2026-04-21 13:00:00,Library Block,37.971,16.119,3.251,0.0,0.0,0.432,19.802
2026-04-21 14:00:00,Library Block,37.928,12.71,2.942,0.0,0.0,0.413,16.065
2026-04-21 15:00:00,Library Block,38.845,14.449,2.754,0.0,0.0,0.418,17.622
2026-04-21 16:00:00,Library Block,38.522,14.025,3.216,0.0,0.0,0.426,17.667
2026-04-21 17:00:00,Library Block,36.996,12.203,3.184,0.0,0.0,0.432,15.819
2026-04-21 18:00:00,Library Block,38.081,16.992,3.098,1.92,0.0,0.421,22.431
2026-04-21 19:00:00,Library Block,36.421,13.482,3.049,1.92,0.0,0.434,18.886
2026-04-21 20:00:00,Library Block,33.912,9.932,3.193,1.92,0.0,0.412,15.458
2026-04-21 21:00:00,Library Block,33.148,0.496,0.183,0.12,0.0,0.442,1.24
2026-04-21 22:00:00,Library Block,30.483,0.359,0.182,0.12,0.0,0.413,1.074
2026-04-21 23:00:00,Library Block,29.448,0.252,0.194,0.12,0.0,0.448,1.015
2026-04-22 00:00:00,Library Block,29.445,0.238,0.175,0.12,0.0,0.438,0.971
2026-04-22 01:00:00,Library Block,28.275,0.183,0.195,0.12,0.0,0.44,0.937
2026-04-22 02:00:00,Library Block,26.691,0.059,0.204,0.12,0.0,0.42,0.803
2026-04-22 03:00:00,Library Block,27.311,0.088,0.19,0.12,0.0,0.419,0.817
2026-04-22 04:00:00,Library Block,27.13,0.076,0.171,0.12,0.0,0.442,0.809
2026-04-22 05:00:00,Library Block,26.807,0.07,0.196,0.12,7.559,0.443,8.387
2026-04-22 06:00:00,Library Block,28.59,0.185,0.205,0.12,6.835,0.431,7.776
2026-04-22 07:00:00,Library Block,30.432,0.31,0.176,0.0,0.0,0.422,0.909
2026-04-22 08:00:00,Library Block,31.753,0.533,0.194,0.0,0.0,0.43,1.157
2026-04-22 09:00:00,Library Block,31.307,6.003,2.82,0.0,0.0,0.437,9.26
2026-04-22 10:00:00,Library Block,34.719,11.841,3.239,0.0,0.0,0.44,15.52
2026-04-22 11:00:00,Library Block,36.025,14.203,2.858,0.0,0.0,0.425,17.487
2026-04-22 12:00:00,Library Block,35.344,11.194,3.111,0.0,0.0,0.441,14.746
2026-04-22 13:00:00,Library Block,37.388,14.331,3.084,0.0,0.0,0.434,17.849
2026-04-22 14:00:00,Library Block,39.287,15.592,2.94,0.0,0.0,0.443,18.975
2026-04-22 15:00:00,Library Block,40.385,13.683,3.293,0.0,0.0,0.441,17.417
2026-04-22 16:00:00,Library Block,37.155,13.199,3.294,0.0,0.0,0.424,16.916
2026-04-22 17:00:00,Library Block,39.175,17.801,2.917,0.0,0.0,0.44,21.157
2026-04-22 18:00:00,Library Block,35.362,10.983,2.922,1.92,0.0,0.432,16.257
2026-04-22 19:00:00,Library Block,37.398,16.134,3.128,1.92,0.0,0.435,21.617
2026-04-22 20:00:00,Library Block,34.314,10.732,2.879,1.92,0.0,0.415,15.946
2026-04-22 21:00:00,Library Block,32.285,0.527,0.181,0.12,0.0,0.44,1.267
2026-04-22 22:00:00,Library Block,31.802,0.455,0.169,0.12,0.0,0.41,1.154
2026-04-22 23:00:00,Library Block,29.038,0.25,0.172,0.12,0.0,0.414,0.955
2026-04-23 00:00:00,Library Block,29.273,0.265,0.196,0.12,0.0,0.421,1.001
2026-04-23 01:00:00,Library Block,27.68,0.133,0.181,0.12,0.0,0.439,0.874
2026-04-23 02:00:00,Library Block,23.394,0.0,0.171,0.12,0.0,0.424,0.715
2026-04-23 03:00:00,Library Block,26.189,0.017,0.207,0.12,0.0,0.433,0.777
2026-04-23 04:00:00,Library Block,27.396,0.102,0.18,0.12,0.0,0.446,0.848
2026-04-23 05:00:00,Library Block,28.87,0.199,0.177,0.12,6.279,0.437,7.212
2026-04-23 06:00:00,Library Block,29.089,0.273,0.19,0.12,6.659,0.442,7.684
2026-04-23 07:00:00,Library Block,31.051,0.362,0.203,0.0,0.0,0.411,0.975
2026-04-23 08:00:00,Library Block,30.553,0.41,0.205,0.0,0.0,0.408,1.022
2026-04-23 09:00:00,Library Block,33.728,8.471,2.893,0.0,0.0,0.416,11.78
2026-04-23 10:00:00,Library Block,35.297,10.143,3.187,0.0,0.0,0.445,13.775
2026-04-23 11:00:00,Library Block,34.369,9.472,3.04,0.0,0.0,0.438,12.949
2026-04-23 12:00:00,Library Block,38.342,12.664,3.088,0.0,0.0,0.422,16.174
2026-04-23 13:00:00,Library Block,38.524,16.637,2.984,0.0,0.0,0.446,20.067
2026-04-23 14:00:00,Library Block,38.514,14.745,2.807,0.0,0.0,0.434,17.986
2026-04-23 15:00:00,Library Block,38.701,17.705,3.239,0.0,0.0,0.441,21.385
2026-04-23 16:00:00,Library Block,37.758,14.278,3.054,0.0,0.0,0.409,17.741
2026-04-23 17:00:00,Library Block,38.827,16.396,2.958,0.0,0.0,0.442,19.797
2026-04-23 18:00:00,Library Block,37.545,15.671,3.142,1.92,0.0,0.427,21.16
2026-04-23 19:00:00,Library Block,36.583,12.658,2.974,1.92,0.0,0.409,17.961
2026-04-23 20:00:00,Library Block,34.632,12.531,3.259,1.92,0.0,0.407,18.116
2026-04-23 21:00:00,Library Block,33.206,0.554,0.174,0.12,0.0,0.43,1.278
2026-04-23 22:00:00,Library Block,31.151,0.418,0.169,0.12,0.0,0.431,1.139
2026-04-23 23:00:00,Library Block,31.077,0.39,0.192,0.12,0.0,0.413,1.115
2026-04-24 00:00:00,Library Block,29.364,0.262,0.179,0.12,0.0,0.419,0.98
2026-04-24 01:00:00,Library Block,27.977,0.133,0.173,0.12,0.0,0.423,0.848
2026-04-24 02:00:00,Library Block,27.07,0.08,0.169,0.12,0.0,0.405,0.774
2026-04-24 03:00:00,Library Block,25.232,0.0,0.2,0.12,0.0,0.449,0.769
2026-04-24 04:00:00,Library Block,25.22,0.0,0.208,0.12,0.0,0.442,0.771
2026-04-24 05:00:00,Library Block,27.436,0.13,0.194,0.12,7.65,0.416,8.51
2026-04-24 06:00:00,Library Block,30.026,0.345,0.2,0.12,0.0,0.443,1.108
2026-04-24 07:00:00,Library Block,29.295,0.277,0.203,0.0,7.772,0.432,8.685
2026-04-24 08:00:00,Library Block,30.782,0.435,0.202,0.0,0.0,0.413,1.05
2026-04-24 09:00:00,Library Block,32.028,7.788,2.908,0.0,0.0,0.441,11.136
2026-04-24 10:00:00,Library Block,33.263,10.619,2.69,0.0,0.0,0.409,13.718
2026-04-24 11:00:00,Library Block,35.086,11.238,3.11,0.0,0.0,0.424,14.772
2026-04-24 12:00:00,Library Block,37.521,15.196,3.325,0.0,0.0,0.439,18.959
2026-04-24 13:00:00,Library Block,37.704,14.774,3.284,0.0,0.0,0.445,18.504
2026-04-24 14:00:00,Library Block,38.258,12.703,2.691,0.0,0.0,0.418,15.812
2026-04-24 15:00:00,Library Block,38.374,13.674,3.296,0.0,0.0,0.432,17.402
2026-04-24 16:00:00,Library Block,39.033,17.61,2.695,0.0,0.0,0.443,20.749
2026-04-24 17:00:00,Library Block,38.586,15.83,3.045,0.0,0.0,0.444,19.319
2026-04-24 18:00:00,Library Block,35.374,10.039,3.261,1.92,0.0,0.405,15.625
2026-04-24 19:00:00,Library Block,35.24,13.723,2.968,1.92,0.0,0.409,19.02
2026-04-24 20:00:00,Library Block,34.464,12.421,3.148,1.92,0.0,0.414,17.902
2026-04-24 21:00:00,Library Block,33.439,0.637,0.178,0.12,0.0,0.406,1.34
2026-04-24 22:00:00,Library Block,31.575,0.41,0.209,0.12,0.0,0.445,1.184
2026-04-24 23:00:00,Library Block,30.823,0.357,0.17,0.12,0.0,0.408,1.054
2026-04-25 00:00:00,Library Block,27.346,0.103,0.165,0.102,0.0,0.446,0.816
2026-04-25 01:00:00,Library Block,28.219,0.127,0.144,0.102,0.0,0.419,0.792
2026-04-25 02:00:00,Library Block,29.256,0.2,0.144,0.102,0.0,0.408,0.855
2026-04-25 03:00:00,Library Block,27.048,0.063,0.152,0.102,0.0,0.422,0.739
2026-04-25 04:00:00,Library Block,27.293,0.094,0.143,0.102,0.0,0.438,0.777
2026-04-25 05:00:00,Library Block,28.323,0.151,0.15,0.102,7.232,0.411,8.046
2026-04-25 06:00:00,Library Block,28.212,0.172,0.148,0.102,7.319,0.448,8.189
2026-04-25 07:00:00,Library Block,29.053,0.229,0.175,0.0,6.961,0.413,7.778
2026-04-25 08:00:00,Library Block,31.505,0.437,0.144,0.0,0.0,0.445,1.026
2026-04-25 09:00:00,Library Block,31.346,5.383,2.634,0.0,0.0,0.406,8.423
2026-04-25 10:00:00,Library Block,34.949,9.613,2.668,0.0,0.0,0.438,12.718
2026-04-25 11:00:00,Library Block,36.565,12.095,2.754,0.0,0.0,0.427,15.276
2026-04-25 12:00:00,Library Block,35.639,12.196,2.495,0.0,0.0,0.44,15.131
2026-04-25 13:00:00,Library Block,38.359,12.292,2.389,0.0,0.0,0.435,15.115
2026-04-25 14:00:00,Library Block,38.579,12.21,2.354,0.0,0.0,0.414,14.978
2026-04-25 15:00:00,Library Block,40.478,13.587,2.366,0.0,0.0,0.407,16.36
2026-04-25 16:00:00,Library Block,40.105,13.764,2.584,0.0,0.0,0.423,16.771
2026-04-25 17:00:00,Library Block,39.038,11.577,2.626,0.0,0.0,0.431,14.634
2026-04-25 18:00:00,Library Block,38.453,12.796,2.735,1.632,0.0,0.443,17.606
2026-04-25 19:00:00,Library Block,35.635,9.99,2.744,1.632,0.0,0.416,14.782
2026-04-25 20:00:00,Library Block,34.813,9.285,2.766,1.632,0.0,0.419,14.102
2026-04-25 21:00:00,Library Block,32.748,0.399,0.149,0.102,0.0,0.42,1.07
2026-04-25 22:00:00,Library Block,30.45,0.317,0.169,0.102,0.0,0.438,1.026
2026-04-25 23:00:00,Library Block,30.083,0.246,0.145,0.102,0.0,0.411,0.904
2026-04-26 00:00:00,Library Block,28.674,0.151,0.174,0.102,0.0,0.428,0.856
2026-04-26 01:00:00,Library Block,27.602,0.108,0.162,0.102,0.0,0.432,0.803
2026-04-26 02:00:00,Library Block,27.145,0.065,0.166,0.102,0.0,0.428,0.761
2026-04-26 03:00:00,Library Block,27.061,0.076,0.165,0.102,0.0,0.429,0.772
2026-04-26 04:00:00,Library Block,28.092,0.146,0.163,0.102,0.0,0.425,0.836
2026-04-26 05:00:00,Library Block,27.219,0.085,0.161,0.102,5.731,0.449,6.528
2026-04-26 06:00:00,Library Block,27.478,0.086,0.176,0.102,7.316,0.425,8.105
2026-04-26 07:00:00,Library Block,30.678,0.275,0.155,0.0,0.0,0.443,0.873
2026-04-26 08:00:00,Library Block,32.304,0.452,0.171,0.0,0.0,0.43,1.052
2026-04-26 09:00:00,Library Block,33.358,6.658,2.492,0.0,0.0,0.433,9.582
2026-04-26 10:00:00,Library Block,33.414,6.946,2.311,0.0,0.0,0.442,9.698
2026-04-26 11:00:00,Library Block,35.869,11.691,2.501,0.0,0.0,0.449,14.641
2026-04-26 12:00:00,Library Block,37.528,11.025,2.371,0.0,0.0,0.411,13.807
2026-04-26 13:00:00,Library Block,37.128,12.042,2.536,0.0,0.0,0.431,15.009
2026-04-26 14:00:00,Library Block,38.031,11.162,2.332,0.0,0.0,0.413,13.907
2026-04-26 15:00:00,Library Block,38.853,11.789,2.733,0.0,0.0,0.407,14.93
2026-04-26 16:00:00,Library Block,39.978,14.746,2.622,0.0,0.0,0.445,17.814
2026-04-26 17:00:00,Library Block,38.421,14.167,2.306,0.0,0.0,0.45,16.923
2026-04-26 18:00:00,Library Block,36.67,10.292,2.654,1.632,0.0,0.436,15.014
2026-04-26 19:00:00,Library Block,35.798,9.549,2.83,1.632,0.0,0.423,14.434
2026-04-26 20:00:00,Library Block,33.887,8.468,2.321,1.632,0.0,0.439,12.86
2026-04-26 21:00:00,Library Block,32.588,0.467,0.156,0.102,0.0,0.449,1.174
2026-04-26 22:00:00,Library Block,32.169,0.43,0.175,0.102,0.0,0.446,1.153
2026-04-26 23:00:00,Library Block,28.08,0.13,0.144,0.102,0.0,0.444,0.82
2026-04-27 00:00:00,Library Block,30.072,0.376,0.207,0.12,0.0,0.428,1.13
2026-04-27 01:00:00,Library Block,29.993,0.356,0.21,0.12,0.0,0.415,1.1
2026-04-27 02:00:00,Library Block,27.367,0.115,0.184,0.12,0.0,0.411,0.83
2026-04-27 03:00:00,Library Block,26.169,0.015,0.188,0.12,0.0,0.408,0.731
2026-04-27 04:00:00,Library Block,28.368,0.175,0.21,0.12,0.0,0.42,0.925
2026-04-27 05:00:00,Library Block,28.082,0.154,0.171,0.12,6.109,0.407,6.96
2026-04-27 06:00:00,Library Block,28.231,0.166,0.181,0.12,6.242,0.435,7.145
2026-04-27 07:00:00,Library Block,29.028,0.212,0.171,0.0,5.611,0.442,6.437
2026-04-27 08:00:00,Library Block,31.041,0.351,0.199,0.0,0.0,0.441,0.991
2026-04-27 09:00:00,Library Block,33.193,10.495,3.126,0.0,0.0,0.409,14.03
2026-04-27 10:00:00,Library Block,35.448,13.568,3.268,0.0,0.0,0.414,17.25
2026-04-27 11:00:00,Library Block,36.284,13.339,2.816,0.0,0.0,0.449,16.603
2026-04-27 12:00:00,Library Block,37.697,15.759,3.054,0.0,0.0,0.45,19.263
2026-04-27 13:00:00,Library Block,37.862,13.729,3.167,0.0,0.0,0.449,17.345
2026-04-27 14:00:00,Library Block,39.65,12.723,2.877,0.0,0.0,0.447,16.047
2026-04-27 15:00:00,Library Block,38.793,14.985,3.286,0.0,0.0,0.412,18.682
2026-04-27 16:00:00,Library Block,40.634,16.216,2.821,0.0,0.0,0.441,19.477
2026-04-27 17:00:00,Library Block,37.543,15.652,2.767,0.0,0.0,0.415,18.834
2026-04-27 18:00:00,Library Block,37.638,15.384,2.877,1.92,0.0,0.417,20.597
2026-04-27 19:00:00,Library Block,38.189,17.597,3.224,1.92,0.0,0.427,23.168
2026-04-27 20:00:00,Library Block,35.595,10.978,3.168,1.92,0.0,0.441,16.507
2026-04-27 21:00:00,Library Block,33.745,0.566,0.205,0.12,0.0,0.425,1.316
2026-04-27 22:00:00,Library Block,31.744,0.39,0.194,0.12,0.0,0.415,1.119
2026-04-27 23:00:00,Library Block,30.053,0.373,0.207,0.12,0.0,0.446,1.145
2026-04-28 00:00:00,Library Block,28.583,0.203,0.191,0.12,0.0,0.418,0.931
2026-04-28 01:00:00,Library Block,27.242,5.539,0.207,3.892,0.0,0.44,10.078
2026-04-28 02:00:00,Library Block,25.669,5.444,0.205,3.892,0.0,0.439,9.98
2026-04-28 03:00:00,Library Block,27.641,5.571,0.188,3.892,0.0,0.409,10.06
2026-04-28 04:00:00,Library Block,25.666,5.444,0.168,3.892,0.0,0.425,9.929
2026-04-28 05:00:00,Library Block,28.455,5.619,0.209,3.892,7.026,0.411,17.157
2026-04-28 06:00:00,Library Block,28.448,0.191,0.189,0.12,7.371,0.438,8.308
2026-04-28 07:00:00,Library Block,29.045,0.259,0.199,0.0,4.946,0.438,5.842
2026-04-28 08:00:00,Library Block,32.853,0.626,0.187,0.0,0.0,0.419,1.231
2026-04-28 09:00:00,Library Block,31.551,6.306,2.931,0.0,0.0,0.436,9.673
2026-04-28 10:00:00,Library Block,33.887,10.738,2.929,0.0,0.0,0.424,14.091
2026-04-28 11:00:00,Library Block,35.427,9.927,2.927,0.0,0.0,0.43,13.284
2026-04-28 12:00:00,Library Block,37.392,16.068,3.077,0.0,0.0,0.436,19.581
2026-04-28 13:00:00,Library Block,37.583,13.623,3.231,0.0,0.0,0.443,17.297
2026-04-28 14:00:00,Library Block,40.257,12.812,3.07,0.0,0.0,0.427,16.309
2026-04-28 15:00:00,Library Block,37.629,14.273,3.041,0.0,0.0,0.437,17.751
2026-04-28 16:00:00,Library Block,42.881,17.42,2.894,0.0,0.0,0.417,20.731
2026-04-28 17:00:00,Library Block,37.137,12.861,2.999,0.0,0.0,0.426,16.286
2026-04-28 18:00:00,Library Block,40.199,14.151,2.809,1.92,0.0,0.409,19.289
2026-04-28 19:00:00,Library Block,37.093,12.485,3.188,1.92,0.0,0.427,18.02
2026-04-28 20:00:00,Library Block,34.443,12.594,3.214,1.92,0.0,0.422,18.15
2026-04-28 21:00:00,Library Block,33.227,0.562,0.178,0.12,0.0,0.446,1.307
2026-04-28 22:00:00,Library Block,31.068,0.468,0.192,0.12,0.0,0.417,1.196
2026-04-28 23:00:00,Library Block,30.347,0.297,0.18,0.12,0.0,0.45,1.046
2026-04-29 00:00:00,Library Block,28.02,0.158,0.209,0.12,0.0,0.414,0.902
2026-04-29 01:00:00,Library Block,28.513,0.198,0.181,0.12,0.0,0.432,0.931
2026-04-29 02:00:00,Library Block,27.386,0.101,0.204,0.12,0.0,0.42,0.845
2026-04-29 03:00:00,Library Block,26.01,0.001,0.197,0.12,0.0,0.446,0.764
2026-04-29 04:00:00,Library Block,27.632,0.123,0.209,0.12,0.0,0.427,0.878
2026-04-29 05:00:00,Library Block,28.169,0.157,0.198,0.12,7.538,0.417,8.43
2026-04-29 06:00:00,Library Block,28.04,0.155,0.194,0.12,6.523,0.413,7.404
2026-04-29 07:00:00,Library Block,29.572,0.298,0.187,0.0,5.291,0.439,6.215
2026-04-29 08:00:00,Library Block,31.96,0.47,0.188,0.0,0.0,0.445,1.103
2026-04-29 09:00:00,Library Block,34.091,9.985,2.689,0.0,0.0,0.44,13.114
2026-04-29 10:00:00,Library Block,34.411,12.062,3.358,0.0,0.0,0.428,15.848
2026-04-29 11:00:00,Library Block,36.931,14.649,3.069,0.0,0.0,0.446,18.165
2026-04-29 12:00:00,Library Block,38.41,16.04,3.082,0.0,0.0,0.428,19.55
2026-04-29 13:00:00,Library Block,39.499,13.8,2.809,0.0,0.0,0.415,17.025
2026-04-29 14:00:00,Library Block,39.213,16.65,2.978,0.0,0.0,0.416,20.044
2026-04-29 15:00:00,Library Block,38.098,12.799,2.835,0.0,0.0,0.434,16.068
2026-04-29 16:00:00,Library Block,39.687,13.753,2.835,0.0,0.0,0.442,17.03
2026-04-29 17:00:00,Library Block,38.005,14.829,3.056,0.0,0.0,0.436,18.322
2026-04-29 18:00:00,Library Block,37.749,17.038,2.85,1.92,0.0,0.411,22.218
2026-04-29 19:00:00,Library Block,35.371,9.958,3.136,1.92,0.0,0.426,15.44
2026-04-29 20:00:00,Library Block,33.953,9.942,2.941,1.92,0.0,0.408,15.211
2026-04-29 21:00:00,Library Block,32.299,0.435,0.184,0.12,0.0,0.446,1.185
2026-04-29 22:00:00,Library Block,30.122,0.297,0.197,0.12,0.0,0.41,1.024
2026-04-29 23:00:00,Library Block,29.413,0.263,0.196,0.12,0.0,0.446,1.025
2026-04-30 00:00:00,Library Block,27.724,0.118,0.185,0.12,0.0,0.421,0.844
2026-04-30 01:00:00,Library Block,28.37,0.211,0.207,0.12,0.0,0.431,0.969
2026-04-30 02:00:00,Library Block,26.14,0.009,0.182,0.12,0.0,0.437,0.748
2026-04-30 03:00:00,Library Block,26.331,0.027,0.198,0.12,0.0,0.443,0.788
2026-04-30 04:00:00,Library Block,27.208,0.085,0.201,0.12,0.0,0.437,0.843
2026-04-30 05:00:00,Library Block,29.616,0.248,0.177,0.12,7.869,0.428,8.842
2026-04-30 06:00:00,Library Block,28.065,0.162,0.188,0.12,6.637,0.417,7.524
2026-04-30 07:00:00,Library Block,28.618,0.197,0.169,0.0,5.958,0.414,6.738
2026-04-30 08:00:00,Library Block,30.135,0.277,0.182,0.0,0.0,0.436,0.894
2026-04-30 09:00:00,Library Block,32.139,6.626,2.869,0.0,0.0,0.423,9.918
2026-04-30 10:00:00,Library Block,33.896,9.354,3.206,0.0,0.0,0.438,12.998
2026-04-30 11:00:00,Library Block,38.305,16.827,2.836,0.0,0.0,0.44,20.104
2026-04-30 12:00:00,Library Block,38.209,17.198,2.705,0.0,0.0,0.416,20.319
2026-04-30 13:00:00,Library Block,37.881,12.83,2.704,0.0,0.0,0.406,15.94
2026-04-30 14:00:00,Library Block,40.648,13.527,3.201,0.0,0.0,0.427,17.156
2026-04-30 15:00:00,Library Block,38.387,14.431,2.784,0.0,0.0,0.42,17.635
2026-04-30 16:00:00,Library Block,38.384,16.11,3.121,0.0,0.0,0.41,19.641
2026-04-30 17:00:00,Library Block,37.725,13.816,2.823,0.0,0.0,0.424,17.064
2026-04-30 18:00:00,Library Block,38.269,13.798,2.837,1.92,0.0,0.423,18.978
2026-04-30 19:00:00,Library Block,35.93,13.055,3.23,1.92,0.0,0.415,18.62
2026-04-30 20:00:00,Library Block,36.06,13.648,3.146,1.92,0.0,0.42,19.134
2026-04-30 21:00:00,Library Block,33.434,0.59,0.195,0.12,0.0,0.407,1.312
2026-04-30 22:00:00,Library Block,32.356,0.537,0.207,0.12,0.0,0.448,1.312
2026-04-30 23:00:00,Library Block,28.184,0.144,0.205,0.12,0.0,0.437,0.905
2026-05-01 00:00:00,Library Block,30.058,0.304,0.204,0.12,0.0,0.413,1.041
2026-05-01 01:00:00,Library Block,29.138,0.26,0.174,0.12,0.0,0.43,0.984
2026-05-01 02:00:00,Library Block,29.776,0.317,0.175,0.12,0.0,0.435,1.047
2026-05-01 03:00:00,Library Block,28.461,0.175,0.209,0.12,0.0,0.429,0.933
2026-05-01 04:00:00,Library Block,31.445,0.408,0.192,0.12,0.0,0.432,1.153
2026-05-01 05:00:00,Library Block,30.605,0.331,0.191,0.12,0.0,0.444,1.087
2026-05-01 06:00:00,Library Block,32.373,0.579,0.189,0.12,0.0,0.445,1.334
2026-05-01 07:00:00,Library Block,32.508,0.481,0.199,0.0,0.0,0.406,1.086
2026-05-01 08:00:00,Library Block,35.272,0.838,0.193,0.0,0.0,0.428,1.46
2026-05-01 09:00:00,Library Block,34.035,11.632,2.789,0.0,0.0,0.426,14.846
2026-05-01 10:00:00,Library Block,37.504,14.801,2.757,0.0,0.0,0.407,17.964
2026-05-01 11:00:00,Library Block,39.501,17.302,2.892,0.0,0.0,0.446,20.64
2026-05-01 12:00:00,Library Block,40.828,13.014,3.273,0.0,0.0,0.45,16.736
2026-05-01 13:00:00,Library Block,40.878,13.281,2.958,0.0,0.0,0.437,16.677
2026-05-01 14:00:00,Library Block,40.085,14.796,3.274,0.0,0.0,0.417,18.488
2026-05-01 15:00:00,Library Block,43.011,16.336,3.073,0.0,0.0,0.408,19.817
2026-05-01 16:00:00,Library Block,41.403,17.841,3.313,0.0,0.0,0.418,21.571
2026-05-01 17:00:00,Library Block,40.891,15.121,3.282,0.0,0.0,0.432,18.836
2026-05-01 18:00:00,Library Block,42.462,12.64,2.941,1.92,0.0,0.418,17.918
2026-05-01 19:00:00,Library Block,39.097,13.58,3.058,1.92,0.0,0.438,18.997
2026-05-01 20:00:00,Library Block,37.034,13.761,3.165,1.92,0.0,0.449,19.295
2026-05-01 21:00:00,Library Block,35.421,0.801,0.17,0.12,0.0,0.415,1.506
2026-05-01 22:00:00,Library Block,35.092,0.747,0.175,0.12,0.0,0.45,1.491
2026-05-01 23:00:00,Library Block,32.179,0.558,0.199,0.12,0.0,0.427,1.304
2026-05-02 00:00:00,Library Block,32.269,0.389,0.175,0.102,0.0,0.424,1.091
2026-05-02 01:00:00,Library Block,31.905,0.406,0.154,0.102,0.0,0.414,1.075
2026-05-02 02:00:00,Library Block,30.116,0.244,0.157,0.102,0.0,0.408,0.911
2026-05-02 03:00:00,Library Block,30.988,0.355,0.174,0.102,0.0,0.439,1.07
2026-05-02 04:00:00,Library Block,30.136,0.306,0.152,0.102,0.0,0.435,0.996
2026-05-02 05:00:00,Library Block,30.116,0.28,0.176,0.102,0.0,0.439,0.997
2026-05-02 06:00:00,Library Block,30.093,0.272,0.148,0.102,0.0,0.415,0.937
2026-05-02 07:00:00,Library Block,33.275,0.438,0.152,0.0,0.0,0.439,1.029
2026-05-02 08:00:00,Library Block,34.743,0.683,0.144,0.0,0.0,0.433,1.26
2026-05-02 09:00:00,Library Block,36.981,12.347,2.338,0.0,0.0,0.423,15.108
2026-05-02 10:00:00,Library Block,38.438,14.452,2.431,0.0,0.0,0.413,17.295
2026-05-02 11:00:00,Library Block,41.067,10.821,2.659,0.0,0.0,0.435,13.915
2026-05-02 12:00:00,Library Block,39.662,11.864,2.4,0.0,0.0,0.446,14.709
2026-05-02 13:00:00,Library Block,41.552,12.924,2.821,0.0,0.0,0.441,16.187
2026-05-02 14:00:00,Library Block,41.108,13.171,2.484,0.0,0.0,0.449,16.105
2026-05-02 15:00:00,Library Block,42.93,12.569,2.581,0.0,0.0,0.412,15.562
2026-05-02 16:00:00,Library Block,40.869,12.258,2.665,0.0,0.0,0.434,15.357
2026-05-02 17:00:00,Library Block,42.11,12.777,2.363,0.0,0.0,0.421,15.561
2026-05-02 18:00:00,Library Block,39.506,12.39,2.678,1.632,0.0,0.42,17.12
2026-05-02 19:00:00,Library Block,39.767,10.894,2.354,1.632,0.0,0.42,15.3
2026-05-02 20:00:00,Library Block,38.759,13.89,2.757,1.632,0.0,0.435,18.713
2026-05-02 21:00:00,Library Block,34.446,0.627,0.16,0.102,0.0,0.44,1.329
2026-05-02 22:00:00,Library Block,33.1,0.449,0.146,0.102,0.0,0.43,1.127
2026-05-02 23:00:00,Library Block,33.235,0.571,0.168,0.102,0.0,0.436,1.277
2026-05-03 00:00:00,Library Block,31.886,0.467,0.146,0.102,0.0,0.421,1.136
2026-05-03 01:00:00,Library Block,30.512,4.561,0.178,3.63,0.0,0.427,8.797
2026-05-03 02:00:00,Library Block,29.728,4.527,0.159,3.63,0.0,0.412,8.729
2026-05-03 03:00:00,Library Block,29.145,4.465,0.156,3.63,0.0,0.407,8.659
2026-05-03 04:00:00,Library Block,30.536,4.53,0.154,3.63,0.0,0.425,8.739
2026-05-03 05:00:00,Library Block,29.839,4.469,0.159,3.63,6.494,0.449,15.201
2026-05-03 06:00:00,Library Block,32.123,0.392,0.171,0.102,0.0,0.447,1.111
2026-05-03 07:00:00,Library Block,32.426,0.387,0.161,0.0,0.0,0.445,0.994
2026-05-03 08:00:00,Library Block,34.024,0.625,0.166,0.0,0.0,0.421,1.212
2026-05-03 09:00:00,Library Block,37.216,14.177,2.318,0.0,0.0,0.439,16.933
2026-05-03 10:00:00,Library Block,38.507,13.151,2.771,0.0,0.0,0.447,16.369
2026-05-03 11:00:00,Library Block,38.003,13.295,2.587,0.0,0.0,0.408,16.289
2026-05-03 12:00:00,Library Block,39.37,14.981,2.584,0.0,0.0,0.425,17.99
2026-05-03 13:00:00,Library Block,41.974,14.141,2.429,0.0,0.0,0.422,16.991
2026-05-03 14:00:00,Library Block,40.362,11.454,2.329,0.0,0.0,0.443,14.225
2026-05-03 15:00:00,Library Block,43.454,15.079,2.477,0.0,0.0,0.431,17.987
2026-05-03 16:00:00,Library Block,41.931,13.333,2.752,0.0,0.0,0.45,16.535
2026-05-03 17:00:00,Library Block,40.618,10.805,2.597,0.0,0.0,0.408,13.81
2026-05-03 18:00:00,Library Block,40.253,11.611,2.435,1.632,0.0,0.419,16.097
2026-05-03 19:00:00,Library Block,40.361,14.367,2.624,1.632,0.0,0.43,19.053
2026-05-03 20:00:00,Library Block,35.422,8.869,2.485,1.632,0.0,0.415,13.402
2026-05-03 21:00:00,Library Block,37.026,0.839,0.151,0.102,0.0,0.449,1.541
2026-05-03 22:00:00,Library Block,35.642,0.719,0.169,0.102,0.0,0.436,1.427
2026-05-03 23:00:00,Library Block,32.679,0.378,0.149,0.102,0.0,0.432,1.061
2026-05-04 00:00:00,Library Block,31.686,0.426,0.193,0.12,0.0,0.411,1.15
2026-05-04 01:00:00,Library Block,30.94,0.395,0.199,0.12,0.0,0.441,1.154
2026-05-04 02:00:00,Library Block,30.938,0.335,0.171,0.12,0.0,0.449,1.074
2026-05-04 03:00:00,Library Block,29.27,0.268,0.197,0.12,0.0,0.441,1.026
2026-05-04 04:00:00,Library Block,30.19,0.39,0.168,0.12,0.0,0.43,1.109
2026-05-04 05:00:00,Library Block,30.704,0.388,0.202,0.12,0.0,0.436,1.146
2026-05-04 06:00:00,Library Block,32.436,0.512,0.18,0.12,0.0,0.429,1.24
2026-05-04 07:00:00,Library Block,35.675,0.871,0.174,0.0,0.0,0.407,1.452
2026-05-04 08:00:00,Library Block,33.713,0.715,0.173,0.0,0.0,0.444,1.333
2026-05-04 09:00:00,Library Block,36.079,14.67,2.981,0.0,0.0,0.416,18.066
2026-05-04 10:00:00,Library Block,36.792,11.511,2.882,0.0,0.0,0.419,14.812
2026-05-04 11:00:00,Library Block,38.511,13.138,3.003,0.0,0.0,0.446,16.587
2026-05-04 12:00:00,Library Block,39.167,15.923,3.256,0.0,0.0,0.439,19.618
2026-05-04 13:00:00,Library Block,39.666,13.824,2.759,0.0,0.0,0.43,17.012
2026-05-04 14:00:00,Library Block,42.978,15.414,2.863,0.0,0.0,0.416,18.693
2026-05-04 15:00:00,Library Block,42.356,17.128,2.764,0.0,0.0,0.442,20.334
2026-05-04 16:00:00,Library Block,41.888,17.668,3.116,0.0,0.0,0.429,21.213
2026-05-04 17:00:00,Library Block,40.322,14.401,3.107,0.0,0.0,0.43,17.938
2026-05-04 18:00:00,Library Block,40.168,17.183,3.258,1.92,0.0,0.414,22.775
2026-05-04 19:00:00,Library Block,37.844,15.122,3.178,1.92,0.0,0.425,20.645
2026-05-04 20:00:00,Library Block,37.526,15.518,3.158,1.92,0.0,0.421,21.017
2026-05-04 21:00:00,Library Block,36.334,0.715,0.175,0.12,0.0,0.418,1.428
2026-05-04 22:00:00,Library Block,33.905,0.533,0.202,0.12,0.0,0.426,1.282
2026-05-04 23:00:00,Library Block,32.243,0.547,0.168,0.12,0.0,0.443,1.278
2026-05-05 00:00:00,Library Block,31.265,0.434,0.198,0.12,0.0,0.419,1.171
2026-05-05 01:00:00,Library Block,31.619,0.499,0.202,0.12,0.0,0.416,1.237
2026-05-05 02:00:00,Library Block,30.406,0.303,0.178,0.12,0.0,0.445,1.046
2026-05-05 03:00:00,Library Block,28.393,0.169,0.181,0.12,0.0,0.44,0.909
2026-05-05 04:00:00,Library Block,30.928,0.332,0.178,0.12,0.0,0.43,1.061
2026-05-05 05:00:00,Library Block,31.347,0.449,0.202,0.12,0.0,0.436,1.207
2026-05-05 06:00:00,Library Block,31.944,0.493,0.186,0.12,0.0,0.409,1.208
2026-05-05 07:00:00,Library Block,34.646,0.671,0.183,0.0,0.0,0.438,1.292
2026-05-05 08:00:00,Library Block,34.471,0.588,0.189,0.0,0.0,0.445,1.222
2026-05-05 09:00:00,Library Block,36.431,11.064,3.179,0.0,0.0,0.426,14.669
2026-05-05 10:00:00,Library Block,38.022,13.998,3.132,0.0,0.0,0.443,17.573
2026-05-05 11:00:00,Library Block,39.877,12.615,3.164,0.0,0.0,0.431,16.209
2026-05-05 12:00:00,Library Block,40.02,17.723,3.325,0.0,0.0,0.407,21.455
2026-05-05 13:00:00,Library Block,40.551,13.519,2.859,0.0,0.0,0.406,16.784
2026-05-05 14:00:00,Library Block,42.769,14.034,2.827,0.0,0.0,0.411,17.271
2026-05-05 15:00:00,Library Block,42.921,16.912,3.125,0.0,0.0,0.448,20.485
2026-05-05 16:00:00,Library Block,43.07,17.973,2.786,0.0,0.0,0.448,21.207
2026-05-05 17:00:00,Library Block,41.612,15.951,3.12,0.0,0.0,0.407,19.478
2026-05-05 18:00:00,Library Block,38.594,13.968,3.33,1.92,0.0,0.422,19.64
2026-05-05 19:00:00,Library Block,39.164,15.046,2.996,1.92,0.0,0.448,20.409
2026-05-05 20:00:00,Library Block,37.587,12.477,2.832,1.92,0.0,0.43,17.659
2026-05-05 21:00:00,Library Block,37.229,0.771,0.21,0.12,0.0,0.441,1.542
2026-05-05 22:00:00,Library Block,35.506,0.814,0.184,0.12,0.0,0.414,1.532
2026-05-05 23:00:00,Library Block,33.613,0.677,0.173,0.12,0.0,0.41,1.38
2026-05-06 00:00:00,Library Block,29.684,0.27,0.185,0.12,0.0,0.42,0.995
2026-05-06 01:00:00,Library Block,29.979,0.344,0.172,0.12,0.0,0.436,1.072
2026-05-06 02:00:00,Library Block,29.84,0.321,0.171,0.12,0.0,0.447,1.06
2026-05-06 03:00:00,Library Block,29.659,0.293,0.17,0.12,0.0,0.44,1.023
2026-05-06 04:00:00,Library Block,30.371,0.322,0.187,0.12,0.0,0.423,1.053
2026-05-06 05:00:00,Library Block,32.284,0.587,0.187,0.12,0.0,0.422,1.316
2026-05-06 06:00:00,Library Block,32.537,0.475,0.199,0.12,0.0,0.444,1.238
2026-05-06 07:00:00,Library Block,32.081,0.435,0.191,0.0,0.0,0.428,1.054
2026-05-06 08:00:00,Library Block,33.618,0.524,0.204,0.0,0.0,0.426,1.153
2026-05-06 09:00:00,Library Block,35.081,12.228,3.275,0.0,0.0,0.418,15.92
2026-05-06 10:00:00,Library Block,37.436,16.646,2.803,0.0,0.0,0.436,19.885
2026-05-06 11:00:00,Library Block,39.806,13.324,2.716,0.0,0.0,0.412,16.452
2026-05-06 12:00:00,Library Block,41.207,13.164,3.163,0.0,0.0,0.422,16.749
2026-05-06 13:00:00,Library Block,40.82,17.484,2.695,0.0,0.0,0.439,20.617
2026-05-06 14:00:00,Library Block,41.765,16.167,2.953,0.0,0.0,0.435,19.555
2026-05-06 15:00:00,Library Block,43.674,17.833,2.724,0.0,0.0,0.411,20.968
2026-05-06 16:00:00,Library Block,40.311,16.436,2.996,0.0,0.0,0.421,19.853
2026-05-06 17:00:00,Library Block,41.834,16.767,2.99,0.0,0.0,0.423,20.18
2026-05-06 18:00:00,Library Block,40.773,15.093,3.256,1.92,0.0,0.416,20.685
2026-05-06 19:00:00,Library Block,38.703,13.887,3.122,1.92,0.0,0.414,19.343
2026-05-06 20:00:00,Library Block,37.534,15.065,2.958,1.92,0.0,0.428,20.372
2026-05-06 21:00:00,Library Block,36.42,0.789,0.189,0.12,0.0,0.42,1.518
2026-05-06 22:00:00,Library Block,34.153,0.643,0.191,0.12,0.0,0.432,1.386
2026-05-06 23:00:00,Library Block,32.362,0.51,0.177,0.12,0.0,0.434,1.241
2026-05-07 00:00:00,Library Block,31.044,0.335,0.201,0.12,0.0,0.448,1.103
2026-05-07 01:00:00,Library Block,32.666,5.619,0.188,2.595,0.0,0.432,8.833
2026-05-07 02:00:00,Library Block,29.764,5.352,0.195,2.595,0.0,0.442,8.584
2026-05-07 03:00:00,Library Block,30.201,5.439,0.169,2.595,0.0,0.446,8.649
2026-05-07 04:00:00,Library Block,30.99,5.402,0.173,2.595,0.0,0.424,8.594
2026-05-07 05:00:00,Library Block,30.592,5.44,0.193,2.595,0.0,0.413,8.641
2026-05-07 06:00:00,Library Block,31.793,0.439,0.199,0.12,0.0,0.418,1.176
2026-05-07 07:00:00,Library Block,33.503,0.512,0.181,0.0,0.0,0.436,1.129
2026-05-07 08:00:00,Library Block,33.599,0.587,0.208,0.0,0.0,0.419,1.214
2026-05-07 09:00:00,Library Block,34.464,10.445,3.259,0.0,0.0,0.411,14.115
2026-05-07 10:00:00,Library Block,36.822,15.032,3.04,0.0,0.0,0.411,18.484
2026-05-07 11:00:00,Library Block,40.728,13.421,3.118,0.0,0.0,0.42,16.959
2026-05-07 12:00:00,Library Block,39.667,17.084,3.087,0.0,0.0,0.412,20.582
2026-05-07 13:00:00,Library Block,41.327,12.859,2.893,0.0,0.0,0.446,16.198
2026-05-07 14:00:00,Library Block,40.47,15.385,2.73,0.0,0.0,0.405,18.52
2026-05-07 15:00:00,Library Block,43.342,16.105,3.229,0.0,0.0,0.415,19.749
2026-05-07 16:00:00,Library Block,41.494,12.677,2.997,0.0,0.0,0.447,16.122
2026-05-07 17:00:00,Library Block,40.741,12.973,3.254,0.0,0.0,0.441,16.668
2026-05-07 18:00:00,Library Block,40.109,14.077,2.94,1.92,0.0,0.447,19.383
2026-05-07 19:00:00,Library Block,41.513,14.66,2.698,1.92,0.0,0.444,19.722
2026-05-07 20:00:00,Library Block,37.994,14.464,2.773,1.92,0.0,0.424,19.582
2026-05-07 21:00:00,Library Block,35.843,0.915,0.175,0.12,0.0,0.409,1.619
2026-05-07 22:00:00,Library Block,31.564,0.391,0.199,0.12,0.0,0.442,1.152
2026-05-07 23:00:00,Library Block,34.353,0.757,0.169,0.12,0.0,0.422,1.469
2026-05-08 00:00:00,Library Block,31.062,0.467,0.202,0.12,0.0,0.41,1.199
2026-05-08 01:00:00,Library Block,29.951,4.988,0.197,3.402,0.0,0.44,9.027
2026-05-08 02:00:00,Library Block,29.441,5.008,0.182,3.402,0.0,0.406,8.998
2026-05-08 03:00:00,Library Block,31.465,5.221,0.19,3.402,0.0,0.415,9.228
2026-05-08 04:00:00,Library Block,30.162,5.011,0.207,3.402,0.0,0.435,9.055
2026-05-08 05:00:00,Library Block,29.282,4.971,0.171,3.402,7.506,0.416,16.466
2026-05-08 06:00:00,Library Block,31.553,0.483,0.183,0.12,0.0,0.408,1.194
2026-05-08 07:00:00,Library Block,32.168,0.532,0.184,0.0,0.0,0.436,1.152
2026-05-08 08:00:00,Library Block,34.807,0.784,0.208,0.0,0.0,0.419,1.411
2026-05-08 09:00:00,Library Block,35.614,11.601,3.343,0.0,0.0,0.446,15.39
2026-05-08 10:00:00,Library Block,35.984,11.025,3.253,0.0,0.0,0.408,14.686
2026-05-08 11:00:00,Library Block,38.918,16.253,2.945,0.0,0.0,0.421,19.618
2026-05-08 12:00:00,Library Block,40.186,14.434,3.286,0.0,0.0,0.445,18.165
2026-05-08 13:00:00,Library Block,39.943,16.089,3.013,0.0,0.0,0.409,19.511
2026-05-08 14:00:00,Library Block,39.835,15.156,3.121,0.0,0.0,0.444,18.722
2026-05-08 15:00:00,Library Block,42.283,15.076,3.312,0.0,0.0,0.443,18.831
2026-05-08 16:00:00,Library Block,41.515,17.36,2.855,0.0,0.0,0.411,20.626
2026-05-08 17:00:00,Library Block,40.981,16.058,3.266,0.0,0.0,0.43,19.755
2026-05-08 18:00:00,Library Block,40.988,15.972,2.956,1.92,0.0,0.41,21.259
2026-05-08 19:00:00,Library Block,37.061,16.447,3.273,1.92,0.0,0.447,22.087
2026-05-08 20:00:00,Library Block,37.613,13.604,3.057,1.92,0.0,0.449,19.029
2026-05-08 21:00:00,Library Block,36.663,0.906,0.178,0.12,0.0,0.421,1.625
2026-05-08 22:00:00,Library Block,34.264,0.625,0.2,0.12,0.0,0.448,1.393
2026-05-08 23:00:00,Library Block,31.584,0.46,0.173,0.12,0.0,0.417,1.171
2026-05-09 00:00:00,Library Block,31.097,0.384,0.148,0.102,0.0,0.432,1.066
2026-05-09 01:00:00,Library Block,30.352,0.339,0.148,0.102,0.0,0.416,1.005
2026-05-09 02:00:00,Library Block,28.625,0.173,0.173,0.102,0.0,0.406,0.854
2026-05-09 03:00:00,Library Block,30.371,0.331,0.174,0.102,0.0,0.421,1.027
2026-05-09 04:00:00,Library Block,30.208,0.268,0.163,0.102,0.0,0.425,0.959
2026-05-09 05:00:00,Library Block,30.161,0.298,0.153,0.102,0.0,0.414,0.966
2026-05-09 06:00:00,Library Block,32.743,0.518,0.157,0.102,0.0,0.428,1.205
2026-05-09 07:00:00,Library Block,32.478,0.467,0.149,0.0,0.0,0.447,1.064
2026-05-09 08:00:00,Library Block,35.927,0.721,0.143,0.0,0.0,0.442,1.306
2026-05-09 09:00:00,Library Block,35.731,11.803,2.764,0.0,0.0,0.424,14.991
2026-05-09 10:00:00,Library Block,36.598,10.482,2.396,0.0,0.0,0.424,13.302
2026-05-09 11:00:00,Library Block,38.076,14.138,2.33,0.0,0.0,0.444,16.912
2026-05-09 12:00:00,Library Block,40.334,13.637,2.36,0.0,0.0,0.431,16.428
2026-05-09 13:00:00,Library Block,40.126,13.216,2.814,0.0,0.0,0.424,16.453
2026-05-09 14:00:00,Library Block,41.94,15.186,2.492,0.0,0.0,0.417,18.095
2026-05-09 15:00:00,Library Block,41.599,12.603,2.655,0.0,0.0,0.447,15.706
2026-05-09 16:00:00,Library Block,41.372,11.788,2.303,0.0,0.0,0.427,14.518
2026-05-09 17:00:00,Library Block,41.155,14.562,2.587,0.0,0.0,0.42,17.569
2026-05-09 18:00:00,Library Block,41.247,11.56,2.711,1.632,0.0,0.445,16.348
2026-05-09 19:00:00,Library Block,38.457,14.131,2.322,1.632,0.0,0.436,18.521
2026-05-09 20:00:00,Library Block,37.737,14.642,2.456,1.632,0.0,0.445,19.175
2026-05-09 21:00:00,Library Block,36.444,0.788,0.154,0.102,0.0,0.419,1.463
2026-05-09 22:00:00,Library Block,33.237,0.513,0.174,0.102,0.0,0.449,1.239
2026-05-09 23:00:00,Library Block,33.523,0.586,0.167,0.102,0.0,0.444,1.298
2026-05-10 00:00:00,Library Block,32.573,0.443,0.174,0.102,0.0,0.434,1.153
2026-05-10 01:00:00,Library Block,31.77,0.332,0.156,0.102,0.0,0.449,1.039
2026-05-10 02:00:00,Library Block,29.096,0.227,0.164,0.102,0.0,0.425,0.918
2026-05-10 03:00:00,Library Block,28.961,0.216,0.161,0.102,0.0,0.428,0.907
2026-05-10 04:00:00,Library Block,30.15,0.317,0.153,0.102,0.0,0.432,1.004
2026-05-10 05:00:00,Library Block,30.693,0.307,0.158,0.102,0.0,0.44,1.007
2026-05-10 06:00:00,Library Block,31.777,0.342,0.152,0.102,0.0,0.437,1.032
2026-05-10 07:00:00,Library Block,32.643,0.387,0.143,0.0,0.0,0.446,0.977
2026-05-10 08:00:00,Library Block,34.633,0.553,0.177,0.0,0.0,0.426,1.156
2026-05-10 09:00:00,Library Block,33.446,8.904,2.832,0.0,0.0,0.431,12.167
2026-05-10 10:00:00,Library Block,38.211,13.103,2.756,0.0,0.0,0.424,16.282
2026-05-10 11:00:00,Library Block,40.472,11.492,2.385,0.0,0.0,0.441,14.317
2026-05-10 12:00:00,Library Block,39.69,11.82,2.296,0.0,0.0,0.437,14.554
2026-05-10 13:00:00,Library Block,41.399,12.309,2.397,0.0,0.0,0.448,15.154
2026-05-10 14:00:00,Library Block,43.476,12.915,2.783,0.0,0.0,0.449,16.146
2026-05-10 15:00:00,Library Block,42.033,14.563,2.372,0.0,0.0,0.43,17.366
2026-05-10 16:00:00,Library Block,42.101,15.265,2.418,0.0,0.0,0.407,18.09
2026-05-10 17:00:00,Library Block,43.038,13.461,2.68,0.0,0.0,0.431,16.572
2026-05-10 18:00:00,Library Block,42.279,12.496,2.558,1.632,0.0,0.434,17.12
2026-05-10 19:00:00,Library Block,37.939,11.493,2.658,1.632,0.0,0.408,16.192
2026-05-10 20:00:00,Library Block,37.141,12.121,2.606,1.632,0.0,0.413,16.773
2026-05-10 21:00:00,Library Block,36.894,0.767,0.163,0.102,0.0,0.444,1.477
2026-05-10 22:00:00,Library Block,34.944,0.569,0.174,0.102,0.0,0.424,1.269
2026-05-10 23:00:00,Library Block,33.706,0.49,0.151,0.102,0.0,0.447,1.189
2026-05-11 00:00:00,Library Block,29.136,0.279,0.174,0.12,0.0,0.42,0.992
2026-05-11 01:00:00,Library Block,28.85,0.24,0.185,0.12,0.0,0.449,0.994
2026-05-11 02:00:00,Library Block,31.989,0.469,0.19,0.12,0.0,0.435,1.215
2026-05-11 03:00:00,Library Block,30.774,0.388,0.189,0.12,0.0,0.439,1.135
2026-05-11 04:00:00,Library Block,30.558,0.364,0.191,0.12,0.0,0.432,1.106
2026-05-11 05:00:00,Library Block,29.562,0.251,0.188,0.12,5.14,0.429,6.129
2026-05-11 06:00:00,Library Block,31.342,0.481,0.19,0.12,0.0,0.438,1.229
2026-05-11 07:00:00,Library Block,33.57,0.516,0.207,0.0,0.0,0.414,1.137
2026-05-11 08:00:00,Library Block,33.064,0.506,0.17,0.0,0.0,0.427,1.103
2026-05-11 09:00:00,Library Block,35.295,12.109,3.321,0.0,0.0,0.448,15.877
2026-05-11 10:00:00,Library Block,37.928,15.0,3.083,0.0,0.0,0.445,18.528
2026-05-11 11:00:00,Library Block,39.59,15.815,2.72,0.0,0.0,0.447,18.982
2026-05-11 12:00:00,Library Block,39.72,17.566,2.724,0.0,0.0,0.441,20.731
2026-05-11 13:00:00,Library Block,42.178,14.144,3.072,0.0,0.0,0.44,17.657
2026-05-11 14:00:00,Library Block,42.745,13.414,3.151,0.0,0.0,0.447,17.012
2026-05-11 15:00:00,Library Block,40.207,13.255,3.038,0.0,0.0,0.439,16.732
2026-05-11 16:00:00,Library Block,43.434,12.919,2.99,0.0,0.0,0.409,16.318
2026-05-11 17:00:00,Library Block,42.363,16.87,2.874,0.0,0.0,0.431,20.175
2026-05-11 18:00:00,Library Block,40.449,15.07,3.096,1.92,0.0,0.407,20.493
2026-05-11 19:00:00,Library Block,38.863,13.981,3.291,1.92,0.0,0.413,19.606
2026-05-11 20:00:00,Library Block,38.342,16.24,2.972,1.92,0.0,0.436,21.567
2026-05-11 21:00:00,Library Block,36.534,0.922,0.197,0.12,0.0,0.446,1.685
2026-05-11 22:00:00,Library Block,34.176,0.752,0.169,0.12,0.0,0.406,1.446
2026-05-11 23:00:00,Library Block,34.606,0.661,0.187,0.12,0.0,0.439,1.407
2026-05-12 00:00:00,Library Block,29.653,0.311,0.2,0.12,0.0,0.426,1.056
2026-05-12 01:00:00,Library Block,30.139,0.303,0.203,0.12,0.0,0.442,1.069
2026-05-12 02:00:00,Library Block,30.652,0.419,0.191,0.12,0.0,0.434,1.163
2026-05-12 03:00:00,Library Block,29.948,0.36,0.192,0.12,0.0,0.431,1.103
2026-05-12 04:00:00,Library Block,30.904,0.409,0.174,0.12,0.0,0.424,1.127
2026-05-12 05:00:00,Library Block,29.409,0.287,0.18,0.12,5.857,0.421,6.865
2026-05-12 06:00:00,Library Block,31.503,0.463,0.196,0.12,0.0,0.428,1.207
2026-05-12 07:00:00,Library Block,34.15,0.67,0.2,0.0,0.0,0.435,1.306
2026-05-12 08:00:00,Library Block,32.953,0.542,0.171,0.0,0.0,0.422,1.136
2026-05-12 09:00:00,Library Block,35.76,13.499,3.334,0.0,0.0,0.427,17.26
2026-05-12 10:00:00,Library Block,37.022,16.417,3.329,0.0,0.0,0.432,20.178
2026-05-12 11:00:00,Library Block,39.363,16.627,2.814,0.0,0.0,0.405,19.847
2026-05-12 12:00:00,Library Block,40.636,14.272,2.718,0.0,0.0,0.415,17.405
2026-05-12 13:00:00,Library Block,41.293,15.302,2.917,0.0,0.0,0.413,18.633
2026-05-12 14:00:00,Library Block,41.506,15.824,3.332,0.0,0.0,0.444,19.601
2026-05-12 15:00:00,Library Block,42.063,13.044,2.986,0.0,0.0,0.445,16.475
2026-05-12 16:00:00,Library Block,41.631,15.257,2.899,0.0,0.0,0.413,18.569
2026-05-12 17:00:00,Library Block,41.164,13.153,3.289,0.0,0.0,0.436,16.879
2026-05-12 18:00:00,Library Block,41.7,15.357,2.778,1.92,0.0,0.424,20.479
2026-05-12 19:00:00,Library Block,37.798,12.849,3.32,1.92,0.0,0.43,18.52
2026-05-12 20:00:00,Library Block,37.895,14.424,3.232,1.92,0.0,0.423,19.999
2026-05-12 21:00:00,Library Block,35.058,0.838,0.184,0.12,0.0,0.426,1.568
2026-05-12 22:00:00,Library Block,36.402,0.685,0.201,0.12,0.0,0.436,1.442
2026-05-12 23:00:00,Library Block,33.089,0.52,0.2,0.12,0.0,0.418,1.258
2026-05-13 00:00:00,Library Block,30.489,0.342,0.192,0.12,0.0,0.406,1.06
2026-05-13 01:00:00,Library Block,30.572,0.376,0.201,0.12,0.0,0.428,1.124
2026-05-13 02:00:00,Library Block,28.746,0.255,0.189,0.12,0.0,0.409,0.973
2026-05-13 03:00:00,Library Block,29.367,0.282,0.203,0.12,0.0,0.448,1.053
2026-05-13 04:00:00,Library Block,30.82,0.437,0.201,0.12,0.0,0.42,1.179
2026-05-13 05:00:00,Library Block,32.165,0.433,0.206,0.12,0.0,0.406,1.165
2026-05-13 06:00:00,Library Block,32.838,0.504,0.201,0.12,0.0,0.427,1.252
2026-05-13 07:00:00,Library Block,32.895,0.625,0.207,0.0,0.0,0.419,1.251
2026-05-13 08:00:00,Library Block,35.017,0.593,0.175,0.0,0.0,0.436,1.204
2026-05-13 09:00:00,Library Block,36.809,13.556,2.874,0.0,0.0,0.437,16.867
2026-05-13 10:00:00,Library Block,39.803,15.046,2.992,0.0,0.0,0.436,18.474
2026-05-13 11:00:00,Library Block,38.396,17.71,2.851,0.0,0.0,0.423,20.984
2026-05-13 12:00:00,Library Block,41.752,15.026,3.291,0.0,0.0,0.444,18.76
2026-05-13 13:00:00,Library Block,40.104,17.494,2.809,0.0,0.0,0.407,20.71
2026-05-13 14:00:00,Library Block,42.975,15.761,2.996,0.0,0.0,0.426,19.183
2026-05-13 15:00:00,Library Block,41.379,14.22,3.039,0.0,0.0,0.448,17.706
2026-05-13 16:00:00,Library Block,41.112,13.401,3.275,0.0,0.0,0.424,17.099
2026-05-13 17:00:00,Library Block,40.912,15.247,2.862,0.0,0.0,0.449,18.558
2026-05-13 18:00:00,Library Block,39.467,12.695,3.34,1.92,0.0,0.437,18.392
2026-05-13 19:00:00,Library Block,39.426,14.41,2.884,1.92,0.0,0.423,19.638
2026-05-13 20:00:00,Library Block,38.779,15.425,2.798,1.92,0.0,0.436,20.578
2026-05-13 21:00:00,Library Block,33.888,0.642,0.179,0.12,0.0,0.448,1.388
2026-05-13 22:00:00,Library Block,34.272,0.646,0.205,0.12,0.0,0.443,1.414
2026-05-13 23:00:00,Library Block,31.913,0.548,0.174,0.12,0.0,0.414,1.257
2026-05-14 00:00:00,Library Block,32.662,0.465,0.169,0.12,0.0,0.442,1.196
2026-05-14 01:00:00,Library Block,32.224,0.583,0.18,0.12,0.0,0.415,1.299
2026-05-14 02:00:00,Library Block,30.03,0.343,0.191,0.12,0.0,0.409,1.063
2026-05-14 03:00:00,Library Block,29.297,0.293,0.183,0.12,0.0,0.423,1.019
2026-05-14 04:00:00,Library Block,28.589,0.216,0.175,0.12,0.0,0.432,0.943
2026-05-14 05:00:00,Library Block,32.753,0.484,0.183,0.12,0.0,0.419,1.206
2026-05-14 06:00:00,Library Block,33.076,0.614,0.197,0.12,0.0,0.443,1.374
2026-05-14 07:00:00,Library Block,31.021,0.449,0.186,0.0,0.0,0.42,1.055
2026-05-14 08:00:00,Library Block,35.103,0.79,0.192,0.0,0.0,0.41,1.392
2026-05-14 09:00:00,Library Block,34.888,12.828,3.324,0.0,0.0,0.427,16.579
2026-05-14 10:00:00,Library Block,37.044,11.912,3.191,0.0,0.0,0.434,15.537
2026-05-14 11:00:00,Library Block,37.752,17.426,3.228,0.0,0.0,0.417,21.072
2026-05-14 12:00:00,Library Block,38.242,17.672,2.882,0.0,0.0,0.445,20.998
2026-05-14 13:00:00,Library Block,41.151,17.444,3.032,0.0,0.0,0.408,20.883
2026-05-14 14:00:00,Library Block,43.691,16.042,2.92,0.0,0.0,0.432,19.393
2026-05-14 15:00:00,Library Block,41.074,17.172,3.014,0.0,0.0,0.443,20.629
2026-05-14 16:00:00,Library Block,42.687,15.866,2.763,0.0,0.0,0.441,19.071
2026-05-14 17:00:00,Library Block,42.244,15.258,3.036,0.0,0.0,0.434,18.729
2026-05-14 18:00:00,Library Block,40.964,17.627,3.041,1.92,0.0,0.407,22.996
2026-05-14 19:00:00,Library Block,40.996,13.721,3.074,1.92,0.0,0.409,19.124
2026-05-14 20:00:00,Library Block,38.508,17.199,2.846,1.92,0.0,0.427,22.391
2026-05-14 21:00:00,Library Block,37.805,0.921,0.177,0.12,0.0,0.448,1.666
2026-05-14 22:00:00,Library Block,33.3,0.539,0.183,0.12,0.0,0.409,1.251
2026-05-14 23:00:00,Library Block,33.745,0.619,0.191,0.12,0.0,0.443,1.373
2026-05-15 00:00:00,Library Block,33.268,0.607,0.182,0.12,0.0,0.442,1.351
2026-05-15 01:00:00,Library Block,30.032,0.285,0.198,0.12,0.0,0.448,1.051
2026-05-15 02:00:00,Library Block,26.718,0.062,0.193,0.12,0.0,0.412,0.787
2026-05-15 03:00:00,Library Block,28.733,0.21,0.173,0.12,0.0,0.41,0.912
2026-05-15 04:00:00,Library Block,29.48,0.297,0.177,0.12,0.0,0.422,1.017
2026-05-15 05:00:00,Library Block,31.365,0.376,0.193,0.12,0.0,0.428,1.118
2026-05-15 06:00:00,Library Block,31.191,0.349,0.19,0.12,0.0,0.444,1.103
2026-05-15 07:00:00,Library Block,33.003,0.491,0.182,0.0,0.0,0.446,1.12
2026-05-15 08:00:00,Library Block,33.843,0.555,0.175,0.0,0.0,0.419,1.149
2026-05-15 09:00:00,Library Block,35.871,13.748,3.307,0.0,0.0,0.442,17.496
2026-05-15 10:00:00,Library Block,37.487,14.607,2.99,0.0,0.0,0.443,18.04
2026-05-15 11:00:00,Library Block,38.368,16.726,2.831,0.0,0.0,0.424,19.98
2026-05-15 12:00:00,Library Block,41.064,16.634,3.172,0.0,0.0,0.426,20.232
2026-05-15 13:00:00,Library Block,42.576,13.924,2.86,0.0,0.0,0.445,17.229
2026-05-15 14:00:00,Library Block,40.647,17.519,2.867,0.0,0.0,0.444,20.83
2026-05-15 15:00:00,Library Block,42.217,16.753,3.244,0.0,0.0,0.448,20.445
2026-05-15 16:00:00,Library Block,40.366,13.061,3.298,0.0,0.0,0.433,16.792
2026-05-15 17:00:00,Library Block,39.443,15.691,3.003,0.0,0.0,0.427,19.12
2026-05-15 18:00:00,Library Block,41.279,14.829,3.113,1.92,0.0,0.442,20.304
2026-05-15 19:00:00,Library Block,41.007,15.081,2.931,1.92,0.0,0.409,20.34
2026-05-15 20:00:00,Library Block,37.225,13.64,3.114,1.92,0.0,0.444,19.118
2026-05-15 21:00:00,Library Block,37.833,0.942,0.199,0.12,0.0,0.415,1.675
2026-05-15 22:00:00,Library Block,33.799,0.59,0.198,0.12,0.0,0.426,1.334
2026-05-15 23:00:00,Library Block,32.766,0.532,0.17,0.12,0.0,0.436,1.258
2026-05-16 00:00:00,Library Block,33.425,0.511,0.146,0.102,0.0,0.406,1.165
2026-05-16 01:00:00,Library Block,29.891,5.461,0.168,2.525,0.0,0.423,8.576
2026-05-16 02:00:00,Library Block,31.121,5.48,0.162,2.525,0.0,0.418,8.585
2026-05-16 03:00:00,Library Block,29.652,5.391,0.176,2.525,0.0,0.408,8.501
2026-05-16 04:00:00,Library Block,29.484,5.412,0.146,2.525,0.0,0.413,8.495
2026-05-16 05:00:00,Library Block,30.295,5.464,0.178,2.525,0.0,0.412,8.579
2026-05-16 06:00:00,Library Block,29.589,0.249,0.148,0.102,6.197,0.439,7.134
2026-05-16 07:00:00,Library Block,34.261,0.582,0.144,0.0,0.0,0.423,1.149
2026-05-16 08:00:00,Library Block,34.673,0.541,0.175,0.0,0.0,0.407,1.123
2026-05-16 09:00:00,Library Block,35.852,11.234,2.573,0.0,0.0,0.415,14.222
2026-05-16 10:00:00,Library Block,36.86,11.752,2.449,0.0,0.0,0.438,14.638
2026-05-16 11:00:00,Library Block,39.312,12.986,2.611,0.0,0.0,0.415,16.013
2026-05-16 12:00:00,Library Block,41.126,13.436,2.5,0.0,0.0,0.425,16.361
2026-05-16 13:00:00,Library Block,40.922,13.52,2.849,0.0,0.0,0.435,16.804
2026-05-16 14:00:00,Library Block,42.759,13.542,2.727,0.0,0.0,0.448,16.717
2026-05-16 15:00:00,Library Block,42.275,14.522,2.659,0.0,0.0,0.408,17.59
2026-05-16 16:00:00,Library Block,41.702,13.003,2.469,0.0,0.0,0.415,15.886
2026-05-16 17:00:00,Library Block,42.109,15.029,2.3,0.0,0.0,0.415,17.744
2026-05-16 18:00:00,Library Block,39.735,15.054,2.74,1.632,0.0,0.445,19.871
2026-05-16 19:00:00,Library Block,37.748,11.993,2.312,1.632,0.0,0.43,16.366
2026-05-16 20:00:00,Library Block,37.5,14.14,2.349,1.632,0.0,0.439,18.56
2026-05-16 21:00:00,Library Block,36.035,0.661,0.164,0.102,0.0,0.426,1.352
2026-05-16 22:00:00,Library Block,34.225,0.65,0.17,0.102,0.0,0.426,1.348
2026-05-16 23:00:00,Library Block,34.19,0.638,0.157,0.102,0.0,0.449,1.347
2026-05-17 00:00:00,Library Block,32.258,0.415,0.164,0.102,0.0,0.412,1.093
2026-05-17 01:00:00,Library Block,30.689,0.301,0.178,0.102,0.0,0.423,1.003
2026-05-17 02:00:00,Library Block,30.199,0.303,0.153,0.102,0.0,0.449,1.007
2026-05-17 03:00:00,Library Block,30.081,0.263,0.144,0.102,0.0,0.417,0.927
2026-05-17 04:00:00,Library Block,30.73,0.339,0.151,0.102,0.0,0.41,1.001
2026-05-17 05:00:00,Library Block,30.856,0.32,0.159,0.102,0.0,0.418,0.999
2026-05-17 06:00:00,Library Block,31.603,0.38,0.171,0.102,0.0,0.443,1.095
2026-05-17 07:00:00,Library Block,31.666,0.367,0.158,0.0,0.0,0.45,0.975
2026-05-17 08:00:00,Library Block,33.737,0.579,0.164,0.0,0.0,0.433,1.176
2026-05-17 09:00:00,Library Block,36.277,11.536,2.608,0.0,0.0,0.45,14.594
2026-05-17 10:00:00,Library Block,37.741,13.547,2.563,0.0,0.0,0.413,16.524
2026-05-17 11:00:00,Library Block,37.515,13.892,2.376,0.0,0.0,0.433,16.701
2026-05-17 12:00:00,Library Block,39.681,14.365,2.324,0.0,0.0,0.432,17.12
2026-05-17 13:00:00,Library Block,40.266,13.049,2.401,0.0,0.0,0.411,15.86
2026-05-17 14:00:00,Library Block,43.16,11.877,2.439,0.0,0.0,0.433,14.749
2026-05-17 15:00:00,Library Block,42.251,12.378,2.392,0.0,0.0,0.429,15.199
2026-05-17 16:00:00,Library Block,42.226,13.244,2.395,0.0,0.0,0.439,16.078
2026-05-17 17:00:00,Library Block,41.129,11.806,2.632,0.0,0.0,0.442,14.881
2026-05-17 18:00:00,Library Block,39.616,14.294,2.544,1.632,0.0,0.415,18.885
2026-05-17 19:00:00,Library Block,38.555,11.763,2.428,1.632,0.0,0.41,16.232
2026-05-17 20:00:00,Library Block,38.046,12.249,2.419,1.632,0.0,0.447,16.747
2026-05-17 21:00:00,Library Block,35.74,0.691,0.148,0.102,0.0,0.438,1.379
2026-05-17 22:00:00,Library Block,34.95,0.649,0.167,0.102,0.0,0.421,1.339
2026-05-17 23:00:00,Library Block,33.143,0.466,0.16,0.102,0.0,0.429,1.157
2026-05-18 00:00:00,Library Block,32.053,0.526,0.196,0.12,0.0,0.442,1.284
2026-05-18 01:00:00,Library Block,31.15,0.469,0.184,0.12,0.0,0.412,1.185
2026-05-18 02:00:00,Library Block,29.678,0.258,0.172,0.12,0.0,0.405,0.955
2026-05-18 03:00:00,Library Block,29.689,0.337,0.203,0.12,0.0,0.43,1.089
2026-05-18 04:00:00,Library Block,31.113,0.413,0.17,0.12,0.0,0.409,1.112
2026-05-18 05:00:00,Library Block,32.63,0.519,0.183,0.12,0.0,0.448,1.271
2026-05-18 06:00:00,Library Block,32.675,0.587,0.193,0.12,0.0,0.414,1.314
2026-05-18 07:00:00,Library Block,30.211,0.369,0.196,0.0,0.0,0.438,1.003
2026-05-18 08:00:00,Library Block,33.689,0.652,0.188,0.0,0.0,0.437,1.277
2026-05-18 09:00:00,Library Block,36.115,12.48,3.225,0.0,0.0,0.412,16.117
2026-05-18 10:00:00,Library Block,36.455,12.235,3.01,0.0,0.0,0.406,15.651
2026-05-18 11:00:00,Library Block,37.855,14.37,3.25,0.0,0.0,0.415,18.035
2026-05-18 12:00:00,Library Block,39.824,15.696,2.854,0.0,0.0,0.429,18.979
2026-05-18 13:00:00,Library Block,41.541,15.645,3.006,0.0,0.0,0.411,19.062
2026-05-18 14:00:00,Library Block,42.413,17.589,2.709,0.0,0.0,0.447,20.745
2026-05-18 15:00:00,Library Block,41.633,15.066,3.077,0.0,0.0,0.44,18.583
2026-05-18 16:00:00,Library Block,41.351,16.2,2.959,0.0,0.0,0.415,19.573
2026-05-18 17:00:00,Library Block,40.352,16.164,3.146,0.0,0.0,0.41,19.72
2026-05-18 18:00:00,Library Block,40.75,16.551,3.187,1.92,0.0,0.408,22.066
2026-05-18 19:00:00,Library Block,39.44,17.954,2.979,1.92,0.0,0.442,23.295
2026-05-18 20:00:00,Library Block,38.46,16.931,3.097,1.92,0.0,0.445,22.393
2026-05-18 21:00:00,Library Block,36.13,0.676,0.199,0.12,0.0,0.429,1.423
2026-05-18 22:00:00,Library Block,33.136,0.631,0.203,0.12,0.0,0.43,1.385
2026-05-18 23:00:00,Library Block,32.651,0.624,0.172,0.12,0.0,0.424,1.34
2026-05-19 00:00:00,Library Block,32.614,0.441,0.191,0.12,0.0,0.441,1.193
2026-05-19 01:00:00,Library Block,29.068,0.253,0.207,0.12,0.0,0.444,1.024
2026-05-19 02:00:00,Library Block,30.12,0.34,0.18,0.12,0.0,0.419,1.059
2026-05-19 03:00:00,Library Block,30.285,0.344,0.194,0.12,0.0,0.446,1.104
2026-05-19 04:00:00,Library Block,32.208,0.56,0.18,0.12,0.0,0.416,1.276
2026-05-19 05:00:00,Library Block,30.203,0.372,0.202,0.12,0.0,0.415,1.109
2026-05-19 06:00:00,Library Block,31.636,0.397,0.199,0.12,0.0,0.443,1.16
2026-05-19 07:00:00,Library Block,34.688,0.595,0.208,0.0,0.0,0.428,1.232
2026-05-19 08:00:00,Library Block,33.859,0.553,0.197,0.0,0.0,0.407,1.157
2026-05-19 09:00:00,Library Block,37.075,16.048,3.017,0.0,0.0,0.41,19.474
2026-05-19 10:00:00,Library Block,37.946,13.072,3.052,0.0,0.0,0.418,16.541
2026-05-19 11:00:00,Library Block,38.779,16.089,3.212,0.0,0.0,0.413,19.714
2026-05-19 12:00:00,Library Block,40.694,16.29,3.184,0.0,0.0,0.45,19.923
2026-05-19 13:00:00,Library Block,41.049,13.778,2.767,0.0,0.0,0.437,16.982
2026-05-19 14:00:00,Library Block,44.053,13.841,2.889,0.0,0.0,0.425,17.155
2026-05-19 15:00:00,Library Block,39.934,17.113,3.147,0.0,0.0,0.441,20.701
2026-05-19 16:00:00,Library Block,41.513,14.868,2.756,0.0,0.0,0.418,18.042
2026-05-19 17:00:00,Library Block,40.943,15.297,3.131,0.0,0.0,0.406,18.835
2026-05-19 18:00:00,Library Block,40.109,14.745,3.268,1.92,0.0,0.421,20.354
2026-05-19 19:00:00,Library Block,40.08,13.589,2.935,1.92,0.0,0.421,18.865
2026-05-19 20:00:00,Library Block,37.106,13.857,2.834,1.92,0.0,0.411,19.022
2026-05-19 21:00:00,Library Block,36.492,0.768,0.204,0.12,0.0,0.433,1.525
2026-05-19 22:00:00,Library Block,34.679,0.643,0.188,0.12,0.0,0.422,1.373
2026-05-19 23:00:00,Library Block,33.838,0.559,0.203,0.12,0.0,0.418,1.3
2026-05-20 00:00:00,Library Block,31.62,0.468,0.171,0.12,0.0,0.432,1.191
2026-05-20 01:00:00,Library Block,31.126,0.378,0.177,0.12,0.0,0.438,1.112
2026-05-20 02:00:00,Library Block,30.081,0.287,0.168,0.12,0.0,0.45,1.024
2026-05-20 03:00:00,Library Block,29.014,0.266,0.187,0.12,0.0,0.445,1.018
2026-05-20 04:00:00,Library Block,31.803,0.475,0.205,0.12,0.0,0.406,1.206
2026-05-20 05:00:00,Library Block,30.042,0.363,0.195,0.12,0.0,0.412,1.09
2026-05-20 06:00:00,Library Block,31.279,0.462,0.169,0.12,0.0,0.43,1.181
2026-05-20 07:00:00,Library Block,32.143,0.467,0.169,0.0,0.0,0.426,1.062
2026-05-20 08:00:00,Library Block,34.849,0.721,0.198,0.0,0.0,0.444,1.363
2026-05-20 09:00:00,Library Block,35.522,14.227,2.75,0.0,0.0,0.442,17.419
2026-05-20 10:00:00,Library Block,39.068,14.533,2.836,0.0,0.0,0.429,17.798
2026-05-20 11:00:00,Library Block,39.534,13.893,3.157,0.0,0.0,0.448,17.498
2026-05-20 12:00:00,Library Block,39.966,13.481,2.855,0.0,0.0,0.421,16.758
2026-05-20 13:00:00,Library Block,40.286,17.676,3.017,0.0,0.0,0.434,21.127
2026-05-20 14:00:00,Library Block,41.685,13.948,2.954,0.0,0.0,0.436,17.338
2026-05-20 15:00:00,Library Block,42.52,17.609,2.919,0.0,0.0,0.428,20.956
2026-05-20 16:00:00,Library Block,41.75,15.796,2.858,0.0,0.0,0.415,19.068
2026-05-20 17:00:00,Library Block,41.056,15.786,2.962,0.0,0.0,0.412,19.16
2026-05-20 18:00:00,Library Block,39.222,14.761,2.811,1.92,0.0,0.412,19.904
2026-05-20 19:00:00,Library Block,41.243,14.738,3.33,1.92,0.0,0.422,20.41
2026-05-20 20:00:00,Library Block,37.352,13.558,2.901,1.92,0.0,0.435,18.814
2026-05-20 21:00:00,Library Block,34.625,0.743,0.199,0.12,0.0,0.419,1.481
2026-05-20 22:00:00,Library Block,33.372,0.637,0.18,0.12,0.0,0.444,1.381
2026-05-20 23:00:00,Library Block,32.656,0.536,0.179,0.12,0.0,0.432,1.267
2026-05-21 00:00:00,Library Block,33.702,0.603,0.188,0.12,0.0,0.425,1.336
2026-05-21 01:00:00,Library Block,30.633,0.387,0.199,0.12,0.0,0.419,1.125
2026-05-21 02:00:00,Library Block,29.83,0.304,0.168,0.12,0.0,0.41,1.003
2026-05-21 03:00:00,Library Block,30.845,0.43,0.175,0.12,0.0,0.43,1.155
2026-05-21 04:00:00,Library Block,31.122,0.346,0.201,0.12,0.0,0.422,1.088
2026-05-21 05:00:00,Library Block,31.463,0.497,0.183,0.12,0.0,0.448,1.248
2026-05-21 06:00:00,Library Block,31.957,0.479,0.204,0.12,0.0,0.438,1.241
2026-05-21 07:00:00,Library Block,31.896,0.471,0.174,0.0,0.0,0.411,1.056
2026-05-21 08:00:00,Library Block,33.696,0.59,0.202,0.0,0.0,0.43,1.222
2026-05-21 09:00:00,Library Block,34.409,10.844,3.106,0.0,0.0,0.444,14.394
2026-05-21 10:00:00,Library Block,37.329,13.019,2.801,0.0,0.0,0.447,16.267
2026-05-21 11:00:00,Library Block,38.575,15.286,2.696,0.0,0.0,0.447,18.429
2026-05-21 12:00:00,Library Block,39.714,14.75,3.28,0.0,0.0,0.442,18.472
2026-05-21 13:00:00,Library Block,41.475,14.188,2.882,0.0,0.0,0.417,17.487
2026-05-21 14:00:00,Library Block,41.138,13.746,2.85,0.0,0.0,0.433,17.029
2026-05-21 15:00:00,Library Block,41.66,17.245,2.812,0.0,0.0,0.437,20.494
2026-05-21 16:00:00,Library Block,41.309,17.191,2.927,0.0,0.0,0.443,20.56
2026-05-21 17:00:00,Library Block,41.164,15.22,3.04,0.0,0.0,0.445,18.705
2026-05-21 18:00:00,Library Block,40.607,13.85,3.009,1.92,0.0,0.429,19.208
2026-05-21 19:00:00,Library Block,37.655,14.6,3.26,1.92,0.0,0.42,20.2
2026-05-21 20:00:00,Library Block,38.006,17.598,2.821,1.92,0.0,0.429,22.768
2026-05-21 21:00:00,Library Block,36.264,0.899,0.199,0.12,0.0,0.446,1.664
2026-05-21 22:00:00,Library Block,34.866,0.783,0.206,0.12,0.0,0.429,1.538
2026-05-21 23:00:00,Library Block,33.133,0.609,0.17,0.12,0.0,0.411,1.31
2026-05-22 00:00:00,Library Block,32.119,0.526,0.2,0.12,0.0,0.425,1.27
2026-05-22 01:00:00,Library Block,30.388,0.306,0.18,0.12,0.0,0.439,1.045
2026-05-22 02:00:00,Library Block,30.648,0.35,0.187,0.12,0.0,0.449,1.106
2026-05-22 03:00:00,Library Block,31.145,0.458,0.171,0.12,0.0,0.424,1.173
2026-05-22 04:00:00,Library Block,29.709,0.262,0.18,0.12,0.0,0.441,1.003
2026-05-22 05:00:00,Library Block,30.345,0.294,0.173,0.12,0.0,0.417,1.004
2026-05-22 06:00:00,Library Block,32.388,0.571,0.178,0.12,0.0,0.421,1.29
2026-05-22 07:00:00,Library Block,32.446,0.565,0.169,0.0,0.0,0.418,1.152
2026-05-22 08:00:00,Library Block,33.728,0.542,0.207,0.0,0.0,0.436,1.184
2026-05-22 09:00:00,Library Block,36.422,13.42,3.29,0.0,0.0,0.446,17.156
2026-05-22 10:00:00,Library Block,37.122,11.887,3.125,0.0,0.0,0.442,15.455
2026-05-22 11:00:00,Library Block,40.222,13.402,2.907,0.0,0.0,0.432,16.74
2026-05-22 12:00:00,Library Block,39.776,13.989,3.322,0.0,0.0,0.429,17.74
2026-05-22 13:00:00,Library Block,40.377,16.402,3.341,0.0,0.0,0.443,20.186
2026-05-22 14:00:00,Library Block,41.791,14.247,3.222,0.0,0.0,0.447,17.916
2026-05-22 15:00:00,Library Block,42.435,16.977,3.146,0.0,0.0,0.44,20.563
2026-05-22 16:00:00,Library Block,42.116,12.727,2.909,0.0,0.0,0.435,16.071
2026-05-22 17:00:00,Library Block,41.735,12.623,3.282,0.0,0.0,0.441,16.346
2026-05-22 18:00:00,Library Block,39.689,14.219,3.024,1.92,0.0,0.427,19.59
2026-05-22 19:00:00,Library Block,40.135,16.547,3.113,1.92,0.0,0.424,22.004
2026-05-22 20:00:00,Library Block,35.898,14.631,2.804,1.92,0.0,0.448,19.803
2026-05-22 21:00:00,Library Block,35.219,0.687,0.169,0.12,0.0,0.43,1.406
2026-05-22 22:00:00,Library Block,34.485,0.69,0.209,0.12,0.0,0.431,1.45
2026-05-22 23:00:00,Library Block,32.303,0.421,0.194,0.12,0.0,0.41,1.145
2026-05-23 00:00:00,Library Block,31.448,0.304,0.167,0.102,0.0,0.428,1.001
2026-05-23 01:00:00,Library Block,29.822,0.215,0.145,0.102,0.0,0.422,0.883
2026-05-23 02:00:00,Library Block,29.996,0.232,0.158,0.102,0.0,0.418,0.91
2026-05-23 03:00:00,Library Block,30.463,0.342,0.153,0.102,0.0,0.448,1.046
2026-05-23 04:00:00,Library Block,29.669,0.261,0.173,0.102,0.0,0.447,0.982
2026-05-23 05:00:00,Library Block,29.925,0.303,0.16,0.102,5.491,0.449,6.505
2026-05-23 06:00:00,Library Block,31.296,0.401,0.157,0.102,0.0,0.421,1.08
2026-05-23 07:00:00,Library Block,34.104,0.6,0.148,0.0,0.0,0.434,1.183
2026-05-23 08:00:00,Library Block,35.543,0.613,0.156,0.0,0.0,0.419,1.188
2026-05-23 09:00:00,Library Block,35.522,8.986,2.492,0.0,0.0,0.425,11.903
2026-05-23 10:00:00,Library Block,38.061,11.184,2.734,0.0,0.0,0.417,14.336
2026-05-23 11:00:00,Library Block,38.982,10.825,2.769,0.0,0.0,0.431,14.025
2026-05-23 12:00:00,Library Block,41.527,11.526,2.501,0.0,0.0,0.418,14.445
2026-05-23 13:00:00,Library Block,41.388,10.798,2.519,0.0,0.0,0.418,13.735
2026-05-23 14:00:00,Library Block,41.594,13.867,2.842,0.0,0.0,0.424,17.133
2026-05-23 15:00:00,Library Block,43.6,12.495,2.501,0.0,0.0,0.406,15.402
2026-05-23 16:00:00,Library Block,40.872,13.134,2.644,0.0,0.0,0.445,16.224
2026-05-23 17:00:00,Library Block,41.515,12.908,2.362,0.0,0.0,0.415,15.685
2026-05-23 18:00:00,Library Block,41.609,12.011,2.53,1.632,0.0,0.433,16.606
2026-05-23 19:00:00,Library Block,39.666,11.236,2.423,1.632,0.0,0.408,15.699
2026-05-23 20:00:00,Library Block,36.79,11.868,2.424,1.632,0.0,0.422,16.346
2026-05-23 21:00:00,Library Block,35.183,0.702,0.151,0.102,0.0,0.407,1.362
2026-05-23 22:00:00,Library Block,33.039,0.519,0.16,0.102,0.0,0.45,1.23
2026-05-23 23:00:00,Library Block,34.483,0.662,0.153,0.102,0.0,0.444,1.361
2026-05-24 00:00:00,Library Block,30.624,0.297,0.172,0.102,0.0,0.443,1.015
2026-05-24 01:00:00,Library Block,31.517,0.419,0.159,0.102,0.0,0.414,1.094
2026-05-24 02:00:00,Library Block,28.778,0.203,0.145,0.102,0.0,0.431,0.88
2026-05-24 03:00:00,Library Block,32.557,0.514,0.158,0.102,0.0,0.444,1.218
2026-05-24 04:00:00,Library Block,28.852,0.179,0.146,0.102,0.0,0.422,0.849
2026-05-24 05:00:00,Library Block,30.846,0.363,0.148,0.102,0.0,0.407,1.02
2026-05-24 06:00:00,Library Block,32.969,0.473,0.148,0.102,0.0,0.424,1.147
2026-05-24 07:00:00,Library Block,32.297,0.417,0.171,0.0,0.0,0.445,1.033
2026-05-24 08:00:00,Library Block,35.011,0.603,0.158,0.0,0.0,0.41,1.171
2026-05-24 09:00:00,Library Block,35.718,10.281,2.285,0.0,0.0,0.409,12.976
2026-05-24 10:00:00,Library Block,37.941,14.663,2.577,0.0,0.0,0.432,17.672
2026-05-24 11:00:00,Library Block,40.081,15.045,2.4,0.0,0.0,0.415,17.86
2026-05-24 12:00:00,Library Block,39.814,13.753,2.695,0.0,0.0,0.422,16.87
2026-05-24 13:00:00,Library Block,42.693,11.595,2.823,0.0,0.0,0.423,14.84
2026-05-24 14:00:00,Library Block,42.148,12.64,2.382,0.0,0.0,0.436,15.459
2026-05-24 15:00:00,Library Block,43.948,12.342,2.443,0.0,0.0,0.406,15.191
2026-05-24 16:00:00,Library Block,40.964,13.79,2.692,0.0,0.0,0.435,16.916
2026-05-24 17:00:00,Library Block,40.554,11.033,2.646,0.0,0.0,0.427,14.106
2026-05-24 18:00:00,Library Block,40.01,13.712,2.758,1.632,0.0,0.428,18.53
2026-05-24 19:00:00,Library Block,37.787,12.625,2.656,1.632,0.0,0.437,17.349
2026-05-24 20:00:00,Library Block,38.479,11.908,2.394,1.632,0.0,0.434,16.368
2026-05-24 21:00:00,Library Block,35.924,0.569,0.173,0.102,0.0,0.435,1.279
2026-05-24 22:00:00,Library Block,33.301,0.417,0.149,0.102,0.0,0.418,1.086
2026-05-24 23:00:00,Library Block,32.177,0.476,0.146,0.102,0.0,0.443,1.167
2026-05-25 00:00:00,Library Block,30.887,0.4,0.207,0.12,0.0,0.433,1.16
2026-05-25 01:00:00,Library Block,31.728,0.465,0.193,0.12,0.0,0.426,1.203
2026-05-25 02:00:00,Library Block,30.662,0.308,0.182,0.12,0.0,0.428,1.038
2026-05-25 03:00:00,Library Block,29.867,0.338,0.179,0.12,0.0,0.416,1.052
2026-05-25 04:00:00,Library Block,29.839,0.275,0.172,0.12,0.0,0.44,1.007
2026-05-25 05:00:00,Library Block,30.565,0.349,0.192,0.12,0.0,0.418,1.078
2026-05-25 06:00:00,Library Block,33.538,0.632,0.205,0.12,0.0,0.431,1.387
2026-05-25 07:00:00,Library Block,32.766,0.47,0.197,0.0,0.0,0.447,1.113
2026-05-25 08:00:00,Library Block,35.305,0.819,0.2,0.0,0.0,0.43,1.449
2026-05-25 09:00:00,Library Block,35.671,13.789,3.09,0.0,0.0,0.407,17.286
2026-05-25 10:00:00,Library Block,39.235,15.405,2.695,0.0,0.0,0.449,18.548
2026-05-25 11:00:00,Library Block,37.781,14.307,2.987,0.0,0.0,0.43,17.725
2026-05-25 12:00:00,Library Block,41.05,13.96,2.712,0.0,0.0,0.413,17.085
2026-05-25 13:00:00,Library Block,40.437,16.509,2.743,0.0,0.0,0.427,19.679
2026-05-25 14:00:00,Library Block,44.009,14.439,2.806,0.0,0.0,0.422,17.667
2026-05-25 15:00:00,Library Block,42.697,16.971,3.286,0.0,0.0,0.424,20.681
2026-05-25 16:00:00,Library Block,40.092,16.555,2.833,0.0,0.0,0.427,19.815
2026-05-25 17:00:00,Library Block,40.265,14.506,2.992,0.0,0.0,0.442,17.94
2026-05-25 18:00:00,Library Block,40.928,13.836,3.277,1.92,0.0,0.416,19.449
2026-05-25 19:00:00,Library Block,39.658,14.532,3.144,1.92,0.0,0.435,20.03
2026-05-25 20:00:00,Library Block,38.136,14.448,2.777,1.92,0.0,0.437,19.583
2026-05-25 21:00:00,Library Block,36.157,0.94,0.187,0.12,0.0,0.449,1.696
2026-05-25 22:00:00,Library Block,34.128,0.677,0.2,0.12,0.0,0.419,1.416
2026-05-25 23:00:00,Library Block,34.087,0.68,0.187,0.12,0.0,0.414,1.401
2026-05-26 00:00:00,Library Block,30.893,0.36,0.177,0.12,0.0,0.447,1.104
2026-05-26 01:00:00,Library Block,30.857,0.369,0.195,0.12,0.0,0.448,1.131
2026-05-26 02:00:00,Library Block,29.584,0.282,0.185,0.12,0.0,0.44,1.027
2026-05-26 03:00:00,Library Block,29.3,0.307,0.19,0.12,0.0,0.422,1.039
2026-05-26 04:00:00,Library Block,29.745,0.316,0.173,0.12,0.0,0.449,1.058
2026-05-26 05:00:00,Library Block,30.069,0.285,0.206,0.12,0.0,0.431,1.042
2026-05-26 06:00:00,Library Block,32.307,0.59,0.207,0.12,0.0,0.415,1.331
2026-05-26 07:00:00,Library Block,31.524,0.404,0.181,0.0,0.0,0.442,1.027
2026-05-26 08:00:00,Library Block,34.878,0.738,0.18,0.0,0.0,0.427,1.345
2026-05-26 09:00:00,Library Block,35.366,13.522,2.803,0.0,0.0,0.408,16.733
2026-05-26 10:00:00,Library Block,37.583,15.372,3.082,0.0,0.0,0.44,18.894
2026-05-26 11:00:00,Library Block,38.833,17.6,2.822,0.0,0.0,0.442,20.863
2026-05-26 12:00:00,Library Block,39.743,17.18,3.101,0.0,0.0,0.444,20.724
2026-05-26 13:00:00,Library Block,42.409,12.789,3.324,0.0,0.0,0.412,16.525
2026-05-26 14:00:00,Library Block,41.425,16.309,2.81,0.0,0.0,0.42,19.538
2026-05-26 15:00:00,Library Block,42.704,16.493,2.84,0.0,0.0,0.441,19.773
2026-05-26 16:00:00,Library Block,42.512,14.608,2.749,0.0,0.0,0.439,17.796
2026-05-26 17:00:00,Library Block,40.924,17.511,2.9,0.0,0.0,0.445,20.856
2026-05-26 18:00:00,Library Block,38.985,16.925,3.28,1.92,0.0,0.43,22.555
2026-05-26 19:00:00,Library Block,38.118,14.582,2.699,1.92,0.0,0.419,19.62
2026-05-26 20:00:00,Library Block,38.832,13.805,3.116,1.92,0.0,0.423,19.264
2026-05-26 21:00:00,Library Block,36.493,0.751,0.184,0.12,0.0,0.418,1.474
2026-05-26 22:00:00,Library Block,34.586,0.617,0.181,0.12,0.0,0.434,1.352
2026-05-26 23:00:00,Library Block,32.433,0.529,0.175,0.12,0.0,0.427,1.251
2026-05-27 00:00:00,Library Block,33.489,0.627,0.203,0.12,0.0,0.431,1.38
2026-05-27 01:00:00,Library Block,29.936,0.275,0.203,0.12,0.0,0.435,1.033
2026-05-27 02:00:00,Library Block,30.344,0.352,0.17,0.12,0.0,0.416,1.058
2026-05-27 03:00:00,Library Block,30.502,0.327,0.192,0.12,0.0,0.445,1.085
2026-05-27 04:00:00,Library Block,28.899,0.264,0.185,0.12,0.0,0.407,0.977
2026-05-27 05:00:00,Library Block,30.045,0.363,0.168,0.12,0.0,0.416,1.067
2026-05-27 06:00:00,Library Block,31.3,0.365,0.181,0.12,0.0,0.411,1.076
2026-05-27 07:00:00,Library Block,33.862,0.572,0.176,0.0,0.0,0.424,1.171
2026-05-27 08:00:00,Library Block,34.009,0.738,0.2,0.0,0.0,0.448,1.386
2026-05-27 09:00:00,Library Block,34.564,10.144,2.989,0.0,0.0,0.442,13.575
2026-05-27 10:00:00,Library Block,36.021,14.2,3.224,0.0,0.0,0.427,17.852
2026-05-27 11:00:00,Library Block,38.233,12.873,3.339,0.0,0.0,0.423,16.635
2026-05-27 12:00:00,Library Block,38.753,14.694,2.958,0.0,0.0,0.407,18.059
2026-05-27 13:00:00,Library Block,41.965,15.92,3.061,0.0,0.0,0.427,19.408
2026-05-27 14:00:00,Library Block,42.603,14.758,3.342,0.0,0.0,0.416,18.516
2026-05-27 15:00:00,Library Block,42.007,16.87,2.8,0.0,0.0,0.405,20.074
2026-05-27 16:00:00,Library Block,41.532,17.892,2.724,0.0,0.0,0.443,21.059
2026-05-27 17:00:00,Library Block,41.938,15.373,3.004,0.0,0.0,0.438,18.814
2026-05-27 18:00:00,Library Block,40.943,15.104,3.016,1.92,0.0,0.447,20.487
2026-05-27 19:00:00,Library Block,38.013,16.404,3.312,1.92,0.0,0.426,22.063
2026-05-27 20:00:00,Library Block,36.704,14.87,2.994,1.92,0.0,0.427,20.212
2026-05-27 21:00:00,Library Block,36.707,0.721,0.187,0.12,0.0,0.43,1.458
2026-05-27 22:00:00,Library Block,34.718,0.679,0.189,0.12,0.0,0.445,1.433
2026-05-27 23:00:00,Library Block,33.608,0.606,0.187,0.12,0.0,0.414,1.327
2026-05-28 00:00:00,Library Block,30.863,0.361,0.206,0.12,0.0,0.408,1.095
2026-05-28 01:00:00,Library Block,30.052,0.352,0.194,0.12,0.0,0.435,1.101
2026-05-28 02:00:00,Library Block,30.668,0.423,0.201,0.12,0.0,0.428,1.172
2026-05-28 03:00:00,Library Block,29.318,0.297,0.174,0.12,0.0,0.432,1.023
2026-05-28 04:00:00,Library Block,28.685,0.224,0.205,0.12,0.0,0.445,0.994
2026-05-28 05:00:00,Library Block,30.137,0.364,0.209,0.12,0.0,0.446,1.138
2026-05-28 06:00:00,Library Block,31.552,0.401,0.208,0.12,0.0,0.422,1.151
2026-05-28 07:00:00,Library Block,34.701,0.577,0.209,0.0,0.0,0.436,1.223
2026-05-28 08:00:00,Library Block,33.609,0.609,0.197,0.0,0.0,0.427,1.234
2026-05-28 09:00:00,Library Block,35.938,12.269,3.139,0.0,0.0,0.43,15.838
2026-05-28 10:00:00,Library Block,39.596,17.361,2.733,0.0,0.0,0.442,20.536
2026-05-28 11:00:00,Library Block,37.907,16.73,2.878,0.0,0.0,0.418,20.026
2026-05-28 12:00:00,Library Block,40.903,14.662,3.217,0.0,0.0,0.409,18.288
2026-05-28 13:00:00,Library Block,40.485,12.694,2.931,0.0,0.0,0.436,16.06
2026-05-28 14:00:00,Library Block,42.197,14.084,3.105,0.0,0.0,0.419,17.608
2026-05-28 15:00:00,Library Block,44.335,14.546,3.082,0.0,0.0,0.418,18.047
2026-05-28 16:00:00,Library Block,42.587,16.25,3.078,0.0,0.0,0.411,19.738
2026-05-28 17:00:00,Library Block,41.348,17.478,2.937,0.0,0.0,0.448,20.862
2026-05-28 18:00:00,Library Block,39.292,13.793,3.283,1.92,0.0,0.443,19.438
2026-05-28 19:00:00,Library Block,38.825,16.844,2.855,1.92,0.0,0.438,22.057
2026-05-28 20:00:00,Library Block,36.988,15.139,3.206,1.92,0.0,0.429,20.694
2026-05-28 21:00:00,Library Block,34.549,0.646,0.169,0.12,0.0,0.406,1.341
2026-05-28 22:00:00,Library Block,32.318,0.418,0.203,0.12,0.0,0.449,1.189
2026-05-28 23:00:00,Library Block,32.17,0.411,0.2,0.12,0.0,0.414,1.144
2026-05-29 00:00:00,Library Block,31.726,0.475,0.209,0.12,0.0,0.437,1.242
2026-05-29 01:00:00,Library Block,31.923,0.53,0.173,0.12,0.0,0.43,1.253
2026-05-29 02:00:00,Library Block,29.466,0.289,0.202,0.12,0.0,0.418,1.028
2026-05-29 03:00:00,Library Block,30.192,0.366,0.181,0.12,0.0,0.426,1.093
2026-05-29 04:00:00,Library Block,28.503,0.2,0.178,0.12,0.0,0.431,0.929
2026-05-29 05:00:00,Library Block,30.003,0.292,0.177,0.12,0.0,0.437,1.026
2026-05-29 06:00:00,Library Block,29.31,0.221,0.198,0.12,4.822,0.439,5.8
2026-05-29 07:00:00,Library Block,35.234,0.818,0.208,0.0,0.0,0.407,1.432
2026-05-29 08:00:00,Library Block,34.645,0.683,0.195,0.0,0.0,0.444,1.322
2026-05-29 09:00:00,Library Block,36.166,14.684,2.867,0.0,0.0,0.437,17.988
2026-05-29 10:00:00,Library Block,38.088,14.599,2.957,0.0,0.0,0.44,17.996
2026-05-29 11:00:00,Library Block,41.532,14.09,2.85,0.0,0.0,0.421,17.361
2026-05-29 12:00:00,Library Block,39.807,16.202,2.735,0.0,0.0,0.436,19.373
2026-05-29 13:00:00,Library Block,40.215,15.863,3.204,0.0,0.0,0.433,19.5
2026-05-29 14:00:00,Library Block,43.796,16.403,2.758,0.0,0.0,0.42,19.581
2026-05-29 15:00:00,Library Block,40.769,13.092,3.124,0.0,0.0,0.413,16.629
2026-05-29 16:00:00,Library Block,43.094,13.05,2.976,0.0,0.0,0.431,16.457
2026-05-29 17:00:00,Library Block,41.122,15.683,2.737,0.0,0.0,0.44,18.859
2026-05-29 18:00:00,Library Block,40.676,15.561,2.891,1.92,0.0,0.421,20.792
2026-05-29 19:00:00,Library Block,37.563,12.625,2.739,1.92,0.0,0.444,17.728
2026-05-29 20:00:00,Library Block,40.146,14.923,3.111,1.92,0.0,0.444,20.398
2026-05-29 21:00:00,Library Block,35.618,0.803,0.196,0.12,0.0,0.439,1.558
2026-05-29 22:00:00,Library Block,33.746,0.626,0.206,0.12,0.0,0.411,1.363
2026-05-29 23:00:00,Library Block,33.548,0.535,0.18,0.12,0.0,0.428,1.263
2026-05-30 00:00:00,Library Block,31.112,0.399,0.149,0.102,0.0,0.449,1.099
2026-05-30 01:00:00,Library Block,31.228,0.296,0.16,0.102,0.0,0.417,0.974
2026-05-30 02:00:00,Library Block,28.943,0.183,0.172,0.102,0.0,0.407,0.864
2026-05-30 03:00:00,Library Block,30.146,0.238,0.163,0.102,0.0,0.428,0.931
2026-05-30 04:00:00,Library Block,29.601,0.225,0.176,0.102,0.0,0.417,0.921
2026-05-30 05:00:00,Library Block,30.021,0.29,0.146,0.102,0.0,0.438,0.976
2026-05-30 06:00:00,Library Block,30.816,0.271,0.168,0.102,0.0,0.447,0.989
2026-05-30 07:00:00,Library Block,33.886,0.447,0.166,0.0,0.0,0.424,1.038
2026-05-30 08:00:00,Library Block,34.097,0.491,0.151,0.0,0.0,0.441,1.084
2026-05-30 09:00:00,Library Block,35.816,8.865,2.404,0.0,0.0,0.437,11.706
2026-05-30 10:00:00,Library Block,37.98,12.48,2.503,0.0,0.0,0.435,15.418
2026-05-30 11:00:00,Library Block,40.14,11.766,2.469,0.0,0.0,0.406,14.642
2026-05-30 12:00:00,Library Block,39.319,12.189,2.476,0.0,0.0,0.438,15.102
2026-05-30 13:00:00,Library Block,41.417,14.553,2.697,0.0,0.0,0.44,17.69
2026-05-30 14:00:00,Library Block,40.886,12.694,2.336,0.0,0.0,0.408,15.439
2026-05-30 15:00:00,Library Block,41.791,10.779,2.712,0.0,0.0,0.446,13.937
2026-05-30 16:00:00,Library Block,42.861,13.22,2.57,0.0,0.0,0.426,16.216
2026-05-30 17:00:00,Library Block,38.85,11.212,2.384,0.0,0.0,0.44,14.036
2026-05-30 18:00:00,Library Block,39.32,10.982,2.667,1.632,0.0,0.436,15.718
2026-05-30 19:00:00,Library Block,38.769,12.212,2.498,1.632,0.0,0.441,16.784
2026-05-30 20:00:00,Library Block,37.934,11.893,2.361,1.632,0.0,0.406,16.291
2026-05-30 21:00:00,Library Block,37.22,0.656,0.164,0.102,0.0,0.434,1.356
2026-05-30 22:00:00,Library Block,32.75,0.425,0.154,0.102,0.0,0.419,1.1
2026-05-30 23:00:00,Library Block,34.415,0.567,0.153,0.102,0.0,0.422,1.244
2026-05-31 00:00:00,Library Block,32.278,0.388,0.16,0.102,0.0,0.411,1.061
2026-05-31 01:00:00,Library Block,30.563,0.258,0.161,0.102,0.0,0.431,0.952
2026-05-31 02:00:00,Library Block,28.735,0.211,0.168,0.102,0.0,0.437,0.918
2026-05-31 03:00:00,Library Block,29.428,0.245,0.16,0.102,0.0,0.416,0.923
2026-05-31 04:00:00,Library Block,31.23,0.38,0.162,0.102,0.0,0.412,1.056
2026-05-31 05:00:00,Library Block,30.83,0.317,0.163,0.102,0.0,0.448,1.03
2026-05-31 06:00:00,Library Block,31.577,0.388,0.176,0.102,0.0,0.416,1.081
2026-05-31 07:00:00,Library Block,32.029,0.438,0.146,0.0,0.0,0.42,1.004
2026-05-31 08:00:00,Library Block,35.182,0.59,0.166,0.0,0.0,0.445,1.202
2026-05-31 09:00:00,Library Block,35.85,11.923,2.306,0.0,0.0,0.424,14.653
2026-05-31 10:00:00,Library Block,37.316,13.443,2.433,0.0,0.0,0.42,16.296
2026-05-31 11:00:00,Library Block,38.905,12.028,2.737,0.0,0.0,0.408,15.172
2026-05-31 12:00:00,Library Block,39.597,12.238,2.491,0.0,0.0,0.44,15.169
2026-05-31 13:00:00,Library Block,40.381,11.554,2.3,0.0,0.0,0.438,14.292
2026-05-31 14:00:00,Library Block,40.276,13.017,2.578,0.0,0.0,0.417,16.012
2026-05-31 15:00:00,Library Block,41.381,14.434,2.535,0.0,0.0,0.432,17.401
2026-05-31 16:00:00,Library Block,39.995,13.299,2.814,0.0,0.0,0.408,16.521
2026-05-31 17:00:00,Library Block,41.682,12.338,2.823,0.0,0.0,0.415,15.576
2026-05-31 18:00:00,Library Block,39.575,12.593,2.444,1.632,0.0,0.441,17.111
2026-05-31 19:00:00,Library Block,38.608,13.889,2.753,1.632,0.0,0.448,18.722
2026-05-31 20:00:00,Library Block,37.516,12.543,2.579,1.632,0.0,0.44,17.194
2026-05-31 21:00:00,Library Block,35.198,0.635,0.162,0.102,0.0,0.437,1.336
2026-05-31 22:00:00,Library Block,33.272,0.512,0.147,0.102,0.0,0.435,1.196
2026-05-31 23:00:00,Library Block,33.222,0.53,0.173,0.102,0.0,0.408,1.213
2026-06-01 00:00:00,Library Block,36.646,0.886,0.193,0.12,0.0,0.43,1.629
2026-06-01 01:00:00,Library Block,34.714,7.713,0.208,4.072,0.0,0.435,12.428
2026-06-01 02:00:00,Library Block,34.484,7.689,0.201,4.072,0.0,0.439,12.401
2026-06-01 03:00:00,Library Block,31.702,7.496,0.188,4.072,0.0,0.437,12.192
2026-06-01 04:00:00,Library Block,33.013,7.578,0.204,4.072,0.0,0.42,12.274
2026-06-01 05:00:00,Library Block,33.606,7.589,0.181,4.072,0.0,0.431,12.274
2026-06-01 06:00:00,Library Block,36.186,0.926,0.204,0.12,0.0,0.441,1.691
2026-06-01 07:00:00,Library Block,36.917,0.993,0.173,0.0,0.0,0.427,1.593
2026-06-01 08:00:00,Library Block,37.283,0.852,0.182,0.0,0.0,0.424,1.458
2026-06-01 09:00:00,Library Block,36.712,15.129,3.271,0.0,0.0,0.409,18.809
2026-06-01 10:00:00,Library Block,39.394,17.905,2.704,0.0,0.0,0.43,21.039
2026-06-01 11:00:00,Library Block,42.633,13.717,3.272,0.0,0.0,0.437,17.426
2026-06-01 12:00:00,Library Block,42.922,14.744,2.715,0.0,0.0,0.421,17.879
2026-06-01 13:00:00,Library Block,44.086,14.843,3.131,0.0,0.0,0.439,18.413
2026-06-01 14:00:00,Library Block,45.409,15.897,3.117,0.0,0.0,0.45,19.464
2026-06-01 15:00:00,Library Block,46.132,17.798,2.727,0.0,0.0,0.414,20.939
2026-06-01 16:00:00,Library Block,44.017,14.25,3.251,0.0,0.0,0.433,17.935
2026-06-01 17:00:00,Library Block,44.788,16.67,2.746,0.0,0.0,0.42,19.836
2026-06-01 18:00:00,Library Block,44.854,16.804,3.26,1.92,0.0,0.416,22.4
2026-06-01 19:00:00,Library Block,43.428,16.359,3.349,1.92,0.0,0.43,22.058
2026-06-01 20:00:00,Library Block,40.022,15.777,3.14,1.92,0.0,0.422,21.259
2026-06-01 21:00:00,Library Block,39.295,0.98,0.207,0.12,0.0,0.433,1.74
2026-06-01 22:00:00,Library Block,38.198,0.883,0.194,0.12,0.0,0.435,1.632
2026-06-01 23:00:00,Library Block,36.02,0.696,0.209,0.12,0.0,0.424,1.449
2026-06-02 00:00:00,Library Block,34.508,0.638,0.201,0.12,0.0,0.406,1.365
2026-06-02 01:00:00,Library Block,32.073,0.438,0.197,0.12,0.0,0.446,1.2
2026-06-02 02:00:00,Library Block,32.339,0.532,0.21,0.12,0.0,0.448,1.31
2026-06-02 03:00:00,Library Block,32.305,0.565,0.188,0.12,0.0,0.417,1.291
2026-06-02 04:00:00,Library Block,31.943,0.417,0.188,0.12,0.0,0.444,1.169
2026-06-02 05:00:00,Library Block,33.913,0.666,0.204,0.12,0.0,0.446,1.436
2026-06-02 06:00:00,Library Block,35.624,0.665,0.196,0.12,0.0,0.415,1.396
2026-06-02 07:00:00,Library Block,35.581,0.731,0.174,0.0,0.0,0.427,1.332
2026-06-02 08:00:00,Library Block,35.243,0.652,0.181,0.0,0.0,0.409,1.241
2026-06-02 09:00:00,Library Block,38.882,14.218,3.081,0.0,0.0,0.425,17.723
2026-06-02 10:00:00,Library Block,40.827,17.236,2.699,0.0,0.0,0.419,20.354
2026-06-02 11:00:00,Library Block,42.206,14.867,3.031,0.0,0.0,0.412,18.31
2026-06-02 12:00:00,Library Block,42.521,13.186,2.845,0.0,0.0,0.43,16.462
2026-06-02 13:00:00,Library Block,42.991,13.674,2.847,0.0,0.0,0.411,16.932
2026-06-02 14:00:00,Library Block,45.682,17.156,3.29,0.0,0.0,0.421,20.866
2026-06-02 15:00:00,Library Block,45.352,14.815,2.878,0.0,0.0,0.444,18.136
2026-06-02 16:00:00,Library Block,44.114,17.654,3.292,0.0,0.0,0.436,21.381
2026-06-02 17:00:00,Library Block,42.695,15.631,3.047,0.0,0.0,0.441,19.119
2026-06-02 18:00:00,Library Block,43.465,15.338,3.312,1.92,0.0,0.415,20.985
2026-06-02 19:00:00,Library Block,41.102,15.063,3.178,1.92,0.0,0.43,20.592
2026-06-02 20:00:00,Library Block,40.936,16.777,2.966,1.92,0.0,0.418,22.081
2026-06-02 21:00:00,Library Block,39.158,1.07,0.169,0.12,0.0,0.425,1.784
2026-06-02 22:00:00,Library Block,39.524,0.83,0.205,0.12,0.0,0.432,1.588
2026-06-02 23:00:00,Library Block,35.922,0.765,0.198,0.12,0.0,0.422,1.505
2026-06-03 00:00:00,Library Block,36.758,0.792,0.174,0.12,0.0,0.429,1.514
2026-06-03 01:00:00,Library Block,33.886,0.717,0.207,0.12,0.0,0.431,1.476
2026-06-03 02:00:00,Library Block,32.538,0.564,0.189,0.12,0.0,0.411,1.283
2026-06-03 03:00:00,Library Block,31.945,0.439,0.169,0.12,0.0,0.406,1.134
2026-06-03 04:00:00,Library Block,32.327,0.488,0.18,0.12,0.0,0.409,1.197
2026-06-03 05:00:00,Library Block,34.233,0.637,0.204,0.12,0.0,0.445,1.406
2026-06-03 06:00:00,Library Block,34.887,0.816,0.186,0.12,0.0,0.449,1.571
2026-06-03 07:00:00,Library Block,34.161,0.644,0.202,0.0,0.0,0.412,1.258
2026-06-03 08:00:00,Library Block,38.467,0.794,0.185,0.0,0.0,0.421,1.4
2026-06-03 09:00:00,Library Block,40.477,16.542,2.778,0.0,0.0,0.42,19.74
2026-06-03 10:00:00,Library Block,38.704,13.121,2.819,0.0,0.0,0.432,16.372
2026-06-03 11:00:00,Library Block,43.012,16.006,3.28,0.0,0.0,0.419,19.705
2026-06-03 12:00:00,Library Block,44.926,15.373,2.81,0.0,0.0,0.448,18.631
2026-06-03 13:00:00,Library Block,42.4,16.719,3.317,0.0,0.0,0.413,20.448
2026-06-03 14:00:00,Library Block,44.328,15.571,2.882,0.0,0.0,0.427,18.879
2026-06-03 15:00:00,Library Block,44.15,13.546,3.341,0.0,0.0,0.415,17.302
2026-06-03 16:00:00,Library Block,45.769,17.427,2.753,0.0,0.0,0.423,20.604
2026-06-03 17:00:00,Library Block,43.781,17.478,3.057,0.0,0.0,0.414,20.949
2026-06-03 18:00:00,Library Block,42.788,14.872,2.712,1.92,0.0,0.409,19.913
2026-06-03 19:00:00,Library Block,42.421,15.891,2.86,1.92,0.0,0.446,21.117
2026-06-03 20:00:00,Library Block,42.113,15.583,3.263,1.92,0.0,0.431,21.197
2026-06-03 21:00:00,Library Block,38.938,0.968,0.176,0.12,0.0,0.435,1.699
2026-06-03 22:00:00,Library Block,36.976,0.748,0.205,0.12,0.0,0.423,1.497
2026-06-03 23:00:00,Library Block,35.716,0.773,0.193,0.12,0.0,0.412,1.497
2026-06-04 00:00:00,Library Block,35.416,0.678,0.199,0.12,0.0,0.449,1.445
2026-06-04 01:00:00,Library Block,32.472,0.57,0.183,0.12,0.0,0.42,1.293
2026-06-04 02:00:00,Library Block,33.188,0.643,0.209,0.12,0.0,0.438,1.411
2026-06-04 03:00:00,Library Block,32.062,0.401,0.203,0.12,0.0,0.446,1.169
2026-06-04 04:00:00,Library Block,32.001,0.518,0.206,0.12,0.0,0.43,1.275
2026-06-04 05:00:00,Library Block,31.859,0.403,0.174,0.12,0.0,0.423,1.121
2026-06-04 06:00:00,Library Block,34.242,0.543,0.179,0.12,0.0,0.417,1.259
2026-06-04 07:00:00,Library Block,37.079,0.731,0.203,0.0,0.0,0.407,1.342
2026-06-04 08:00:00,Library Block,35.464,0.745,0.196,0.0,0.0,0.408,1.349
2026-06-04 09:00:00,Library Block,39.543,16.996,2.947,0.0,0.0,0.435,20.378
2026-06-04 10:00:00,Library Block,39.904,14.282,3.0,0.0,0.0,0.446,17.728
2026-06-04 11:00:00,Library Block,40.937,17.593,2.983,0.0,0.0,0.439,21.015
2026-06-04 12:00:00,Library Block,43.587,14.874,3.063,0.0,0.0,0.419,18.356
2026-06-04 13:00:00,Library Block,45.507,13.619,3.017,0.0,0.0,0.41,17.045
2026-06-04 14:00:00,Library Block,46.294,15.079,2.994,0.0,0.0,0.414,18.487
2026-06-04 15:00:00,Library Block,45.284,15.986,2.908,0.0,0.0,0.444,19.337
2026-06-04 16:00:00,Library Block,44.725,15.331,2.99,0.0,0.0,0.416,18.737
2026-06-04 17:00:00,Library Block,44.588,14.98,2.807,0.0,0.0,0.429,18.216
2026-06-04 18:00:00,Library Block,45.72,13.618,2.816,1.92,0.0,0.45,18.804
2026-06-04 19:00:00,Library Block,41.707,16.376,3.151,1.92,0.0,0.45,21.897
2026-06-04 20:00:00,Library Block,41.688,14.492,3.336,1.92,0.0,0.415,20.163
2026-06-04 21:00:00,Library Block,38.408,1.115,0.177,0.12,0.0,0.448,1.86
2026-06-04 22:00:00,Library Block,36.616,0.816,0.206,0.12,0.0,0.419,1.562
2026-06-04 23:00:00,Library Block,37.769,0.846,0.194,0.12,0.0,0.442,1.602
2026-06-05 00:00:00,Library Block,34.76,0.787,0.208,0.12,0.0,0.416,1.53
2026-06-05 01:00:00,Library Block,34.028,0.574,0.185,0.12,0.0,0.407,1.285
2026-06-05 02:00:00,Library Block,33.751,0.545,0.197,0.12,0.0,0.441,1.303
2026-06-05 03:00:00,Library Block,32.107,0.524,0.191,0.12,0.0,0.426,1.261
2026-06-05 04:00:00,Library Block,32.766,0.501,0.209,0.12,0.0,0.449,1.279
2026-06-05 05:00:00,Library Block,33.162,0.554,0.171,0.12,0.0,0.421,1.266
2026-06-05 06:00:00,Library Block,35.09,0.712,0.17,0.12,0.0,0.421,1.424
2026-06-05 07:00:00,Library Block,36.367,0.909,0.204,0.0,0.0,0.43,1.544
2026-06-05 08:00:00,Library Block,36.847,0.887,0.17,0.0,0.0,0.441,1.498
2026-06-05 09:00:00,Library Block,41.028,16.603,3.298,0.0,0.0,0.406,20.307
2026-06-05 10:00:00,Library Block,40.526,17.932,2.751,0.0,0.0,0.434,21.117
2026-06-05 11:00:00,Library Block,42.103,16.439,2.764,0.0,0.0,0.416,19.619
2026-06-05 12:00:00,Library Block,44.586,14.106,2.91,0.0,0.0,0.415,17.431
2026-06-05 13:00:00,Library Block,43.321,16.742,3.176,0.0,0.0,0.409,20.327
2026-06-05 14:00:00,Library Block,44.275,17.19,3.076,0.0,0.0,0.405,20.671
2026-06-05 15:00:00,Library Block,45.286,14.926,3.299,0.0,0.0,0.419,18.644
2026-06-05 16:00:00,Library Block,43.32,16.161,3.111,0.0,0.0,0.434,19.707
2026-06-05 17:00:00,Library Block,43.959,15.248,3.088,0.0,0.0,0.424,18.761
2026-06-05 18:00:00,Library Block,45.294,13.289,3.071,1.92,0.0,0.41,18.69
2026-06-05 19:00:00,Library Block,43.829,16.536,2.961,1.92,0.0,0.427,21.844
2026-06-05 20:00:00,Library Block,41.45,14.996,3.118,1.92,0.0,0.442,20.475
2026-06-05 21:00:00,Library Block,40.183,0.904,0.209,0.12,0.0,0.443,1.676
2026-06-05 22:00:00,Library Block,37.94,0.941,0.209,0.12,0.0,0.431,1.701
2026-06-05 23:00:00,Library Block,35.568,0.785,0.173,0.12,0.0,0.43,1.507
2026-06-06 00:00:00,Library Block,36.401,0.768,0.159,0.102,0.0,0.421,1.451
2026-06-06 01:00:00,Library Block,32.855,4.926,0.164,2.185,0.0,0.427,7.702
2026-06-06 02:00:00,Library Block,34.173,4.984,0.168,2.185,0.0,0.44,7.777
2026-06-06 03:00:00,Library Block,32.491,4.911,0.154,2.185,0.0,0.424,7.674
2026-06-06 04:00:00,Library Block,32.755,4.797,0.178,2.185,0.0,0.443,7.602
2026-06-06 05:00:00,Library Block,34.343,4.891,0.158,2.185,0.0,0.433,7.666
2026-06-06 06:00:00,Library Block,36.791,0.806,0.153,0.102,0.0,0.423,1.484
2026-06-06 07:00:00,Library Block,37.429,0.811,0.171,0.0,0.0,0.447,1.428
2026-06-06 08:00:00,Library Block,37.786,0.9,0.164,0.0,0.0,0.445,1.509
2026-06-06 09:00:00,Library Block,39.063,13.826,2.801,0.0,0.0,0.423,17.051
2026-06-06 10:00:00,Library Block,41.334,10.768,2.346,0.0,0.0,0.438,13.552
2026-06-06 11:00:00,Library Block,43.365,13.798,2.316,0.0,0.0,0.447,16.561
2026-06-06 12:00:00,Library Block,41.482,11.681,2.824,0.0,0.0,0.431,14.937
2026-06-06 13:00:00,Library Block,44.069,12.761,2.54,0.0,0.0,0.447,15.748
2026-06-06 14:00:00,Library Block,43.743,13.884,2.408,0.0,0.0,0.409,16.701
2026-06-06 15:00:00,Library Block,44.781,13.722,2.709,0.0,0.0,0.447,16.879
2026-06-06 16:00:00,Library Block,43.538,12.466,2.855,0.0,0.0,0.436,15.756
2026-06-06 17:00:00,Library Block,42.39,13.983,2.855,0.0,0.0,0.412,17.25
2026-06-06 18:00:00,Library Block,41.923,15.044,2.835,1.632,0.0,0.41,19.921
2026-06-06 19:00:00,Library Block,41.446,11.769,2.374,1.632,0.0,0.438,16.213
2026-06-06 20:00:00,Library Block,41.139,11.258,2.771,1.632,0.0,0.416,16.077
2026-06-06 21:00:00,Library Block,38.186,0.708,0.147,0.102,0.0,0.407,1.364
2026-06-06 22:00:00,Library Block,36.581,0.706,0.156,0.102,0.0,0.414,1.378
2026-06-06 23:00:00,Library Block,36.396,0.654,0.149,0.102,0.0,0.41,1.315
2026-06-07 00:00:00,Library Block,35.044,0.606,0.156,0.102,0.0,0.413,1.276
2026-06-07 01:00:00,Library Block,35.506,0.549,0.152,0.102,0.0,0.429,1.232
2026-06-07 02:00:00,Library Block,34.139,0.502,0.175,0.102,0.0,0.429,1.208
2026-06-07 03:00:00,Library Block,31.974,0.383,0.178,0.102,0.0,0.425,1.088
2026-06-07 04:00:00,Library Block,32.534,0.51,0.149,0.102,0.0,0.439,1.2
2026-06-07 05:00:00,Library Block,34.55,0.538,0.147,0.102,0.0,0.406,1.193
2026-06-07 06:00:00,Library Block,33.871,0.448,0.149,0.102,0.0,0.445,1.144
2026-06-07 07:00:00,Library Block,35.676,0.612,0.163,0.0,0.0,0.45,1.224
2026-06-07 08:00:00,Library Block,35.737,0.761,0.174,0.0,0.0,0.448,1.383
2026-06-07 09:00:00,Library Block,37.693,12.347,2.711,0.0,0.0,0.417,15.475
2026-06-07 10:00:00,Library Block,41.812,14.467,2.526,0.0,0.0,0.445,17.438
2026-06-07 11:00:00,Library Block,42.167,11.937,2.833,0.0,0.0,0.438,15.208
2026-06-07 12:00:00,Library Block,42.614,11.333,2.592,0.0,0.0,0.427,14.352
2026-06-07 13:00:00,Library Block,43.708,12.99,2.733,0.0,0.0,0.449,16.172
2026-06-07 14:00:00,Library Block,46.511,13.931,2.57,0.0,0.0,0.415,16.917
2026-06-07 15:00:00,Library Block,44.343,14.589,2.665,0.0,0.0,0.431,17.686
2026-06-07 16:00:00,Library Block,45.269,11.816,2.5,0.0,0.0,0.415,14.731
2026-06-07 17:00:00,Library Block,45.068,15.239,2.315,0.0,0.0,0.417,17.97
2026-06-07 18:00:00,Library Block,44.688,12.956,2.635,1.632,0.0,0.442,17.665
2026-06-07 19:00:00,Library Block,41.149,13.015,2.45,1.632,0.0,0.434,17.531
2026-06-07 20:00:00,Library Block,39.153,14.651,2.599,1.632,0.0,0.437,19.319
2026-06-07 21:00:00,Library Block,37.896,0.779,0.166,0.102,0.0,0.421,1.469
2026-06-07 22:00:00,Library Block,38.178,0.887,0.159,0.102,0.0,0.447,1.594
2026-06-07 23:00:00,Library Block,37.992,0.832,0.148,0.102,0.0,0.426,1.508
2026-06-08 00:00:00,Library Block,35.523,0.661,0.202,0.12,0.0,0.42,1.403
2026-06-08 01:00:00,Library Block,33.144,0.475,0.175,0.12,0.0,0.413,1.184
2026-06-08 02:00:00,Library Block,34.392,0.771,0.173,0.12,0.0,0.417,1.482
2026-06-08 03:00:00,Library Block,32.531,0.588,0.181,0.12,0.0,0.44,1.33
2026-06-08 04:00:00,Library Block,32.373,0.594,0.17,0.12,0.0,0.42,1.305
2026-06-08 05:00:00,Library Block,33.472,0.632,0.183,0.12,0.0,0.419,1.354
2026-06-08 06:00:00,Library Block,34.176,0.685,0.2,0.12,0.0,0.422,1.427
2026-06-08 07:00:00,Library Block,35.298,0.665,0.201,0.0,0.0,0.42,1.286
2026-06-08 08:00:00,Library Block,38.669,1.004,0.187,0.0,0.0,0.429,1.62
2026-06-08 09:00:00,Library Block,38.484,15.237,2.811,0.0,0.0,0.449,18.498
2026-06-08 10:00:00,Library Block,38.966,14.638,3.342,0.0,0.0,0.448,18.428
2026-06-08 11:00:00,Library Block,42.586,16.285,3.242,0.0,0.0,0.447,19.974
2026-06-08 12:00:00,Library Block,42.288,13.059,2.692,0.0,0.0,0.432,16.183
2026-06-08 13:00:00,Library Block,43.274,15.321,3.096,0.0,0.0,0.449,18.866
2026-06-08 14:00:00,Library Block,45.497,16.694,3.323,0.0,0.0,0.421,20.438
2026-06-08 15:00:00,Library Block,44.275,17.082,3.312,0.0,0.0,0.414,20.808
2026-06-08 16:00:00,Library Block,44.343,15.246,2.956,0.0,0.0,0.446,18.648
2026-06-08 17:00:00,Library Block,44.238,14.504,3.099,0.0,0.0,0.442,18.045
2026-06-08 18:00:00,Library Block,42.956,15.691,3.102,1.92,0.0,0.423,21.135
2026-06-08 19:00:00,Library Block,41.571,13.293,3.179,1.92,0.0,0.416,18.807
2026-06-08 20:00:00,Library Block,38.21,13.094,3.321,1.92,0.0,0.422,18.756
2026-06-08 21:00:00,Library Block,38.827,1.064,0.188,0.12,0.0,0.424,1.796
2026-06-08 22:00:00,Library Block,39.061,0.83,0.171,0.12,0.0,0.443,1.563
2026-06-08 23:00:00,Library Block,36.63,0.822,0.198,0.12,0.0,0.423,1.563
2026-06-09 00:00:00,Library Block,34.382,0.647,0.208,0.12,0.0,0.427,1.402
2026-06-09 01:00:00,Library Block,34.274,0.772,0.205,0.12,0.0,0.413,1.51
2026-06-09 02:00:00,Library Block,33.832,0.669,0.169,0.12,0.0,0.438,1.396
2026-06-09 03:00:00,Library Block,32.158,0.537,0.205,0.12,0.0,0.433,1.295
2026-06-09 04:00:00,Library Block,34.462,0.715,0.174,0.12,0.0,0.412,1.421
2026-06-09 05:00:00,Library Block,33.967,0.584,0.209,0.12,0.0,0.418,1.331
2026-06-09 06:00:00,Library Block,34.445,0.64,0.199,0.12,0.0,0.419,1.378
2026-06-09 07:00:00,Library Block,37.59,0.82,0.173,0.0,0.0,0.433,1.426
2026-06-09 08:00:00,Library Block,35.379,0.758,0.172,0.0,0.0,0.406,1.337
2026-06-09 09:00:00,Library Block,37.824,12.83,2.875,0.0,0.0,0.431,16.136
2026-06-09 10:00:00,Library Block,41.195,17.481,2.842,0.0,0.0,0.417,20.74
2026-06-09 11:00:00,Library Block,42.674,13.661,2.691,0.0,0.0,0.446,16.797
2026-06-09 12:00:00,Library Block,44.889,13.753,3.286,0.0,0.0,0.442,17.481
2026-06-09 13:00:00,Library Block,41.94,15.217,2.773,0.0,0.0,0.43,18.42
2026-06-09 14:00:00,Library Block,45.654,14.327,3.353,0.0,0.0,0.418,18.098
2026-06-09 15:00:00,Library Block,43.755,13.499,2.865,0.0,0.0,0.417,16.782
2026-06-09 16:00:00,Library Block,45.214,17.923,3.074,0.0,0.0,0.408,21.404
2026-06-09 17:00:00,Library Block,44.131,14.11,3.157,0.0,0.0,0.422,17.69
2026-06-09 18:00:00,Library Block,44.093,16.593,2.89,1.92,0.0,0.412,21.815
2026-06-09 19:00:00,Library Block,41.765,16.521,2.994,1.92,0.0,0.433,21.869
2026-06-09 20:00:00,Library Block,41.564,13.921,3.207,1.92,0.0,0.444,19.492
2026-06-09 21:00:00,Library Block,38.172,0.881,0.171,0.12,0.0,0.408,1.58
2026-06-09 22:00:00,Library Block,37.366,0.917,0.183,0.12,0.0,0.445,1.665
2026-06-09 23:00:00,Library Block,36.193,0.916,0.201,0.12,0.0,0.423,1.66
2026-06-10 00:00:00,Library Block,36.434,0.902,0.182,0.12,0.0,0.406,1.61
2026-06-10 01:00:00,Library Block,34.637,0.64,0.17,0.12,0.0,0.409,1.34
2026-06-10 02:00:00,Library Block,33.409,0.495,0.176,0.12,0.0,0.405,1.196
2026-06-10 03:00:00,Library Block,33.64,0.632,0.196,0.12,0.0,0.432,1.38
2026-06-10 04:00:00,Library Block,34.291,0.655,0.209,0.12,0.0,0.417,1.401
2026-06-10 05:00:00,Library Block,34.178,0.616,0.178,0.12,0.0,0.426,1.339
2026-06-10 06:00:00,Library Block,33.732,0.648,0.19,0.12,0.0,0.438,1.395
2026-06-10 07:00:00,Library Block,36.628,0.982,0.178,0.0,0.0,0.424,1.584
2026-06-10 08:00:00,Library Block,37.419,1.04,0.207,0.0,0.0,0.414,1.66
2026-06-10 09:00:00,Library Block,38.647,16.195,3.293,0.0,0.0,0.443,19.93
2026-06-10 10:00:00,Library Block,39.768,17.78,2.951,0.0,0.0,0.414,21.145
2026-06-10 11:00:00,Library Block,42.579,14.736,2.713,0.0,0.0,0.438,17.887
2026-06-10 12:00:00,Library Block,43.755,13.146,3.096,0.0,0.0,0.436,16.678
2026-06-10 13:00:00,Library Block,43.241,15.042,3.11,0.0,0.0,0.441,18.593
2026-06-10 14:00:00,Library Block,43.689,16.166,3.103,0.0,0.0,0.425,19.694
2026-06-10 15:00:00,Library Block,46.892,16.928,2.887,0.0,0.0,0.447,20.261
2026-06-10 16:00:00,Library Block,45.656,17.665,2.704,0.0,0.0,0.41,20.78
2026-06-10 17:00:00,Library Block,44.283,15.393,2.71,0.0,0.0,0.429,18.531
2026-06-10 18:00:00,Library Block,43.849,14.615,3.211,1.92,0.0,0.437,20.183
2026-06-10 19:00:00,Library Block,41.532,14.121,3.045,1.92,0.0,0.444,19.53
2026-06-10 20:00:00,Library Block,40.381,15.877,2.87,1.92,0.0,0.434,21.101
2026-06-10 21:00:00,Library Block,39.021,1.021,0.206,0.12,0.0,0.435,1.782
2026-06-10 22:00:00,Library Block,38.411,1.001,0.205,0.12,0.0,0.448,1.774
2026-06-10 23:00:00,Library Block,34.587,0.611,0.202,0.12,0.0,0.424,1.356
2026-06-11 00:00:00,Library Block,33.737,0.605,0.194,0.12,0.0,0.429,1.348
2026-06-11 01:00:00,Library Block,32.579,0.445,0.194,0.12,0.0,0.435,1.195
2026-06-11 02:00:00,Library Block,34.058,0.647,0.19,0.12,0.0,0.417,1.374
2026-06-11 03:00:00,Library Block,32.899,0.494,0.176,0.12,0.0,0.422,1.212
2026-06-11 04:00:00,Library Block,32.288,0.57,0.199,0.12,0.0,0.436,1.324
2026-06-11 05:00:00,Library Block,33.582,0.67,0.19,0.12,0.0,0.423,1.403
2026-06-11 06:00:00,Library Block,34.126,0.7,0.191,0.12,0.0,0.446,1.457
2026-06-11 07:00:00,Library Block,34.565,0.589,0.197,0.0,0.0,0.431,1.217
2026-06-11 08:00:00,Library Block,38.707,0.938,0.184,0.0,0.0,0.436,1.558
2026-06-11 09:00:00,Library Block,38.851,13.573,3.161,0.0,0.0,0.412,17.147
2026-06-11 10:00:00,Library Block,41.836,12.836,2.855,0.0,0.0,0.449,16.14
2026-06-11 11:00:00,Library Block,40.551,14.773,3.27,0.0,0.0,0.45,18.493
2026-06-11 12:00:00,Library Block,43.747,14.294,3.351,0.0,0.0,0.435,18.08
2026-06-11 13:00:00,Library Block,42.754,17.558,3.086,0.0,0.0,0.414,21.059
2026-06-11 14:00:00,Library Block,47.241,17.601,2.944,0.0,0.0,0.429,20.975
2026-06-11 15:00:00,Library Block,43.271,17.648,2.882,0.0,0.0,0.409,20.939
2026-06-11 16:00:00,Library Block,46.592,12.677,3.288,0.0,0.0,0.407,16.373
2026-06-11 17:00:00,Library Block,44.176,15.402,2.908,0.0,0.0,0.419,18.728
2026-06-11 18:00:00,Library Block,43.06,12.698,3.235,1.92,0.0,0.415,18.269
2026-06-11 19:00:00,Library Block,42.589,15.864,2.963,1.92,0.0,0.448,21.195
2026-06-11 20:00:00,Library Block,39.615,15.345,3.279,1.92,0.0,0.439,20.983
2026-06-11 21:00:00,Library Block,39.785,0.933,0.186,0.12,0.0,0.437,1.676
2026-06-11 22:00:00,Library Block,38.305,0.805,0.192,0.12,0.0,0.439,1.557
2026-06-11 23:00:00,Library Block,36.012,0.687,0.173,0.12,0.0,0.421,1.401
2026-06-12 00:00:00,Library Block,35.007,0.67,0.209,0.12,0.0,0.45,1.449
2026-06-12 01:00:00,Library Block,35.733,0.705,0.192,0.12,0.0,0.431,1.448
2026-06-12 02:00:00,Library Block,33.856,0.555,0.194,0.12,0.0,0.414,1.283
2026-06-12 03:00:00,Library Block,32.218,0.557,0.173,0.12,0.0,0.435,1.285
2026-06-12 04:00:00,Library Block,33.955,0.528,0.197,0.12,0.0,0.43,1.275
2026-06-12 05:00:00,Library Block,33.266,0.521,0.186,0.12,0.0,0.432,1.26
2026-06-12 06:00:00,Library Block,34.026,0.734,0.186,0.12,0.0,0.417,1.456
2026-06-12 07:00:00,Library Block,36.513,0.948,0.188,0.0,0.0,0.431,1.567
2026-06-12 08:00:00,Library Block,36.438,0.789,0.191,0.0,0.0,0.408,1.388
2026-06-12 09:00:00,Library Block,39.046,16.944,3.228,0.0,0.0,0.442,20.613
2026-06-12 10:00:00,Library Block,41.227,13.422,2.918,0.0,0.0,0.432,16.772
2026-06-12 11:00:00,Library Block,43.91,16.058,3.28,0.0,0.0,0.435,19.773
2026-06-12 12:00:00,Library Block,43.881,17.369,2.762,0.0,0.0,0.431,20.563
2026-06-12 13:00:00,Library Block,42.726,15.149,3.045,0.0,0.0,0.449,18.643
2026-06-12 14:00:00,Library Block,43.482,13.501,3.144,0.0,0.0,0.409,17.054
2026-06-12 15:00:00,Library Block,46.726,15.726,3.34,0.0,0.0,0.426,19.492
2026-06-12 16:00:00,Library Block,44.161,16.64,2.956,0.0,0.0,0.435,20.031
2026-06-12 17:00:00,Library Block,42.68,17.274,3.144,0.0,0.0,0.432,20.85
2026-06-12 18:00:00,Library Block,42.238,14.647,3.216,1.92,0.0,0.437,20.221
2026-06-12 19:00:00,Library Block,42.794,14.134,3.247,1.92,0.0,0.449,19.751
2026-06-12 20:00:00,Library Block,40.666,16.302,3.304,1.92,0.0,0.427,21.953
2026-06-12 21:00:00,Library Block,39.647,0.872,0.183,0.12,0.0,0.441,1.615
2026-06-12 22:00:00,Library Block,37.414,0.827,0.203,0.12,0.0,0.427,1.578
2026-06-12 23:00:00,Library Block,34.897,0.63,0.208,0.12,0.0,0.438,1.396
2026-06-13 00:00:00,Library Block,32.97,0.45,0.16,0.102,0.0,0.427,1.139
2026-06-13 01:00:00,Library Block,32.969,5.819,0.167,2.2,0.0,0.425,8.612
2026-06-13 02:00:00,Library Block,33.326,5.893,0.154,2.2,0.0,0.448,8.695
2026-06-13 03:00:00,Library Block,31.816,5.696,0.152,2.2,0.0,0.436,8.484
2026-06-13 04:00:00,Library Block,34.187,5.897,0.153,2.2,0.0,0.436,8.686
2026-06-13 05:00:00,Library Block,32.804,5.843,0.145,2.2,0.0,0.428,8.617
2026-06-13 06:00:00,Library Block,33.105,0.489,0.163,0.102,0.0,0.408,1.162
2026-06-13 07:00:00,Library Block,36.001,0.746,0.174,0.0,0.0,0.421,1.341
2026-06-13 08:00:00,Library Block,38.208,0.925,0.153,0.0,0.0,0.407,1.486
2026-06-13 09:00:00,Library Block,40.493,11.686,2.303,0.0,0.0,0.438,14.428
2026-06-13 10:00:00,Library Block,38.941,14.881,2.447,0.0,0.0,0.441,17.768
2026-06-13 11:00:00,Library Block,43.424,14.774,2.726,0.0,0.0,0.406,17.906
2026-06-13 12:00:00,Library Block,43.428,12.38,2.54,0.0,0.0,0.427,15.348
2026-06-13 13:00:00,Library Block,43.575,14.443,2.723,0.0,0.0,0.446,17.612
2026-06-13 14:00:00,Library Block,45.476,13.075,2.409,0.0,0.0,0.41,15.893
2026-06-13 15:00:00,Library Block,46.355,14.432,2.651,0.0,0.0,0.421,17.504
2026-06-13 16:00:00,Library Block,43.116,14.143,2.702,0.0,0.0,0.41,17.256
2026-06-13 17:00:00,Library Block,43.765,15.127,2.747,0.0,0.0,0.427,18.302
2026-06-13 18:00:00,Library Block,42.698,11.725,2.676,1.632,0.0,0.429,16.461
2026-06-13 19:00:00,Library Block,42.626,14.089,2.805,1.632,0.0,0.423,18.948
2026-06-13 20:00:00,Library Block,42.013,10.774,2.357,1.632,0.0,0.443,15.205
2026-06-13 21:00:00,Library Block,39.073,0.934,0.162,0.102,0.0,0.423,1.622
2026-06-13 22:00:00,Library Block,37.155,0.675,0.159,0.102,0.0,0.41,1.346
2026-06-13 23:00:00,Library Block,36.445,0.676,0.178,0.102,0.0,0.441,1.397
2026-06-14 00:00:00,Library Block,34.523,0.647,0.162,0.102,0.0,0.415,1.326
2026-06-14 01:00:00,Library Block,31.634,0.379,0.167,0.102,0.0,0.438,1.085
2026-06-14 02:00:00,Library Block,33.721,0.553,0.176,0.102,0.0,0.425,1.255
2026-06-14 03:00:00,Library Block,33.986,0.514,0.148,0.102,0.0,0.415,1.179
2026-06-14 04:00:00,Library Block,34.278,0.572,0.155,0.102,0.0,0.409,1.238
2026-06-14 05:00:00,Library Block,32.648,0.505,0.154,0.102,0.0,0.442,1.204
2026-06-14 06:00:00,Library Block,35.365,0.722,0.147,0.102,0.0,0.415,1.386
2026-06-14 07:00:00,Library Block,37.533,0.769,0.163,0.0,0.0,0.449,1.381
2026-06-14 08:00:00,Library Block,39.978,0.876,0.154,0.0,0.0,0.429,1.458
2026-06-14 09:00:00,Library Block,39.479,12.855,2.379,0.0,0.0,0.438,15.671
2026-06-14 10:00:00,Library Block,41.537,15.023,2.297,0.0,0.0,0.43,17.751
2026-06-14 11:00:00,Library Block,41.007,14.049,2.299,0.0,0.0,0.45,16.799
2026-06-14 12:00:00,Library Block,42.119,12.69,2.508,0.0,0.0,0.416,15.613
2026-06-14 13:00:00,Library Block,45.183,12.996,2.634,0.0,0.0,0.423,16.053
2026-06-14 14:00:00,Library Block,42.76,11.551,2.406,0.0,0.0,0.445,14.402
2026-06-14 15:00:00,Library Block,45.155,15.029,2.805,0.0,0.0,0.414,18.247
2026-06-14 16:00:00,Library Block,46.226,11.881,2.405,0.0,0.0,0.433,14.719
2026-06-14 17:00:00,Library Block,44.909,11.542,2.439,0.0,0.0,0.445,14.427
2026-06-14 18:00:00,Library Block,43.949,12.785,2.459,1.632,0.0,0.45,17.325
2026-06-14 19:00:00,Library Block,41.951,14.043,2.375,1.632,0.0,0.441,18.491
2026-06-14 20:00:00,Library Block,40.143,13.844,2.855,1.632,0.0,0.408,18.739
2026-06-14 21:00:00,Library Block,41.155,0.742,0.168,0.102,0.0,0.431,1.443
2026-06-14 22:00:00,Library Block,38.681,0.745,0.154,0.102,0.0,0.436,1.437
2026-06-14 23:00:00,Library Block,36.846,0.666,0.178,0.102,0.0,0.419,1.364
2026-06-15 00:00:00,Library Block,34.785,0.726,0.195,0.12,0.0,0.435,1.476
2026-06-15 01:00:00,Library Block,33.22,0.668,0.2,0.12,0.0,0.446,1.434
2026-06-15 02:00:00,Library Block,34.284,0.751,0.182,0.12,0.0,0.434,1.487
2026-06-15 03:00:00,Library Block,32.693,0.534,0.177,0.12,0.0,0.427,1.259
2026-06-15 04:00:00,Library Block,33.283,0.555,0.187,0.12,0.0,0.439,1.301
2026-06-15 05:00:00,Library Block,34.42,0.646,0.186,0.12,0.0,0.418,1.37
2026-06-15 06:00:00,Library Block,34.967,0.792,0.209,0.12,0.0,0.435,1.556
2026-06-15 07:00:00,Library Block,37.55,0.969,0.174,0.0,0.0,0.428,1.571
2026-06-15 08:00:00,Library Block,36.127,0.676,0.174,0.0,0.0,0.432,1.283
2026-06-15 09:00:00,Library Block,39.067,13.008,3.105,0.0,0.0,0.427,16.541
2026-06-15 10:00:00,Library Block,42.691,15.199,3.066,0.0,0.0,0.424,18.689
2026-06-15 11:00:00,Library Block,42.897,15.475,3.055,0.0,0.0,0.407,18.937
2026-06-15 12:00:00,Library Block,43.046,17.787,2.965,0.0,0.0,0.433,21.185
2026-06-15 13:00:00,Library Block,44.995,13.362,2.931,0.0,0.0,0.449,16.741
2026-06-15 14:00:00,Library Block,44.748,16.962,2.747,0.0,0.0,0.421,20.129
2026-06-15 15:00:00,Library Block,46.466,17.436,3.221,0.0,0.0,0.433,21.089
2026-06-15 16:00:00,Library Block,45.617,14.639,2.988,0.0,0.0,0.438,18.065
2026-06-15 17:00:00,Library Block,43.33,13.474,3.291,0.0,0.0,0.432,17.197
2026-06-15 18:00:00,Library Block,43.481,13.93,3.021,1.92,0.0,0.446,19.317
2026-06-15 19:00:00,Library Block,42.419,16.179,3.295,1.92,0.0,0.447,21.841
2026-06-15 20:00:00,Library Block,41.021,12.977,3.309,1.92,0.0,0.444,18.65
2026-06-15 21:00:00,Library Block,39.319,1.086,0.191,0.12,0.0,0.424,1.822
2026-06-15 22:00:00,Library Block,38.012,1.043,0.201,0.12,0.0,0.411,1.776
2026-06-15 23:00:00,Library Block,36.419,0.917,0.172,0.12,0.0,0.423,1.632
2026-06-16 00:00:00,Library Block,34.036,0.695,0.173,0.12,0.0,0.429,1.416
2026-06-16 01:00:00,Library Block,33.347,0.509,0.197,0.12,0.0,0.407,1.233
2026-06-16 02:00:00,Library Block,32.95,0.599,0.17,0.12,0.0,0.443,1.332
2026-06-16 03:00:00,Library Block,33.096,0.585,0.198,0.12,0.0,0.445,1.348
2026-06-16 04:00:00,Library Block,32.954,0.466,0.178,0.12,0.0,0.433,1.197
2026-06-16 05:00:00,Library Block,34.907,0.656,0.178,0.12,0.0,0.431,1.385
2026-06-16 06:00:00,Library Block,33.797,0.604,0.183,0.12,0.0,0.422,1.33
2026-06-16 07:00:00,Library Block,34.265,0.669,0.207,0.0,0.0,0.449,1.324
2026-06-16 08:00:00,Library Block,39.414,0.848,0.198,0.0,0.0,0.425,1.471
2026-06-16 09:00:00,Library Block,38.182,15.447,3.193,0.0,0.0,0.414,19.054
2026-06-16 10:00:00,Library Block,41.653,17.771,3.214,0.0,0.0,0.448,21.433
2026-06-16 11:00:00,Library Block,42.609,14.515,3.247,0.0,0.0,0.443,18.204
2026-06-16 12:00:00,Library Block,42.46,13.418,2.802,0.0,0.0,0.42,16.64
2026-06-16 13:00:00,Library Block,44.063,15.131,3.321,0.0,0.0,0.43,18.882
2026-06-16 14:00:00,Library Block,44.514,15.033,2.955,0.0,0.0,0.431,18.419
2026-06-16 15:00:00,Library Block,45.356,17.553,3.065,0.0,0.0,0.444,21.063
2026-06-16 16:00:00,Library Block,44.028,15.097,3.232,0.0,0.0,0.43,18.759
2026-06-16 17:00:00,Library Block,44.02,13.914,3.261,0.0,0.0,0.424,17.599
2026-06-16 18:00:00,Library Block,43.205,13.812,3.028,1.92,0.0,0.432,19.192
2026-06-16 19:00:00,Library Block,43.102,12.787,3.054,1.92,0.0,0.449,18.209
2026-06-16 20:00:00,Library Block,40.142,16.604,2.963,1.92,0.0,0.407,21.894
2026-06-16 21:00:00,Library Block,38.024,0.878,0.17,0.12,0.0,0.434,1.602
2026-06-16 22:00:00,Library Block,36.902,0.957,0.195,0.12,0.0,0.409,1.681
2026-06-16 23:00:00,Library Block,36.367,0.841,0.196,0.12,0.0,0.417,1.574
2026-06-17 00:00:00,Library Block,32.986,0.598,0.188,0.12,0.0,0.436,1.342
2026-06-17 01:00:00,Library Block,35.001,0.642,0.17,0.12,0.0,0.437,1.369
2026-06-17 02:00:00,Library Block,33.224,0.506,0.192,0.12,0.0,0.443,1.26
2026-06-17 03:00:00,Library Block,33.433,0.575,0.172,0.12,0.0,0.429,1.297
2026-06-17 04:00:00,Library Block,33.424,0.562,0.187,0.12,0.0,0.441,1.31
2026-06-17 05:00:00,Library Block,33.136,0.57,0.202,0.12,0.0,0.428,1.319
2026-06-17 06:00:00,Library Block,33.675,0.665,0.178,0.12,0.0,0.414,1.377
2026-06-17 07:00:00,Library Block,35.3,0.848,0.207,0.0,0.0,0.425,1.48
2026-06-17 08:00:00,Library Block,35.941,0.819,0.198,0.0,0.0,0.413,1.429
2026-06-17 09:00:00,Library Block,39.348,13.82,2.861,0.0,0.0,0.43,17.11
2026-06-17 10:00:00,Library Block,40.39,14.195,2.842,0.0,0.0,0.428,17.466
2026-06-17 11:00:00,Library Block,40.466,17.491,2.738,0.0,0.0,0.417,20.645
2026-06-17 12:00:00,Library Block,42.626,13.732,3.275,0.0,0.0,0.427,17.434
2026-06-17 13:00:00,Library Block,44.848,13.113,2.73,0.0,0.0,0.432,16.275
2026-06-17 14:00:00,Library Block,46.089,17.574,3.109,0.0,0.0,0.425,21.108
2026-06-17 15:00:00,Library Block,43.716,12.744,3.193,0.0,0.0,0.415,16.352
2026-06-17 16:00:00,Library Block,46.957,16.644,2.859,0.0,0.0,0.448,19.951
2026-06-17 17:00:00,Library Block,43.237,13.386,2.944,0.0,0.0,0.441,16.771
2026-06-17 18:00:00,Library Block,41.538,16.198,2.885,1.92,0.0,0.415,21.418
2026-06-17 19:00:00,Library Block,43.757,13.607,3.227,1.92,0.0,0.426,19.18
2026-06-17 20:00:00,Library Block,39.512,17.445,3.357,1.92,0.0,0.422,23.144
2026-06-17 21:00:00,Library Block,40.524,0.804,0.209,0.12,0.0,0.45,1.583
2026-06-17 22:00:00,Library Block,36.782,0.8,0.171,0.12,0.0,0.437,1.528
2026-06-17 23:00:00,Library Block,35.707,0.851,0.196,0.12,0.0,0.434,1.601
2026-06-18 00:00:00,Library Block,33.452,0.608,0.193,0.12,0.0,0.412,1.332
2026-06-18 01:00:00,Library Block,35.081,0.704,0.207,0.12,0.0,0.414,1.444
2026-06-18 02:00:00,Library Block,34.345,0.65,0.192,0.12,0.0,0.447,1.409
2026-06-18 03:00:00,Library Block,32.34,0.506,0.187,0.12,0.0,0.425,1.238
2026-06-18 04:00:00,Library Block,33.13,0.667,0.187,0.12,0.0,0.406,1.38
2026-06-18 05:00:00,Library Block,34.466,0.716,0.204,0.12,0.0,0.427,1.467
2026-06-18 06:00:00,Library Block,34.286,0.657,0.196,0.12,0.0,0.433,1.406
2026-06-18 07:00:00,Library Block,37.364,0.849,0.171,0.0,0.0,0.418,1.438
2026-06-18 08:00:00,Library Block,37.341,0.905,0.207,0.0,0.0,0.424,1.536
2026-06-18 09:00:00,Library Block,38.481,17.582,3.144,0.0,0.0,0.417,21.144
2026-06-18 10:00:00,Library Block,38.97,13.782,2.792,0.0,0.0,0.425,17.0
2026-06-18 11:00:00,Library Block,40.706,14.466,3.003,0.0,0.0,0.449,17.918
2026-06-18 12:00:00,Library Block,43.831,12.951,2.856,0.0,0.0,0.426,16.233
2026-06-18 13:00:00,Library Block,44.432,15.998,3.085,0.0,0.0,0.441,19.525
2026-06-18 14:00:00,Library Block,45.611,16.742,3.062,0.0,0.0,0.411,20.214
2026-06-18 15:00:00,Library Block,44.437,16.013,3.34,0.0,0.0,0.441,19.794
2026-06-18 16:00:00,Library Block,43.154,16.984,2.725,0.0,0.0,0.428,20.137
2026-06-18 17:00:00,Library Block,43.7,16.762,2.991,0.0,0.0,0.421,20.174
2026-06-18 18:00:00,Library Block,45.281,17.851,2.811,1.92,0.0,0.431,23.013
2026-06-18 19:00:00,Library Block,41.035,15.043,2.703,1.92,0.0,0.421,20.087
2026-06-18 20:00:00,Library Block,40.516,13.054,3.211,1.92,0.0,0.441,18.626
2026-06-18 21:00:00,Library Block,36.586,0.854,0.2,0.12,0.0,0.441,1.614
2026-06-18 22:00:00,Library Block,36.927,0.954,0.207,0.12,0.0,0.415,1.697
2026-06-18 23:00:00,Library Block,35.586,0.739,0.193,0.12,0.0,0.424,1.476
2026-06-19 00:00:00,Library Block,35.089,0.711,0.179,0.12,0.0,0.411,1.421
2026-06-19 01:00:00,Library Block,33.486,0.647,0.183,0.12,0.0,0.405,1.355
2026-06-19 02:00:00,Library Block,31.686,0.376,0.193,0.12,0.0,0.418,1.108
2026-06-19 03:00:00,Library Block,32.336,0.533,0.194,0.12,0.0,0.43,1.278
2026-06-19 04:00:00,Library Block,33.0,0.599,0.17,0.12,0.0,0.439,1.328
2026-06-19 05:00:00,Library Block,32.808,0.633,0.206,0.12,0.0,0.448,1.407
2026-06-19 06:00:00,Library Block,33.906,0.681,0.207,0.12,0.0,0.424,1.432
2026-06-19 07:00:00,Library Block,37.005,0.763,0.202,0.0,0.0,0.405,1.369
2026-06-19 08:00:00,Library Block,36.822,0.862,0.178,0.0,0.0,0.434,1.475
2026-06-19 09:00:00,Library Block,39.44,14.792,2.922,0.0,0.0,0.414,18.128
2026-06-19 10:00:00,Library Block,40.376,14.765,3.16,0.0,0.0,0.431,18.356
2026-06-19 11:00:00,Library Block,40.77,16.839,2.893,0.0,0.0,0.425,20.158
2026-06-19 12:00:00,Library Block,42.91,15.738,2.949,0.0,0.0,0.418,19.104
2026-06-19 13:00:00,Library Block,44.487,16.547,3.137,0.0,0.0,0.418,20.102
2026-06-19 14:00:00,Library Block,46.532,16.627,2.711,0.0,0.0,0.42,19.759
2026-06-19 15:00:00,Library Block,44.228,16.317,2.781,0.0,0.0,0.413,19.511
2026-06-19 16:00:00,Library Block,44.71,16.692,2.712,0.0,0.0,0.437,19.841
2026-06-19 17:00:00,Library Block,45.105,13.78,2.867,0.0,0.0,0.423,17.07
2026-06-19 18:00:00,Library Block,44.503,13.133,3.011,1.92,0.0,0.437,18.502
2026-06-19 19:00:00,Library Block,41.351,13.471,3.255,1.92,0.0,0.431,19.077
2026-06-19 20:00:00,Library Block,40.397,16.967,2.808,1.92,0.0,0.415,22.111
2026-06-19 21:00:00,Library Block,40.113,1.11,0.183,0.12,0.0,0.419,1.833
2026-06-19 22:00:00,Library Block,37.959,1.1,0.168,0.12,0.0,0.447,1.835
2026-06-19 23:00:00,Library Block,37.033,0.728,0.187,0.12,0.0,0.424,1.459
2026-06-20 00:00:00,Library Block,35.929,0.79,0.144,0.102,0.0,0.41,1.446
2026-06-20 01:00:00,Library Block,34.358,0.643,0.154,0.102,0.0,0.434,1.334
2026-06-20 02:00:00,Library Block,33.348,0.445,0.172,0.102,0.0,0.42,1.14
2026-06-20 03:00:00,Library Block,32.329,0.437,0.176,0.102,0.0,0.426,1.142
2026-06-20 04:00:00,Library Block,32.96,0.552,0.156,0.102,0.0,0.414,1.224
2026-06-20 05:00:00,Library Block,33.626,0.511,0.153,0.102,0.0,0.406,1.172
2026-06-20 06:00:00,Library Block,35.956,0.782,0.17,0.102,0.0,0.431,1.486
2026-06-20 07:00:00,Library Block,36.176,0.7,0.168,0.0,0.0,0.425,1.292
2026-06-20 08:00:00,Library Block,37.633,0.745,0.156,0.0,0.0,0.423,1.324
2026-06-20 09:00:00,Library Block,38.006,11.447,2.802,0.0,0.0,0.447,14.695
2026-06-20 10:00:00,Library Block,41.757,11.188,2.544,0.0,0.0,0.417,14.148
2026-06-20 11:00:00,Library Block,41.233,13.954,2.819,0.0,0.0,0.431,17.204
2026-06-20 12:00:00,Library Block,42.958,12.214,2.79,0.0,0.0,0.442,15.445
2026-06-20 13:00:00,Library Block,45.506,12.581,2.827,0.0,0.0,0.425,15.834
2026-06-20 14:00:00,Library Block,45.682,15.012,2.347,0.0,0.0,0.439,17.798
2026-06-20 15:00:00,Library Block,44.15,11.627,2.437,0.0,0.0,0.43,14.495
2026-06-20 16:00:00,Library Block,43.717,12.423,2.497,0.0,0.0,0.421,15.341
2026-06-20 17:00:00,Library Block,43.992,14.885,2.709,0.0,0.0,0.446,18.04
2026-06-20 18:00:00,Library Block,42.666,15.027,2.453,1.632,0.0,0.422,19.534
2026-06-20 19:00:00,Library Block,40.533,14.395,2.403,1.632,0.0,0.426,18.855
2026-06-20 20:00:00,Library Block,39.8,12.469,2.481,1.632,0.0,0.434,17.016
2026-06-20 21:00:00,Library Block,36.252,0.603,0.154,0.102,0.0,0.432,1.29
2026-06-20 22:00:00,Library Block,38.351,0.896,0.172,0.102,0.0,0.428,1.598
2026-06-20 23:00:00,Library Block,36.841,0.822,0.178,0.102,0.0,0.436,1.538
2026-06-21 00:00:00,Library Block,36.167,0.741,0.154,0.102,0.0,0.436,1.433
2026-06-21 01:00:00,Library Block,34.157,0.521,0.145,0.102,0.0,0.429,1.196
2026-06-21 02:00:00,Library Block,32.756,0.482,0.169,0.102,0.0,0.428,1.181
2026-06-21 03:00:00,Library Block,34.023,0.582,0.16,0.102,0.0,0.412,1.257
2026-06-21 04:00:00,Library Block,32.503,0.501,0.158,0.102,0.0,0.437,1.198
2026-06-21 05:00:00,Library Block,32.477,0.383,0.155,0.102,0.0,0.45,1.09
2026-06-21 06:00:00,Library Block,34.61,0.535,0.16,0.102,0.0,0.418,1.214
2026-06-21 07:00:00,Library Block,36.411,0.681,0.148,0.0,0.0,0.414,1.243
2026-06-21 08:00:00,Library Block,36.635,0.8,0.165,0.0,0.0,0.447,1.412
2026-06-21 09:00:00,Library Block,37.952,14.753,2.816,0.0,0.0,0.423,17.993
2026-06-21 10:00:00,Library Block,40.136,11.988,2.81,0.0,0.0,0.436,15.234
2026-06-21 11:00:00,Library Block,42.412,13.024,2.706,0.0,0.0,0.426,16.157
2026-06-21 12:00:00,Library Block,43.097,13.499,2.507,0.0,0.0,0.43,16.437
2026-06-21 13:00:00,Library Block,46.833,11.469,2.811,0.0,0.0,0.42,14.701
2026-06-21 14:00:00,Library Block,44.659,14.347,2.662,0.0,0.0,0.44,17.448
2026-06-21 15:00:00,Library Block,45.751,12.871,2.573,0.0,0.0,0.428,15.872
2026-06-21 16:00:00,Library Block,43.347,14.817,2.447,0.0,0.0,0.427,17.69
2026-06-21 17:00:00,Library Block,44.783,13.227,2.716,0.0,0.0,0.43,16.373
2026-06-21 18:00:00,Library Block,42.78,14.534,2.74,1.632,0.0,0.447,19.353
2026-06-21 19:00:00,Library Block,41.991,10.935,2.604,1.632,0.0,0.442,15.613
2026-06-21 20:00:00,Library Block,42.24,12.724,2.448,1.632,0.0,0.408,17.212
2026-06-21 21:00:00,Library Block,38.628,0.79,0.157,0.102,0.0,0.421,1.469
2026-06-21 22:00:00,Library Block,36.139,0.613,0.165,0.102,0.0,0.412,1.292
2026-06-21 23:00:00,Library Block,34.848,0.612,0.151,0.102,0.0,0.446,1.311
2026-06-22 00:00:00,Library Block,34.93,0.775,0.188,0.12,0.0,0.416,1.498
2026-06-22 01:00:00,Library Block,33.923,0.63,0.17,0.12,0.0,0.439,1.359
2026-06-22 02:00:00,Library Block,33.282,0.648,0.202,0.12,0.0,0.433,1.403
2026-06-22 03:00:00,Library Block,31.714,0.422,0.184,0.12,0.0,0.44,1.166
2026-06-22 04:00:00,Library Block,35.231,0.683,0.187,0.12,0.0,0.435,1.425
2026-06-22 05:00:00,Library Block,35.268,0.652,0.205,0.12,0.0,0.418,1.395
2026-06-22 06:00:00,Library Block,34.888,0.779,0.185,0.12,0.0,0.427,1.511
2026-06-22 07:00:00,Library Block,34.479,0.592,0.188,0.0,0.0,0.413,1.192
2026-06-22 08:00:00,Library Block,39.032,0.838,0.18,0.0,0.0,0.415,1.434
2026-06-22 09:00:00,Library Block,40.137,12.638,3.23,0.0,0.0,0.411,16.279
2026-06-22 10:00:00,Library Block,40.656,14.697,2.981,0.0,0.0,0.444,18.122
2026-06-22 11:00:00,Library Block,43.199,14.959,3.012,0.0,0.0,0.418,18.389
2026-06-22 12:00:00,Library Block,42.748,15.036,3.019,0.0,0.0,0.411,18.466
2026-06-22 13:00:00,Library Block,43.236,16.737,3.143,0.0,0.0,0.416,20.296
2026-06-22 14:00:00,Library Block,44.953,14.839,3.052,0.0,0.0,0.417,18.308
2026-06-22 15:00:00,Library Block,43.447,12.623,2.98,0.0,0.0,0.411,16.014
2026-06-22 16:00:00,Library Block,43.685,15.891,3.128,0.0,0.0,0.436,19.455
2026-06-22 17:00:00,Library Block,44.74,13.525,3.116,0.0,0.0,0.435,17.076
2026-06-22 18:00:00,Library Block,43.483,12.735,3.165,1.92,0.0,0.432,18.252
2026-06-22 19:00:00,Library Block,40.618,16.798,3.004,1.92,0.0,0.444,22.166
2026-06-22 20:00:00,Library Block,40.144,13.928,3.347,1.92,0.0,0.407,19.602
2026-06-22 21:00:00,Library Block,37.662,1.013,0.192,0.12,0.0,0.432,1.758
2026-06-22 22:00:00,Library Block,36.959,0.917,0.202,0.12,0.0,0.431,1.67
2026-06-22 23:00:00,Library Block,35.402,0.851,0.188,0.12,0.0,0.437,1.595
2026-06-23 00:00:00,Library Block,35.75,0.738,0.182,0.12,0.0,0.42,1.46
2026-06-23 01:00:00,Library Block,33.647,6.394,0.19,2.942,0.0,0.424,9.95
2026-06-23 02:00:00,Library Block,32.961,6.32,0.192,2.942,0.0,0.42,9.875
2026-06-23 03:00:00,Library Block,32.608,6.331,0.181,2.942,0.0,0.423,9.877
2026-06-23 04:00:00,Library Block,31.484,6.163,0.2,2.942,0.0,0.434,9.738
2026-06-23 05:00:00,Library Block,33.705,6.388,0.186,2.942,0.0,0.417,9.932
2026-06-23 06:00:00,Library Block,35.24,0.747,0.196,0.12,0.0,0.444,1.507
2026-06-23 07:00:00,Library Block,36.232,0.684,0.18,0.0,0.0,0.45,1.314
2026-06-23 08:00:00,Library Block,38.14,0.799,0.188,0.0,0.0,0.424,1.411
2026-06-23 09:00:00,Library Block,39.741,17.476,2.925,0.0,0.0,0.45,20.851
2026-06-23 10:00:00,Library Block,42.751,16.06,2.969,0.0,0.0,0.427,19.456
2026-06-23 11:00:00,Library Block,40.871,15.911,3.142,0.0,0.0,0.406,19.459
2026-06-23 12:00:00,Library Block,43.477,16.613,2.793,0.0,0.0,0.446,19.852
2026-06-23 13:00:00,Library Block,44.543,12.685,2.853,0.0,0.0,0.42,15.958
2026-06-23 14:00:00,Library Block,44.476,13.853,2.93,0.0,0.0,0.408,17.191
2026-06-23 15:00:00,Library Block,44.368,16.111,2.872,0.0,0.0,0.413,19.396
2026-06-23 16:00:00,Library Block,45.294,16.479,2.805,0.0,0.0,0.438,19.722
2026-06-23 17:00:00,Library Block,44.599,16.0,3.237,0.0,0.0,0.415,19.652
2026-06-23 18:00:00,Library Block,42.19,14.819,2.797,1.92,0.0,0.438,19.975
2026-06-23 19:00:00,Library Block,40.202,15.78,3.119,1.92,0.0,0.442,21.262
2026-06-23 20:00:00,Library Block,40.061,16.379,2.991,1.92,0.0,0.446,21.737
2026-06-23 21:00:00,Library Block,38.327,0.925,0.175,0.12,0.0,0.446,1.665
2026-06-23 22:00:00,Library Block,38.05,0.978,0.18,0.12,0.0,0.413,1.691
2026-06-23 23:00:00,Library Block,35.076,0.616,0.173,0.12,0.0,0.43,1.339
2026-06-24 00:00:00,Library Block,34.58,0.604,0.172,0.12,0.0,0.445,1.341
2026-06-24 01:00:00,Library Block,32.097,0.533,0.183,0.12,0.0,0.416,1.252
2026-06-24 02:00:00,Library Block,31.653,0.431,0.2,0.12,0.0,0.45,1.201
2026-06-24 03:00:00,Library Block,32.231,0.545,0.185,0.12,0.0,0.438,1.288
2026-06-24 04:00:00,Library Block,32.954,0.588,0.192,0.12,0.0,0.447,1.347
2026-06-24 05:00:00,Library Block,32.984,0.53,0.173,0.12,0.0,0.419,1.242
2026-06-24 06:00:00,Library Block,34.9,0.777,0.205,0.12,0.0,0.414,1.516
2026-06-24 07:00:00,Library Block,34.299,0.574,0.182,0.0,0.0,0.448,1.204
2026-06-24 08:00:00,Library Block,37.232,0.788,0.176,0.0,0.0,0.418,1.381
2026-06-24 09:00:00,Library Block,38.797,14.809,2.926,0.0,0.0,0.446,18.181
2026-06-24 10:00:00,Library Block,39.105,16.141,3.34,0.0,0.0,0.413,19.894
2026-06-24 11:00:00,Library Block,42.228,14.208,3.111,0.0,0.0,0.421,17.74
2026-06-24 12:00:00,Library Block,41.074,14.345,2.769,0.0,0.0,0.433,17.548
2026-06-24 13:00:00,Library Block,43.511,17.253,2.797,0.0,0.0,0.446,20.496
2026-06-24 14:00:00,Library Block,45.583,17.459,3.201,0.0,0.0,0.426,21.086
2026-06-24 15:00:00,Library Block,42.775,17.528,3.256,0.0,0.0,0.432,21.216
2026-06-24 16:00:00,Library Block,45.467,12.719,2.743,0.0,0.0,0.42,15.882
2026-06-24 17:00:00,Library Block,43.03,16.911,2.885,0.0,0.0,0.414,20.211
2026-06-24 18:00:00,Library Block,42.652,16.714,2.72,1.92,0.0,0.438,21.792
2026-06-24 19:00:00,Library Block,43.407,13.994,2.772,1.92,0.0,0.438,19.124
2026-06-24 20:00:00,Library Block,39.926,13.824,2.781,1.92,0.0,0.444,18.968
2026-06-24 21:00:00,Library Block,40.614,0.799,0.186,0.12,0.0,0.412,1.517
2026-06-24 22:00:00,Library Block,37.142,0.989,0.169,0.12,0.0,0.408,1.685
2026-06-24 23:00:00,Library Block,35.915,0.82,0.198,0.12,0.0,0.433,1.571
2026-06-25 00:00:00,Library Block,35.6,0.634,0.185,0.12,0.0,0.427,1.366
2026-06-25 01:00:00,Library Block,34.348,0.601,0.185,0.12,0.0,0.433,1.339
2026-06-25 02:00:00,Library Block,33.359,0.655,0.208,0.12,0.0,0.416,1.399
2026-06-25 03:00:00,Library Block,32.537,0.54,0.182,0.12,0.0,0.442,1.284
2026-06-25 04:00:00,Library Block,31.654,0.507,0.17,0.12,0.0,0.425,1.222
2026-06-25 05:00:00,Library Block,32.302,0.44,0.185,0.12,0.0,0.435,1.18
2026-06-25 06:00:00,Library Block,36.071,0.931,0.188,0.12,0.0,0.414,1.652
2026-06-25 07:00:00,Library Block,37.699,0.836,0.188,0.0,0.0,0.407,1.431
2026-06-25 08:00:00,Library Block,37.577,0.859,0.187,0.0,0.0,0.421,1.467
2026-06-25 09:00:00,Library Block,37.226,16.466,2.913,0.0,0.0,0.424,19.803
2026-06-25 10:00:00,Library Block,39.781,14.29,3.055,0.0,0.0,0.424,17.769
2026-06-25 11:00:00,Library Block,41.178,15.814,3.273,0.0,0.0,0.416,19.503
2026-06-25 12:00:00,Library Block,42.687,14.458,2.929,0.0,0.0,0.426,17.813
2026-06-25 13:00:00,Library Block,43.311,16.594,3.048,0.0,0.0,0.428,20.07
2026-06-25 14:00:00,Library Block,45.316,14.281,3.258,0.0,0.0,0.418,17.957
2026-06-25 15:00:00,Library Block,45.247,14.983,2.956,0.0,0.0,0.42,18.359
2026-06-25 16:00:00,Library Block,46.376,13.052,2.78,0.0,0.0,0.43,16.262
2026-06-25 17:00:00,Library Block,43.807,17.573,2.979,0.0,0.0,0.407,20.959
2026-06-25 18:00:00,Library Block,43.443,17.493,3.027,1.92,0.0,0.407,22.847
2026-06-25 19:00:00,Library Block,42.741,16.943,3.272,1.92,0.0,0.424,22.559
2026-06-25 20:00:00,Library Block,41.575,17.315,3.261,1.92,0.0,0.408,22.904
2026-06-25 21:00:00,Library Block,37.765,0.972,0.2,0.12,0.0,0.439,1.73
2026-06-25 22:00:00,Library Block,37.852,0.806,0.184,0.12,0.0,0.431,1.542
2026-06-25 23:00:00,Library Block,36.147,0.686,0.18,0.12,0.0,0.406,1.392
2026-06-26 00:00:00,Library Block,35.06,0.795,0.187,0.12,0.0,0.42,1.521
2026-06-26 01:00:00,Library Block,33.863,0.63,0.181,0.12,0.0,0.409,1.341
2026-06-26 02:00:00,Library Block,34.917,0.655,0.209,0.12,0.0,0.446,1.43
2026-06-26 03:00:00,Library Block,32.109,0.407,0.172,0.12,0.0,0.419,1.118
2026-06-26 04:00:00,Library Block,32.254,0.584,0.189,0.12,0.0,0.422,1.315
2026-06-26 05:00:00,Library Block,32.983,0.477,0.184,0.12,0.0,0.44,1.222
2026-06-26 06:00:00,Library Block,34.467,0.642,0.2,0.12,0.0,0.415,1.378
2026-06-26 07:00:00,Library Block,36.293,0.872,0.193,0.0,0.0,0.414,1.48
2026-06-26 08:00:00,Library Block,36.991,0.914,0.171,0.0,0.0,0.441,1.526
2026-06-26 09:00:00,Library Block,40.006,13.282,3.14,0.0,0.0,0.429,16.852
2026-06-26 10:00:00,Library Block,40.549,15.95,3.019,0.0,0.0,0.417,19.386
2026-06-26 11:00:00,Library Block,41.904,14.417,3.102,0.0,0.0,0.412,17.931
2026-06-26 12:00:00,Library Block,41.912,13.521,2.75,0.0,0.0,0.441,16.711
2026-06-26 13:00:00,Library Block,46.017,15.932,3.031,0.0,0.0,0.414,19.377
2026-06-26 14:00:00,Library Block,44.748,17.462,3.043,0.0,0.0,0.427,20.933
2026-06-26 15:00:00,Library Block,46.637,16.658,2.786,0.0,0.0,0.414,19.858
2026-06-26 16:00:00,Library Block,44.173,13.477,3.101,0.0,0.0,0.422,17.0
2026-06-26 17:00:00,Library Block,45.027,13.54,3.299,0.0,0.0,0.409,17.248
2026-06-26 18:00:00,Library Block,42.68,15.134,2.705,1.92,0.0,0.405,20.165
2026-06-26 19:00:00,Library Block,43.819,12.714,2.858,1.92,0.0,0.431,17.923
2026-06-26 20:00:00,Library Block,41.674,12.712,2.909,1.92,0.0,0.431,17.972
2026-06-26 21:00:00,Library Block,39.85,0.873,0.191,0.12,0.0,0.414,1.597
2026-06-26 22:00:00,Library Block,36.722,0.736,0.199,0.12,0.0,0.414,1.469
2026-06-26 23:00:00,Library Block,37.907,0.964,0.196,0.12,0.0,0.44,1.72
2026-06-27 00:00:00,Library Block,36.795,0.613,0.159,0.102,0.0,0.425,1.3
2026-06-27 01:00:00,Library Block,33.424,0.457,0.177,0.102,0.0,0.432,1.169
2026-06-27 02:00:00,Library Block,33.366,0.421,0.155,0.102,0.0,0.418,1.096
2026-06-27 03:00:00,Library Block,33.927,0.543,0.171,0.102,0.0,0.431,1.247
2026-06-27 04:00:00,Library Block,31.232,0.336,0.172,0.102,0.0,0.424,1.034
2026-06-27 05:00:00,Library Block,34.95,0.517,0.146,0.102,0.0,0.417,1.183
2026-06-27 06:00:00,Library Block,35.781,0.628,0.144,0.102,0.0,0.43,1.305
2026-06-27 07:00:00,Library Block,35.437,0.527,0.178,0.0,0.0,0.408,1.113
2026-06-27 08:00:00,Library Block,35.255,0.699,0.156,0.0,0.0,0.411,1.265
2026-06-27 09:00:00,Library Block,39.333,12.38,2.667,0.0,0.0,0.425,15.471
2026-06-27 10:00:00,Library Block,39.419,13.766,2.302,0.0,0.0,0.419,16.487
2026-06-27 11:00:00,Library Block,40.412,13.963,2.721,0.0,0.0,0.441,17.126
2026-06-27 12:00:00,Library Block,43.613,13.257,2.486,0.0,0.0,0.414,16.157
2026-06-27 13:00:00,Library Block,45.514,13.413,2.617,0.0,0.0,0.411,16.441
2026-06-27 14:00:00,Library Block,44.577,12.677,2.312,0.0,0.0,0.408,15.398
2026-06-27 15:00:00,Library Block,46.185,12.58,2.346,0.0,0.0,0.442,15.368
2026-06-27 16:00:00,Library Block,45.46,12.114,2.755,0.0,0.0,0.444,15.313
2026-06-27 17:00:00,Library Block,42.823,11.037,2.601,0.0,0.0,0.446,14.084
2026-06-27 18:00:00,Library Block,42.689,12.314,2.729,1.632,0.0,0.445,17.12
2026-06-27 19:00:00,Library Block,43.079,12.833,2.377,1.632,0.0,0.444,17.286
2026-06-27 20:00:00,Library Block,39.991,11.324,2.472,1.632,0.0,0.449,15.877
2026-06-27 21:00:00,Library Block,39.819,0.93,0.173,0.102,0.0,0.423,1.628
2026-06-27 22:00:00,Library Block,37.037,0.618,0.164,0.102,0.0,0.435,1.318
2026-06-27 23:00:00,Library Block,36.721,0.655,0.167,0.102,0.0,0.407,1.331
2026-06-28 00:00:00,Library Block,35.186,0.662,0.15,0.102,0.0,0.444,1.358
2026-06-28 01:00:00,Library Block,33.556,0.57,0.163,0.102,0.0,0.412,1.246
2026-06-28 02:00:00,Library Block,33.898,0.53,0.169,0.102,0.0,0.436,1.237
2026-06-28 03:00:00,Library Block,30.84,0.338,0.149,0.102,0.0,0.42,1.009
2026-06-28 04:00:00,Library Block,32.119,0.381,0.153,0.102,0.0,0.431,1.068
2026-06-28 05:00:00,Library Block,33.34,0.577,0.143,0.102,0.0,0.441,1.263
2026-06-28 06:00:00,Library Block,35.93,0.707,0.177,0.102,0.0,0.428,1.414
2026-06-28 07:00:00,Library Block,34.554,0.504,0.175,0.0,0.0,0.448,1.127
2026-06-28 08:00:00,Library Block,37.412,0.838,0.146,0.0,0.0,0.419,1.403
2026-06-28 09:00:00,Library Block,39.317,11.296,2.76,0.0,0.0,0.43,14.487
2026-06-28 10:00:00,Library Block,40.8,12.561,2.597,0.0,0.0,0.444,15.602
2026-06-28 11:00:00,Library Block,41.901,12.965,2.836,0.0,0.0,0.43,16.23
2026-06-28 12:00:00,Library Block,42.622,14.026,2.576,0.0,0.0,0.429,17.031
2026-06-28 13:00:00,Library Block,43.949,15.283,2.403,0.0,0.0,0.422,18.108
2026-06-28 14:00:00,Library Block,45.77,12.415,2.774,0.0,0.0,0.44,15.629
2026-06-28 15:00:00,Library Block,44.312,13.812,2.821,0.0,0.0,0.421,17.053
2026-06-28 16:00:00,Library Block,42.636,13.796,2.588,0.0,0.0,0.416,16.8
2026-06-28 17:00:00,Library Block,44.662,11.555,2.518,0.0,0.0,0.411,14.484
2026-06-28 18:00:00,Library Block,44.738,13.661,2.728,1.632,0.0,0.424,18.444
2026-06-28 19:00:00,Library Block,40.949,14.747,2.333,1.632,0.0,0.418,19.129
2026-06-28 20:00:00,Library Block,41.914,13.261,2.766,1.632,0.0,0.45,18.109
2026-06-28 21:00:00,Library Block,39.521,0.807,0.174,0.102,0.0,0.432,1.515
2026-06-28 22:00:00,Library Block,36.291,0.733,0.153,0.102,0.0,0.45,1.438
2026-06-28 23:00:00,Library Block,35.296,0.698,0.143,0.102,0.0,0.436,1.379
2026-06-29 00:00:00,Library Block,34.01,0.576,0.168,0.12,0.0,0.443,1.308
2026-06-29 01:00:00,Library Block,33.973,0.56,0.209,0.12,0.0,0.41,1.299
2026-06-29 02:00:00,Library Block,33.023,0.59,0.201,0.12,0.0,0.436,1.346
2026-06-29 03:00:00,Library Block,34.106,0.54,0.183,0.12,0.0,0.41,1.253
2026-06-29 04:00:00,Library Block,34.054,0.715,0.205,0.12,0.0,0.412,1.452
2026-06-29 05:00:00,Library Block,32.259,0.464,0.205,0.12,0.0,0.408,1.198
2026-06-29 06:00:00,Library Block,33.338,0.504,0.206,0.12,0.0,0.433,1.264
2026-06-29 07:00:00,Library Block,36.614,0.925,0.189,0.0,0.0,0.434,1.548
2026-06-29 08:00:00,Library Block,36.932,0.786,0.202,0.0,0.0,0.418,1.406
2026-06-29 09:00:00,Library Block,38.825,14.768,2.713,0.0,0.0,0.445,17.926
2026-06-29 10:00:00,Library Block,41.099,14.835,2.796,0.0,0.0,0.447,18.077
2026-06-29 11:00:00,Library Block,42.858,17.029,3.113,0.0,0.0,0.441,20.583
2026-06-29 12:00:00,Library Block,42.009,14.028,2.758,0.0,0.0,0.433,17.219
2026-06-29 13:00:00,Library Block,41.975,16.019,2.717,0.0,0.0,0.432,19.168
2026-06-29 14:00:00,Library Block,44.682,17.993,2.761,0.0,0.0,0.423,21.176
2026-06-29 15:00:00,Library Block,44.145,15.837,2.993,0.0,0.0,0.426,19.255
2026-06-29 16:00:00,Library Block,44.862,13.361,3.016,0.0,0.0,0.411,16.789
2026-06-29 17:00:00,Library Block,44.108,14.13,3.31,0.0,0.0,0.448,17.888
2026-06-29 18:00:00,Library Block,42.267,15.49,2.971,1.92,0.0,0.432,20.813
2026-06-29 19:00:00,Library Block,44.087,14.34,3.034,1.92,0.0,0.422,19.716
2026-06-29 20:00:00,Library Block,40.57,15.389,3.236,1.92,0.0,0.414,20.96
2026-06-29 21:00:00,Library Block,38.426,0.971,0.202,0.12,0.0,0.423,1.716
2026-06-29 22:00:00,Library Block,37.549,0.997,0.182,0.12,0.0,0.413,1.711
2026-06-29 23:00:00,Library Block,36.53,0.876,0.198,0.12,0.0,0.441,1.635
2026-06-30 00:00:00,Library Block,34.125,0.693,0.205,0.12,0.0,0.437,1.455
2026-06-30 01:00:00,Library Block,36.124,0.727,0.203,0.12,0.0,0.439,1.488
2026-06-30 02:00:00,Library Block,31.682,0.441,0.182,0.12,0.0,0.436,1.178
2026-06-30 03:00:00,Library Block,31.547,0.493,0.199,0.12,0.0,0.445,1.257
2026-06-30 04:00:00,Library Block,31.605,0.486,0.199,0.12,0.0,0.413,1.219
2026-06-30 05:00:00,Library Block,33.808,0.552,0.178,0.12,0.0,0.429,1.279
2026-06-30 06:00:00,Library Block,35.23,0.622,0.196,0.12,0.0,0.433,1.371
2026-06-30 07:00:00,Library Block,35.67,0.812,0.172,0.0,0.0,0.449,1.433
2026-06-30 08:00:00,Library Block,37.917,0.931,0.18,0.0,0.0,0.421,1.532
2026-06-30 09:00:00,Library Block,39.457,14.817,2.707,0.0,0.0,0.417,17.941
2026-06-30 10:00:00,Library Block,40.192,12.735,2.776,0.0,0.0,0.408,15.919
2026-06-30 11:00:00,Library Block,42.427,14.661,2.76,0.0,0.0,0.449,17.869
2026-06-30 12:00:00,Library Block,43.046,13.565,3.324,0.0,0.0,0.416,17.306
2026-06-30 13:00:00,Library Block,43.787,12.786,2.798,0.0,0.0,0.41,15.994
2026-06-30 14:00:00,Library Block,44.297,14.754,2.737,0.0,0.0,0.445,17.936
2026-06-30 15:00:00,Library Block,45.233,17.054,3.192,0.0,0.0,0.447,20.693
2026-06-30 16:00:00,Library Block,46.013,17.413,3.124,0.0,0.0,0.429,20.967
2026-06-30 17:00:00,Library Block,42.991,13.886,3.115,0.0,0.0,0.417,17.419
2026-06-30 18:00:00,Library Block,42.762,14.085,3.287,1.92,0.0,0.427,19.719
2026-06-30 19:00:00,Library Block,42.163,13.132,3.136,1.92,0.0,0.41,18.598
2026-06-30 20:00:00,Library Block,42.31,17.51,3.137,1.92,0.0,0.411,22.978
2026-06-30 21:00:00,Library Block,39.432,0.81,0.187,0.12,0.0,0.427,1.543
2026-06-30 22:00:00,Library Block,36.634,0.978,0.192,0.12,0.0,0.443,1.733
2026-06-30 23:00:00,Library Block,35.076,0.759,0.2,0.12,0.0,0.411,1.491
